"EventID","EventType","StartDateTime","EndDateTime","EnteredOn","EventAgency","ParkingHeld","Borough","CommunityBoard(s)","PolicePrecinct(s)","Category","SubCategoryName","Country","ZipCode(s)"
"958821","Shooting Permit","07/02/2026 07:00:00 AM","07/02/2026 08:00:00 PM","06/29/2026 11:32:37 AM","Mayor's Office of Media & Entertainment","79 STREET between 4 AVENUE and 3 AVENUE","Brooklyn","10,","68,","Film","Feature","United States of America","11209,"
"958631","Shooting Permit","07/02/2026 09:30:00 AM","07/03/2026 02:00:00 AM","06/28/2026 08:52:16 AM","Mayor's Office of Media & Entertainment","30 STREET between 36 AVENUE and 37 AVENUE,  39 PLACE between 48 AVENUE and 47 AVENUE,  48 AVENUE between 39 STREET and 39 PLACE","Queens","1, 2,","108, 114,","Film","Feature","United States of America","11104, 11106,"
"958480","Shooting Permit","06/30/2026 08:00:00 AM","07/01/2026 03:00:00 AM","06/26/2026 05:17:28 PM","Mayor's Office of Media & Entertainment","CHURCH AVENUE between MARLBOROUGH ROAD and EAST   17 STREET,  EAST   17 STREET between CATON AVENUE and CHURCH AVENUE,  MARLBOROUGH ROAD between CHURCH AVENUE and BEVERLEY ROAD,  BUCKINGHAM ROAD between CHURCH AVENUE and ALBEMARLE ROAD,  ALBEMARLE ROAD between BUCKINGHAM ROAD and MARLBOROUGH ROAD","Brooklyn","14,","70,","Film","Feature","United States of America","11226,"
"958346","Rigging Permit","07/02/2026 06:00:00 AM","07/02/2026 08:00:00 PM","06/26/2026 01:07:33 PM","Mayor's Office of Media & Entertainment","REVIEW AVENUE between 29 STREET and 35 STREET","Queens","2,","108,","Film","Feature","United States of America","11101,"
"958345","Rigging Permit","06/30/2026 06:00:00 AM","06/30/2026 08:00:00 PM","06/26/2026 01:07:30 PM","Mayor's Office of Media & Entertainment","REVIEW AVENUE between 29 STREET and 35 STREET","Queens","2,","108,","Film","Feature","United States of America","11101,"
"958344","Rigging Permit","06/29/2026 06:00:00 AM","06/29/2026 08:00:00 PM","06/26/2026 01:07:27 PM","Mayor's Office of Media & Entertainment","REVIEW AVENUE between 29 STREET and 35 STREET","Queens","2,","108,","Film","Feature","United States of America","11101,"
"958343","Rigging Permit","06/28/2026 06:00:00 AM","06/28/2026 08:00:00 PM","06/26/2026 01:06:34 PM","Mayor's Office of Media & Entertainment","REVIEW AVENUE between 29 STREET and 35 STREET","Queens","2,","108,","Film","Feature","United States of America","11101,"
"958207","Shooting Permit","06/28/2026 08:00:00 AM","06/28/2026 09:00:00 PM","06/25/2026 10:07:26 PM","Mayor's Office of Media & Entertainment","SOUTH PORTLAND AVENUE between LAFAYETTE AVENUE and FULTON STREET","Brooklyn","2,","88,","Film","Feature","United States of America","11205, 11217,"
"957347","Shooting Permit","06/30/2026 06:00:00 AM","06/30/2026 11:00:00 PM","06/23/2026 11:01:01 AM","Mayor's Office of Media & Entertainment","COLUMBIA STREET between BAY STREET and DEAD END,  BAY STREET between COLUMBIA STREET and HICKS STREET,  3 AVENUE between CARROLL STREET and 3 STREET","Brooklyn","6,","76, 78,","Film","Feature","United States of America","11215, 11231,"
"957281","Shooting Permit","07/01/2026 06:00:00 AM","07/01/2026 08:00:00 PM","06/23/2026 09:17:26 AM","Mayor's Office of Media & Entertainment","COMMERCIAL STREET between BELL SLIP and MANHATTAN AVENUE,  MANHATTAN AVENUE between DEAD END and COMMERCIAL STREET,  BOX STREET between MANHATTAN AVENUE and MCGUINNESS BOULEVARD,  CLAY STREET between MANHATTAN AVENUE and MCGUINNESS BOULEVARD,  PROVOST STREET between PAIDGE AVENUE and INDIA STREET,  REVIEW AVENUE between 29 STREET and 35 STREET,  35 STREET between REVIEW AVENUE and VAN DAM STREET,  STARR AVENUE between 31 PLACE and VAN DAM STREET,  34 STREET between STARR AVENUE and VAN DAM STREET,  VAN DAM STREET between STARR AVENUE and 34 STREET","Brooklyn","1, 2,","108, 94,","Film","Feature","United States of America","11101, 11222,"
"957274","Shooting Permit","06/25/2026 08:00:00 AM","06/25/2026 11:00:00 PM","06/23/2026 08:54:55 AM","Mayor's Office of Media & Entertainment","SHORE FRONT PARKWAY between BEACH   95 STREET and BEACH   98 STREET","Queens","14,","100,","Film","Feature","United States of America","11693, 11694,"
"957263","Rigging Permit","07/02/2026 06:00:00 AM","07/02/2026 08:00:00 PM","06/23/2026 07:43:24 AM","Mayor's Office of Media & Entertainment","COMMERCIAL STREET between MANHATTAN AVENUE and BOX STREET","Brooklyn","1,","94,","Film","Feature","United States of America","11222,"
"957262","Rigging Permit","06/30/2026 06:00:00 AM","06/30/2026 08:00:00 PM","06/23/2026 07:43:21 AM","Mayor's Office of Media & Entertainment","COMMERCIAL STREET between MANHATTAN AVENUE and BOX STREET","Brooklyn","1,","94,","Film","Feature","United States of America","11222,"
"957261","Rigging Permit","06/29/2026 06:00:00 AM","06/29/2026 08:00:00 PM","06/23/2026 07:43:16 AM","Mayor's Office of Media & Entertainment","COMMERCIAL STREET between MANHATTAN AVENUE and BOX STREET","Brooklyn","1,","94,","Film","Feature","United States of America","11222,"
"957207","Shooting Permit","06/28/2026 07:00:00 AM","06/28/2026 09:00:00 PM","06/22/2026 07:21:05 PM","Mayor's Office of Media & Entertainment","EAGLE STREET between MCGUINNESS BLVD and PROVOST STREET","Brooklyn","1,","94,","Film","Short","United States of America","11222,"
"957095","Shooting Permit","07/02/2026 06:00:00 AM","07/02/2026 11:00:00 PM","06/22/2026 02:01:32 PM","Mayor's Office of Media & Entertainment","CALYER STREET between DIAMOND STREET and HUMBOLDT STREET,  DIAMOND STREET between CALYER STREET and MESEROLE AVENUE,  MESEROLE AVENUE between DIAMOND STREET and JEWEL STREET,  JEWEL STREET between CALYER STREET and MESEROLE AVENUE","Brooklyn","1,","94,","Film","Feature","United States of America","11222,"
"957093","Shooting Permit","07/01/2026 06:00:00 AM","07/01/2026 11:00:00 PM","06/22/2026 01:58:50 PM","Mayor's Office of Media & Entertainment","CALYER STREET between DIAMOND STREET and HUMBOLDT STREET,  DIAMOND STREET between CALYER STREET and MESEROLE AVENUE,  MESEROLE AVENUE between DIAMOND STREET and JEWEL STREET,  JEWEL STREET between CALYER STREET and MESEROLE AVENUE","Brooklyn","1,","94,","Film","Feature","United States of America","11222,"
"956897","Shooting Permit","06/25/2026 10:00:00 AM","06/26/2026 03:00:00 AM","06/21/2026 01:00:19 PM","Mayor's Office of Media & Entertainment","39 PLACE between 48 AVENUE and 47 AVENUE,  48 AVENUE between 39 STREET and 39 PLACE","Queens","2,","108,","Film","Feature","United States of America","11104,"
"956545","Shooting Permit","06/28/2026 06:00:00 AM","06/28/2026 08:00:00 PM","06/18/2026 04:10:50 PM","Mayor's Office of Media & Entertainment","LIVONIA AVENUE between LEGION STREET and STRAUSS STREET,  SARATOGA AVENUE between DUMONT AVENUE and RIVERDALE AVENUE,  STRAUSS STREET between DUMONT AVENUE and LIVONIA AVENUE,  LIVONIA AVENUE between STRAUSS STREET and THOMAS S BOYLAND STREET,  DUMONT AVENUE between SARATOGA AVENUE and THOMAS S BOYLAND STREET,  LIVONIA AVENUE between GRAFTON STREET and LEGION STREET,  LIVONIA AVENUE between CHESTER STREET and ROCKAWAY AVENUE,  LEGION STREET between LIVONIA AVENUE and DUMONT AVENUE","Brooklyn","16,","73,","Film","Feature","United States of America","11212,"
"956531","Shooting Permit","06/25/2026 09:30:00 AM","06/25/2026 11:45:00 PM","06/18/2026 03:41:51 PM","Mayor's Office of Media & Entertainment","Petracca Pl between 20th avenue and Dead End","Queens","7,","109,","Film","Feature","United States of America","11357,"
"956475","Shooting Permit","06/23/2026 06:00:00 AM","06/23/2026 09:00:00 PM","06/18/2026 01:45:37 PM","Mayor's Office of Media & Entertainment","PARK AVENUE between THROOP AVENUE and MARCUS GARVEY BOULEVARD,  THROOP AVENUE between FLUSHING AVENUE and PARK AVENUE","Brooklyn","1, 3, 4,","79, 81, 83, 90,","Film","Feature","United States of America","11206,"
"956363","Shooting Permit","06/23/2026 09:00:00 AM","06/24/2026 01:30:00 AM","06/18/2026 09:33:05 AM","Mayor's Office of Media & Entertainment","17 STREET between 5 AVENUE and 6 AVENUE,  5 AVENUE between 20 STREET and 22 STREET","Brooklyn","7,","72,","Film","Feature","United States of America","11215,"
"956262","Shooting Permit","06/21/2026 05:00:00 AM","06/21/2026 07:00:00 PM","06/17/2026 05:21:06 PM","Mayor's Office of Media & Entertainment","BOWNE STREET between VAN BRUNT STREET and RICHARDS STREET,  RICHARDS STREET between BOWNE STREET and SEABRING STREET,  MAIDEN LANE between WATER STREET and FRONT STREET,  JOHN STREET between FRONT STREET and SOUTH STREET,  SOUTH STREET between MAIDEN LANE and PECK SLIP,  FRONT STREET between JOHN STREET and WALL STREET,  HAMILTON AVENUE between VAN BRUNT STREET and BOWNE STREET,  HAMILTON AVENUE between VAN BRUNT STREET and COLUMBIA STREET,  VAN BRUNT STREET between HAMILTON AVENUE and BOWNE STREET","Brooklyn","1, 6,","1, 76,","Film","Feature","United States of America","10005, 10038, 11231,"
"956106","Rigging Permit","06/19/2026 07:00:00 AM","06/20/2026 05:00:00 AM","06/17/2026 01:04:20 PM","Mayor's Office of Media & Entertainment","LIVONIA AVENUE between LEGION STREET and SARATOGA AVENUE","Brooklyn","16,","73,","Film","Feature","United States of America","11212,"
"956064","Shooting Permit","06/24/2026 06:00:00 AM","06/24/2026 11:00:00 PM","06/17/2026 11:20:41 AM","Mayor's Office of Media & Entertainment","LAFAYETTE AVENUE between ADELPHI STREET and VANDERBILT AVENUE,  CLERMONT AVENUE between LAFAYETTE AVENUE and GREENE AVENUE,  CLERMONT AVENUE between DEKALB AVENUE and LAFAYETTE AVENUE,  LAFAYETTE AVENUE between CLERMONT AVENUE and VANDERBILT AVENUE,  VANDERBILT AVENUE between DEKALB AVENUE and GREENE AVENUE","Brooklyn","2,","88,","Film","Feature","United States of America","11205, 11238,"
"955998","Shooting Permit","06/23/2026 06:00:00 AM","06/23/2026 08:00:00 PM","06/17/2026 08:46:22 AM","Mayor's Office of Media & Entertainment","1 AVENUE between 54 STREET and 57 STREET,  1 AVENUE between 57 STREET and 58 STREET,  58 STREET between 1 AVENUE and 2 AVENUE","Brooklyn","7,","72,","Film","Feature","United States of America","11220,"
"955618","Shooting Permit","06/18/2026 11:00:00 AM","06/19/2026 10:00:00 AM","06/15/2026 04:29:50 PM","Mayor's Office of Media & Entertainment","1 AVENUE between 54 STREET and 57 STREET,  1 AVENUE between 57 STREET and 58 STREET,  58 STREET between 1 AVENUE and 2 AVENUE","Brooklyn","7,","72,","Film","Feature","United States of America","11220,"
"955616","Shooting Permit","06/18/2026 07:00:00 AM","06/18/2026 08:00:00 PM","06/15/2026 04:19:52 PM","Mayor's Office of Media & Entertainment","WILSON AVENUE between SUYDAM STREET and WILLOUGHBY AVENUE,  ST NICHOLAS AVENUE between HIMROD STREET and STANHOPE STREET","Brooklyn","4,","83,","Film","Feature","United States of America","11221, 11237,"
"955455","Shooting Permit","06/20/2026 06:00:00 AM","06/20/2026 09:00:00 PM","06/15/2026 10:15:05 AM","Mayor's Office of Media & Entertainment","LIVONIA AVENUE between HOWARD AVENUE and THOMAS S BOYLAND STREET,  SARATOGA AVENUE between RIVERDALE AVENUE and LIVONIA AVENUE,  STRAUSS STREET between LIVONIA AVENUE and RIVERDALE AVENUE,  STRAUSS STREET between DUMONT AVENUE and LIVONIA AVENUE,  DUMONT AVENUE between SARATOGA AVENUE and THOMAS S BOYLAND STREET,  THOMAS S BOYLAND STREET between DUMONT AVENUE and LIVONIA AVENUE,  THOMAS S BOYLAND STREET between DUMONT AVENUE and BLAKE AVENUE,  JUNIUS STREET between EAST NEW YORK AVENUE and GLENMORE AVENUE,  SNEDIKER AVENUE between EAST NEW YORK AVENUE and GLENMORE AVENUE,  PITKIN AVENUE between JUNIUS STREET and SNEDIKER AVENUE,  BELMONT AVENUE between VAN SINDEREN AVENUE and HINSDALE STREET,  SUTTER AVENUE between JUNIUS STREET and SNEDIKER AVENUE,  BLAKE AVENUE between JUNIUS STREET and SNEDIKER AVENUE,  DUMONT AVENUE between VAN SINDEREN AVENUE and SNEDIKER AVENUE,  LIVONIA AVENUE between VAN SINDEREN AVENUE and SNEDIKER AVENUE,  SNEDIKER AVENUE between DUMONT AVENUE and LIVONIA AVENUE,  LEGION STREET between LIVONIA AVENUE and RIVERDALE AVENUE,  LEGION STREET between LIVONIA AVENUE and DUMONT AVENUE,  EAST NEW YORK AVENUE between JUNIUS STREET and VAN SINDEREN AVENUE","Brooklyn","16, 5,","73, 75,","Film","Feature","United States of America","11207, 11212, 11233,"
"955423","Shooting Permit","06/17/2026 10:00:00 AM","06/18/2026 12:00:00 PM","06/15/2026 08:58:15 AM","Mayor's Office of Media & Entertainment","1 AVENUE between 54 STREET and 57 STREET,  1 AVENUE between 57 STREET and 58 STREET,  58 STREET between 1 AVENUE and 2 AVENUE","Brooklyn","7,","72,","Film","Feature","United States of America","11220,"
"955422","Shooting Permit","06/22/2026 06:00:00 AM","06/22/2026 08:00:00 PM","06/15/2026 08:56:49 AM","Mayor's Office of Media & Entertainment","1 AVENUE between 54 STREET and 57 STREET,  1 AVENUE between 57 STREET and 58 STREET,  58 STREET between 1 AVENUE and 2 AVENUE","Brooklyn","7,","72,","Film","Feature","United States of America","11220,"
"955420","Shooting Permit","06/17/2026 07:00:00 AM","06/17/2026 11:00:00 PM","06/15/2026 08:51:53 AM","Mayor's Office of Media & Entertainment","Prospect Street between Bridge Street and Jay Street,  BRIDGE STREET between PROSPECT STREET and YORK STREET,  YORK STREET between GOLD STREET and BRIDGE STREET,  BRIDGE STREET between YORK STREET and FRONT STREET,  YORK STREET between BRIDGE STREET and JAY STREET","Brooklyn","2,","84,","Film","Feature","United States of America","11201,"
"955381","Shooting Permit","06/24/2026 09:00:00 AM","06/25/2026 12:30:00 PM","06/14/2026 09:37:07 PM","Mayor's Office of Media & Entertainment","39 PLACE between 48 AVENUE and 47 AVENUE,  48 AVENUE between 39 STREET and 39 PLACE","Queens","2,","108,","Film","Feature","United States of America","11104,"
"955375","Shooting Permit","06/22/2026 07:30:00 AM","06/22/2026 11:00:00 PM","06/14/2026 09:17:05 PM","Mayor's Office of Media & Entertainment","39 PLACE between 48 AVENUE and 47 AVENUE,  48 AVENUE between 39 STREET and 39 PLACE","Queens","2,","108,","Film","Feature","United States of America","11104,"
"955373","Shooting Permit","06/21/2026 06:00:00 AM","06/21/2026 09:30:00 PM","06/14/2026 09:01:28 PM","Mayor's Office of Media & Entertainment","39 PLACE between 48 AVENUE and 47 AVENUE,  48 AVENUE between 39 STREET and 39 PLACE","Queens","2,","108,","Film","Feature","United States of America","11104,"
"955371","Shooting Permit","06/19/2026 09:00:00 AM","06/20/2026 12:30:00 PM","06/14/2026 08:49:07 PM","Mayor's Office of Media & Entertainment","39 PLACE between 48 AVENUE and 47 AVENUE,  48 AVENUE between 39 STREET and 39 PLACE","Queens","2,","108,","Film","Feature","United States of America","11104,"
"955186","Shooting Permit","06/23/2026 06:00:00 AM","06/23/2026 10:00:00 PM","06/12/2026 05:33:04 PM","Mayor's Office of Media & Entertainment","PARK DRIVE EAST between 72 AVENUE and 73 TERRACE,  136 STREET between 71 ROAD and 72 AVENUE,  72 AVENUE between 136 STREET and 141 STREET,  141 STREET between 71 ROAD and 72 CRESCENT","Queens","8,","107,","Film","Feature","United States of America","11367,"
"955185","Shooting Permit","06/22/2026 06:00:00 AM","06/22/2026 10:00:00 PM","06/12/2026 05:32:12 PM","Mayor's Office of Media & Entertainment","HAVEMEYER STREET between HOPE STREET and GRAND STREET,  GRAND STREET between HAVEMEYER STREET and MARCY AVENUE,  MARCY AVENUE between METROPOLITAN AVENUE and SOUTH    1 STREET","Brooklyn","1,","90,","Film","Feature","United States of America","11211,"
"955151","Shooting Permit","06/17/2026 06:00:00 AM","06/17/2026 10:00:00 PM","06/12/2026 03:47:26 PM","Mayor's Office of Media & Entertainment","SURF AVENUE between JONES WALK and WEST   12 STREET,  SURF AVENUE between WEST   12 STREET and STILLWELL AVENUE,  WEST   15 STREET between SURF AVENUE and MERMAID AVENUE,  BAY   53 STREET between CROPSEY AVENUE and WEST   22 STREET","Brooklyn","13,","60,","Film","Feature","United States of America","11214, 11224,"
"954836","Shooting Permit","06/17/2026 08:00:00 AM","06/17/2026 10:00:00 PM","06/11/2026 05:24:36 PM","Mayor's Office of Media & Entertainment","BEDFORD AVENUE between BROADWAY and SOUTH    8 STREET","Brooklyn","1,","90,","Film","Feature","United States of America","11211, 11249,"
"954833","Shooting Permit","06/16/2026 08:00:00 AM","06/16/2026 10:00:00 PM","06/11/2026 05:08:44 PM","Mayor's Office of Media & Entertainment","BEDFORD AVENUE between BROADWAY and SOUTH    8 STREET","Brooklyn","1,","90,","Film","Feature","United States of America","11211, 11249,"
"954802","Shooting Permit","06/15/2026 08:00:00 AM","06/15/2026 10:00:00 PM","06/11/2026 03:53:56 PM","Mayor's Office of Media & Entertainment","BEDFORD AVENUE between BROADWAY and SOUTH    8 STREET","Brooklyn","1,","90,","Film","Feature","United States of America","11211, 11249,"
"954268","Shooting Permit","06/14/2026 06:00:00 AM","06/14/2026 09:00:00 PM","06/10/2026 12:27:21 PM","Mayor's Office of Media & Entertainment","LIVONIA AVENUE between HOWARD AVENUE and THOMAS S BOYLAND STREET,  SARATOGA AVENUE between LIVONIA AVENUE and DUMONT AVENUE,  SARATOGA AVENUE between LIVONIA AVENUE and RIVERDALE AVENUE,  STRAUSS STREET between LIVONIA AVENUE and RIVERDALE AVENUE,  HERZL STREET between LIVONIA AVENUE and RIVERDALE AVENUE,  AMBOY STREET between LIVONIA AVENUE and RIVERDALE AVENUE,  STRAUSS STREET between DUMONT AVENUE and LIVONIA AVENUE,  DUMONT AVENUE between SARATOGA AVENUE and THOMAS S BOYLAND STREET,  THOMAS S BOYLAND STREET between DUMONT AVENUE and LIVONIA AVENUE,  LIVONIA AVENUE between CHESTER STREET and ROCKAWAY AVENUE,  THOMAS S BOYLAND STREET between DUMONT AVENUE and BLAKE AVENUE","Brooklyn","16,","73,","Film","Feature","United States of America","11212,"
"954222","Rigging Permit","06/12/2026 06:00:00 AM","06/13/2026 06:00:00 AM","06/09/2026 08:13:32 PM","Mayor's Office of Media & Entertainment","STRAUSS STREET between LIVONIA AVENUE and RIVERDALE AVENUE","Brooklyn","16,","73,","Film","Feature","United States of America","11212,"
"954083","Shooting Permit","06/15/2026 06:00:00 AM","06/15/2026 09:00:00 PM","06/09/2026 01:25:35 PM","Mayor's Office of Media & Entertainment","SNEDIKER AVENUE between ATLANTIC AVENUE and LIBERTY AVENUE,  JUNIUS STREET between EAST NEW YORK AVENUE and GLENMORE AVENUE,  LIBERTY AVENUE between POWELL STREET and JUNIUS STREET,  LIBERTY AVENUE between VAN SINDEREN AVENUE and HINSDALE STREET","Brooklyn","16, 5,","73, 75,","Film","Feature","United States of America","11207, 11212,"
"954042","Rigging Permit","06/10/2026 06:00:00 AM","06/10/2026 06:00:00 PM","06/09/2026 11:59:26 AM","Mayor's Office of Media & Entertainment","37 STREET between 34 AVENUE and 35 AVENUE","Queens","1,","114,","Film","Feature","United States of America","11101,"
"953954","Shooting Permit","06/18/2026 10:00:00 AM","06/19/2026 03:00:00 AM","06/09/2026 08:57:10 AM","Mayor's Office of Media & Entertainment","MYRTLE AVENUE between WOODHAVEN BOULEVARD and PARK LANE SOUTH,  86 AVENUE between 104 STREET and 108 STREET,  106 STREET between 86 AVENUE and JAMAICA AVENUE","Queens","5, 6, 82, 9,","102, 104,","Film","Feature","United States of America","11385, 11418,"
"953953","Shooting Permit","06/17/2026 06:00:00 AM","06/17/2026 10:00:00 PM","06/09/2026 08:55:51 AM","Mayor's Office of Media & Entertainment","MYRTLE AVENUE between WOODHAVEN BOULEVARD and PARK LN SOUTH,  86 AVENUE between 104 STREET and 108 STREET,  106 STREET between 86 AVENUE and JAMAICA AVENUE","Queens","5, 6, 82, 9,","102, 104,","Film","Feature","United States of America","11385, 11418,"
"953789","Shooting Permit","06/12/2026 07:00:00 AM","06/12/2026 09:00:00 PM","06/08/2026 02:30:25 PM","Mayor's Office of Media & Entertainment","BEDFORD AVENUE between BROADWAY and SOUTH    8 STREET","Brooklyn","1,","90,","Film","Feature","United States of America","11211, 11249,"
"953783","Shooting Permit","06/11/2026 07:00:00 AM","06/11/2026 08:00:00 PM","06/08/2026 02:21:46 PM","Mayor's Office of Media & Entertainment","BROADWAY between DRIGGS AVENUE and ROEBLING STREET,  BEDFORD AVENUE between BROADWAY and SOUTH    8 STREET","Brooklyn","1,","90,","Film","Feature","United States of America","11211, 11249,"
"953661","Shooting Permit","06/16/2026 06:00:00 AM","06/16/2026 08:00:00 PM","06/08/2026 10:41:44 AM","Mayor's Office of Media & Entertainment","1 AVENUE between 54 STREET and 57 STREET,  1 AVENUE between 57 STREET and 58 STREET,  58 STREET between 1 AVENUE and 2 AVENUE","Brooklyn","7,","72,","Film","Feature","United States of America","11220,"
"953580","Shooting Permit","06/12/2026 07:00:00 AM","06/12/2026 10:00:00 PM","06/07/2026 09:06:28 PM","Mayor's Office of Media & Entertainment","39 PLACE between 48 AVENUE and 47 AVENUE","Queens","2,","108,","Film","Feature","United States of America","11104,"
"953579","Shooting Permit","06/11/2026 06:00:00 AM","06/11/2026 09:30:00 PM","06/07/2026 08:58:28 PM","Mayor's Office of Media & Entertainment","30 STREET between 36 AVENUE and 37 AVENUE","Queens","1,","114,","Film","Feature","United States of America","11106,"
"953250","Shooting Permit","06/13/2026 06:00:00 AM","06/13/2026 09:00:00 PM","06/05/2026 04:12:50 PM","Mayor's Office of Media & Entertainment","LIVONIA AVENUE between HOWARD AVENUE and THOMAS S BOYLAND STREET,  SARATOGA AVENUE between LIVONIA AVENUE and DUMONT AVENUE,  SARATOGA AVENUE between LIVONIA AVENUE and RIVERDALE AVENUE,  STRAUSS STREET between LIVONIA AVENUE and RIVERDALE AVENUE,  HERZL STREET between LIVONIA AVENUE and RIVERDALE AVENUE,  AMBOY STREET between LIVONIA AVENUE and RIVERDALE AVENUE,  STRAUSS STREET between DUMONT AVENUE and LIVONIA AVENUE,  DUMONT AVENUE between SARATOGA AVENUE and THOMAS S BOYLAND STREET,  THOMAS S BOYLAND STREET between DUMONT AVENUE and LIVONIA AVENUE,  LIVONIA AVENUE between CHESTER STREET and ROCKAWAY AVENUE,  THOMAS S BOYLAND STREET between DUMONT AVENUE and BLAKE AVENUE","Brooklyn","16,","73,","Film","Feature","United States of America","11212,"
"952961","Shooting Permit","06/09/2026 07:00:00 AM","06/09/2026 09:00:00 PM","06/04/2026 10:31:21 PM","Mayor's Office of Media & Entertainment","KENT STREET between MCGUINNESS BOULEVARD and MANHATTAN AVENUE","Brooklyn","1,","94,","Film","Feature","United States of America","11222,"
"952924","Shooting Permit","06/10/2026 07:00:00 AM","06/10/2026 10:00:00 PM","06/04/2026 08:22:04 PM","Mayor's Office of Media & Entertainment","39 PLACE between 48 AVENUE and 47 AVENUE,  48 AVENUE between 39 STREET and 39 PLACE","Queens","2,","108,","Film","Feature","United States of America","11104,"
"952919","Shooting Permit","06/08/2026 07:00:00 AM","06/08/2026 09:00:00 PM","06/04/2026 07:44:14 PM","Mayor's Office of Media & Entertainment","KENT STREET between MCGUINNESS BOULEVARD and MANHATTAN AVENUE","Brooklyn","1,","94,","Film","Feature","United States of America","11222,"
"952488","Shooting Permit","06/05/2026 08:00:00 AM","06/05/2026 09:00:00 PM","06/04/2026 07:30:53 AM","Mayor's Office of Media & Entertainment","Lafayette Avenue  between Franklin Avenue and Classon Avenue ,  CLASSON AVENUE between DEKALB AVENUE and CLIFTON PLACE,  Franklin Avenue between Lafayette Ave and Greene Ave,  CLIFTON PLACE between FRANKLIN AVENUE and CLASSON AVENUE,  CLIFTON PLACE between FRANKLIN AVENUE and BEDFORD AVENUE","Brooklyn","2, 3,","79, 88,","Film","Feature","United States of America","11205, 11216, 11238,"
"952459","Shooting Permit","06/09/2026 06:00:00 AM","06/09/2026 09:00:00 PM","06/03/2026 09:04:59 PM","Mayor's Office of Media & Entertainment","39 PLACE between 48 AVENUE and 47 AVENUE,  48 AVENUE between 39 STREET and 39 PLACE","Queens","2,","108,","Film","Feature","United States of America","11104,"
"952320","Shooting Permit","06/04/2026 07:30:00 AM","06/04/2026 09:30:00 PM","06/03/2026 04:14:57 PM","Mayor's Office of Media & Entertainment","Lafayette Avenue between Classon Avenue and Franklin Avenue,  CLASSON AVENUE between DEKALB AVENUE and CLIFTON PLACE,  Franklin Avenue between Lafayette Ave and Quincy St,  CLIFTON PLACE between FRANKLIN AVENUE and CLASSON AVENUE,  CLIFTON PLACE between FRANKLIN AVENUE and BEDFORD AVENUE","Brooklyn","2, 3,","79, 88,","Film","Feature","United States of America","11205, 11216, 11238,"
"952094","Shooting Permit",,"06/05/2026 04:00:00 AM","06/03/2026 10:59:57 AM","Mayor's Office of Media & Entertainment","JEFFERSON STREET between BROADWAY and BUSHWICK AVENUE","Brooklyn","3, 4,","79, 81, 83,","Film","Feature","United States of America","11206, 11221,"
"952031","Shooting Permit","06/10/2026 07:00:00 AM","06/10/2026 10:00:00 PM","06/03/2026 08:30:45 AM","Mayor's Office of Media & Entertainment","WASHINGTON AVENUE between MONTGOMERY STREET and EMPIRE BOULEVARD,  Ocean Avenue between Lincoln Rd and Winthrop St","Brooklyn","55, 9,","71, 78,","Film","Feature","United States of America","11225,"
"951844","Shooting Permit","06/04/2026 08:00:00 AM","06/04/2026 09:00:00 PM","06/02/2026 04:32:11 PM","Mayor's Office of Media & Entertainment","GEORGIA AVENUE between BELMONT AVENUE and SUTTER AVENUE,  VANDERBILT AVENUE between ST MARKS AVENUE and PROSPECT PLACE,  ST MARKS AVENUE between VANDERBILT AVENUE and CARLTON AVENUE","Brooklyn","5, 8,","75, 77, 78,","Film","Feature","United States of America","11207, 11238,"
"951548","Shooting Permit","06/03/2026 07:00:00 AM","06/03/2026 09:00:00 PM","06/02/2026 10:41:28 AM","Mayor's Office of Media & Entertainment","Lafayette Avenue between Classon Avenue and Franklin Avenue ,  CLASSON AVENUE between DEKALB AVENUE and CLIFTON PLACE,  CLIFTON PLACE between FRANKLIN AVENUE and CLASSON AVENUE,  Franklin Avenue  between Lafayette Avenue  and Quincy Street,  CLIFTON PLACE between FRANKLIN AVENUE and BEDFORD AVENUE","Brooklyn","2, 3,","79, 88,","Film","Feature","United States of America","11205, 11216, 11238,"
"951485","Shooting Permit","06/05/2026 06:00:00 AM","06/05/2026 08:00:00 PM","06/02/2026 08:50:57 AM","Mayor's Office of Media & Entertainment","81 STREET between 21 AVENUE and DITMARS BOULEVARD,  81 STREET between DITMARS BOULEVARD and GRAND CENTRAL PARKWAY,  DITMARS BOULEVARD between 79 STREET and 81 STREET,  DITMARS BOULEVARD between 27 AVENUE and 102 STREET","Queens","1, 3, 80,","114, 115,","Film","Feature","United States of America","11369, 11370,"
"951484","Shooting Permit","06/04/2026 06:00:00 AM","06/04/2026 08:00:00 PM","06/02/2026 08:50:53 AM","Mayor's Office of Media & Entertainment","81 STREET between 21 AVENUE and DITMARS BOULEVARD,  DITMARS BOULEVARD between 79 STREET and 81 STREET,  81 STREET between DITMARS BOULEVARD and GRAND CENTRAL PARKWAY,  DITMARS BOULEVARD between 27 AVENUE and 102 STREET","Queens","1, 3, 80,","114, 115,","Film","Feature","United States of America","11369, 11370,"
"951479","Shooting Permit","06/09/2026 07:00:00 AM","06/09/2026 09:00:00 PM","06/02/2026 08:14:13 AM","Mayor's Office of Media & Entertainment","86 STREET between 10 AVENUE and 13 AVENUE","Brooklyn","10,","68,","Film","Feature","United States of America","11228,"
"951173","Shooting Permit","06/11/2026 07:00:00 AM","06/11/2026 11:30:00 PM","06/01/2026 02:01:10 PM","Mayor's Office of Media & Entertainment","EAST   19 STREET between DORCHESTER ROAD and DITMAS AVENUE,  DORCHESTER ROAD between EAST   18 STREET and EAST   19 STREET,  EAST   19 STREET between DITMAS AVENUE and DORCHESTER ROAD,  EAST   19 STREET between DORCHESTER ROAD and CORTELYOU ROAD,  DORCHESTER ROAD between EAST   19 STREET and OCEAN AVENUE","Brooklyn","14,","70,","Film","Feature","United States of America","11226,"
"950768","Shooting Permit","06/05/2026 08:00:00 AM","06/05/2026 10:00:00 PM","05/31/2026 11:41:21 PM","Mayor's Office of Media & Entertainment","KNICKERBOCKER AVENUE between DEKALB AVENUE and HART STREET","Brooklyn","4,","83,","Film","Feature","United States of America","11237,"
"950234","Shooting Permit","06/05/2026 01:00:00 PM","06/06/2026 05:00:00 AM","05/30/2026 03:18:49 PM","Mayor's Office of Media & Entertainment","WOODHAVEN BOULEVARD between FOREST PARK DRIVE and MYRTLE AVENUE","Queens","82,","102,","Film","Feature","United States of America","11385,"
"949264","Shooting Permit","06/08/2026 05:00:00 AM","06/08/2026 09:00:00 PM","05/29/2026 04:13:20 PM","Mayor's Office of Media & Entertainment","Flatbush Avenue  between Grand Army Plaza and Eastern Parkway,  WASHINGTON AVENUE between CARROLL STREET and SULLIVAN PLACE,  WASHINGTON AVENUE between CROWN STREET and MONTGOMERY STREET","Brooklyn","55, 9,","71, 78,","Film","Feature","United States of America","11225,"
"949215","Shooting Permit","06/02/2026 09:00:00 AM","06/02/2026 11:00:00 PM","05/29/2026 02:27:48 PM","Mayor's Office of Media & Entertainment","VANDERBILT AVENUE between ST MARKS AVENUE and PROSPECT PLACE,  ST MARKS AVENUE between VANDERBILT AVENUE and UNDERHILL AVENUE","Brooklyn","8,","77, 78,","Film","Feature","United States of America","11238,"
"949199","Shooting Permit","06/08/2026 06:00:00 AM","06/08/2026 08:00:00 PM","05/29/2026 01:57:52 PM","Mayor's Office of Media & Entertainment","81 STREET between 21 AVENUE and DITMARS BOULEVARD,  DITMARS BOULEVARD between 79 STREET and 81 STREET,  81 STREET between DITMARS BOULEVARD and GRAND CENTRAL PARKWAY,  DITMARS BOULEVARD between 27 AVENUE and 102 STREET","Queens","1, 3, 80,","114, 115,","Film","Feature","United States of America","11369, 11370,"
"949075","Shooting Permit","06/01/2026 02:00:00 PM","06/02/2026 05:00:00 AM","05/29/2026 12:03:02 PM","Mayor's Office of Media & Entertainment","DEKALB AVENUE between EVERGREEN AVENUE and MYRTLE AVENUE,  CENTRAL AVENUE between STOCKHOLM STREET and MYRTLE AVENUE,  MYRTLE AVENUE between CEDAR STREET and HART STREET,  WEST   46 STREET between 7 AVENUE and 6 AVENUE,  DEKALB AVENUE between EVERGREEN AVENUE and MYRTLE AVENUE,  DEKALB AVENUE between WILSON AVENUE and CENTRAL AVENUE","Brooklyn","4, 5,","18, 83,","Film","Feature","United States of America","10036, 11221,"
"949107","Shooting Permit","06/02/2026 07:30:00 AM","06/02/2026 10:00:00 PM","05/29/2026 10:24:33 AM","Mayor's Office of Media & Entertainment","Lafayette Ave between Classon Avenue and Franklin Avenue,  CLASSON AVENUE between DEKALB AVENUE and CLIFTON PLACE,  Franklin Avenue between Lafayette Ave and Greene Ave,  CLIFTON PLACE between FRANKLIN AVENUE and CLASSON AVENUE,  CLIFTON PLACE between FRANKLIN AVENUE and BEDFORD AVENUE","Brooklyn","2, 3,","79, 88,","Film","Feature","United States of America","11205, 11216, 11238,"
"949073","Shooting Permit","06/01/2026 07:00:00 AM","06/01/2026 04:00:00 PM","05/28/2026 11:22:59 PM","Mayor's Office of Media & Entertainment","VANDERBILT AVENUE between PROSPECT PLACE and ST MARKS AVENUE,  ST MARKS AVENUE between VANDERBILT AVENUE and UNDERHILL AVENUE","Brooklyn","8,","77, 78,","Film","Feature","United States of America","11238,"
"948475","Shooting Permit","05/29/2026 10:30:00 AM","05/29/2026 11:30:00 PM","05/27/2026 08:57:16 AM","Mayor's Office of Media & Entertainment","Lafayette Avenue between Classon Avenue and Franklin Avenue,  CLASSON AVENUE between DEKALB AVENUE and CLIFTON PLACE,  Franklin Avenue between Lafayette Avenue and Greene Avenue,  CLIFTON PLACE between FRANKLIN AVENUE and CLASSON AVENUE,  CLIFTON PLACE between FRANKLIN AVENUE and BEDFORD AVENUE","Brooklyn","2, 3,","79, 88,","Film","Feature","United States of America","11205, 11216, 11238,"
"948112","Shooting Permit","06/01/2026 06:30:00 AM","06/01/2026 09:00:00 PM","05/26/2026 09:00:32 AM","Mayor's Office of Media & Entertainment","Lafayette Avenue between Classon Avenue  and Franklin Avenue,  CLASSON AVENUE between DEKALB AVENUE and CLIFTON PLACE,  Franklin Avenue  between Lafayette Ave and Quincy St,  CLIFTON PLACE between FRANKLIN AVENUE and CLASSON AVENUE,  CLIFTON PLACE between FRANKLIN AVENUE and BEDFORD AVENUE","Brooklyn","2, 3,","79, 88,","Film","Feature","United States of America","11205, 11216, 11238,"
"948105","Shooting Permit","05/28/2026 09:00:00 AM","05/28/2026 11:30:00 PM","05/26/2026 08:10:51 AM","Mayor's Office of Media & Entertainment","Lafayette Avenue between Classon Avenue and Franklin Avenue ,  CLASSON AVENUE between DEKALB AVENUE and CLIFTON PLACE,  CLIFTON PLACE between FRANKLIN AVENUE and BEDFORD AVENUE,  Franklin Avenue between Lafayette Avenue and Greene Avenue,  CLIFTON PLACE between FRANKLIN AVENUE and CLASSON AVENUE","Brooklyn","2, 3,","79, 88,","Film","Feature","United States of America","11205, 11216, 11238,"
"947958","Shooting Permit","06/03/2026 11:00:00 AM","06/04/2026 02:00:00 AM","05/24/2026 08:31:45 PM","Mayor's Office of Media & Entertainment","JEFFERSON STREET between BROADWAY and BUSHWICK AVENUE","Brooklyn","4,","83,","Film","Feature","United States of America","11206,"
"947957","Shooting Permit","06/02/2026 10:00:00 AM","06/03/2026 02:00:00 AM","05/24/2026 08:26:44 PM","Mayor's Office of Media & Entertainment","BROADWAY between BELVEDERE STREET and ARION PLACE,  JEFFERSON STREET between BUSHWICK AVENUE and BROADWAY","Brooklyn","3, 4,","81, 83,","Film","Feature","United States of America","11206,"
"947955","Shooting Permit","06/01/2026 04:00:00 PM","06/01/2026 06:00:00 PM","05/24/2026 08:11:41 PM","Mayor's Office of Media & Entertainment","FRANKLIN STREET between OAK STREET and NOBLE STREET,  NOBLE STREET between FRANKLIN STREET and LORIMER STREET","Brooklyn","1,","94,","Film","Feature","United States of America","11222,"
"947949","Shooting Permit","05/29/2026 10:00:00 AM","05/30/2026 01:00:00 AM","05/24/2026 07:21:51 PM","Mayor's Office of Media & Entertainment","SOUTH    6 STREET between BEDFORD AVENUE and BERRY STREET,  MYRTLE AVENUE between LEWIS AVENUE and MARCUS GARVEY BOULEVARD,  JEFFERSON AVENUE between BROADWAY and BUSHWICK AVENUE","Brooklyn","1, 3, 4,","79, 83, 90,","Film","Feature","United States of America","11206, 11211, 11221, 11249,"
"947684","Shooting Permit","05/26/2026 07:00:00 AM","05/26/2026 09:00:00 PM","05/22/2026 01:50:02 PM","Mayor's Office of Media & Entertainment","Lafayette Avenue  between Classon Avenue and Franklin Avenue ,  CLASSON AVENUE between DEKALB AVENUE and CLIFTON PLACE,  CLIFTON PLACE between CLASSON AVENUE and FRANKLIN AVENUE,  Franklin Avenue  between Lafayette Avenue  and Quincy Street,  CLIFTON PLACE between FRANKLIN AVENUE and BEDFORD AVENUE","Brooklyn","2, 3,","79, 88,","Film","Feature","United States of America","11205, 11216, 11238,"
"947573","Shooting Permit","05/27/2026 06:00:00 AM","05/27/2026 08:00:00 PM","05/22/2026 10:55:39 AM","Mayor's Office of Media & Entertainment","LAUREL HILL BOULEVARD between 54 AVENUE and 56 ROAD,  54 ROAD between LAUREL HILL BOULEVARD and 43 STREET,  54 AVENUE between 43 STREET and 44 STREET,  54 ROAD between 43 STREET and 46 STREET,  43 STREET between 54 AVENUE and 55 AVENUE,  44 STREET between 54 ROAD and 54 DRIVE,  56 ROAD between LAUREL HILL BOULEVARD and 43 STREET,  56 ROAD between LAUREL HILL BOULEVARD and 43 STREET,  56 ROAD between 43 STREET and 48 STREET,  LAUREL HILL BOULEVARD between REVIEW AVENUE and 56 ROAD","Queens","2,","108,","Film","Feature","United States of America","11101, 11378,"
"947068","Shooting Permit","05/29/2026 06:00:00 AM","05/29/2026 10:00:00 PM","05/20/2026 02:02:06 PM","Mayor's Office of Media & Entertainment","CALYER STREET between DIAMOND STREET and JEWEL STREET,  DIAMOND STREET between CALYER STREET and MESEROLE AVENUE,  MESEROLE AVENUE between DIAMOND STREET and JEWEL STREET","Brooklyn","1,","94,","Film","Feature","United States of America","11222,"
"947067","Shooting Permit","05/28/2026 06:00:00 AM","05/28/2026 10:00:00 PM","05/20/2026 02:01:50 PM","Mayor's Office of Media & Entertainment","CALYER STREET between DIAMOND STREET and JEWEL STREET,  DIAMOND STREET between CALYER STREET and MESEROLE AVENUE,  MESEROLE AVENUE between DIAMOND STREET and JEWEL STREET","Brooklyn","1,","94,","Film","Feature","United States of America","11222,"
"947066","Shooting Permit","05/27/2026 06:00:00 AM","05/27/2026 10:00:00 PM","05/20/2026 02:01:35 PM","Mayor's Office of Media & Entertainment","CALYER STREET between DIAMOND STREET and JEWEL STREET,  DIAMOND STREET between CALYER STREET and MESEROLE AVENUE,  MESEROLE AVENUE between DIAMOND STREET and JEWEL STREET","Brooklyn","1,","94,","Film","Feature","United States of America","11222,"
"947065","Shooting Permit","05/26/2026 06:00:00 AM","05/26/2026 10:00:00 PM","05/20/2026 02:01:07 PM","Mayor's Office of Media & Entertainment","CALYER STREET between DIAMOND STREET and JEWEL STREET,  DIAMOND STREET between CALYER STREET and MESEROLE AVENUE,  MESEROLE AVENUE between DIAMOND STREET and JEWEL STREET","Brooklyn","1,","94,","Film","Feature","United States of America","11222,"
"946866","Shooting Permit","05/28/2026 07:00:00 AM","05/28/2026 09:00:00 PM","05/19/2026 08:52:13 PM","Mayor's Office of Media & Entertainment","DRIGGS AVENUE between NORTH    9 STREET and NORTH   11 STREET","Brooklyn","1,","94,","Film","Feature","United States of America","11211,"
"946844","Shooting Permit","06/03/2026 06:00:00 AM","06/03/2026 08:00:00 PM","05/19/2026 06:40:03 PM","Mayor's Office of Media & Entertainment","81 STREET between 21 AVENUE and DITMARS BOULEVARD,  DITMARS BOULEVARD between 79 STREET and 81 STREET,  81 STREET between DITMARS BOULEVARD and GRAND CENTRAL PARKWAY","Queens","1, 80,","114, 115,","Film","Feature","United States of America","11369, 11370,"
"946464","Shooting Permit","05/26/2026 06:00:00 AM","05/26/2026 08:00:00 PM","05/18/2026 04:50:35 PM","Mayor's Office of Media & Entertainment","HART STREET between BUSHWICK AVENUE and BROADWAY,  LAWTON STREET between BUSHWICK AVENUE and BROADWAY,  LAWTON STREET between BUSHWICK AVENUE and BROADWAY,  BROADWAY between LAWTON STREET and DEKALB AVENUE,  PULASKI STREET between STUYVESANT AVENUE and MALCOLM X BOULEVARD,  STUYVESANT AVENUE between HART STREET and DEKALB AVENUE,  PULASKI STREET between LEWIS AVENUE and STUYVESANT AVENUE,  VERNON AVENUE between LEWIS AVENUE and STUYVESANT AVENUE","Brooklyn","3, 4,","79, 81, 83,","Film","Feature","United States of America","11206, 11221,"
"946302","Shooting Permit","05/22/2026 06:00:00 AM","05/22/2026 08:00:00 PM","05/18/2026 11:04:21 AM","Mayor's Office of Media & Entertainment","RIVER STREET between GRAND STREET and SOUTH    5 STREET,  SOUTH    5 STREET between RIVER STREET and KENT AVENUE,  SOUTH    5 STREET between KENT AVENUE and WYTHE AVENUE,  WYTHE AVENUE between METROPOLITAN AVENUE and GRAND STREET,  GRAND STREET between KENT AVENUE and WYTHE AVENUE,  SOUTH    2 STREET between KENT AVENUE and WYTHE AVENUE,  KENT AVENUE between SOUTH    6 STREET and SOUTH    3 STREET,  SOUTH    6 STREET between KENT AVENUE and WYTHE AVENUE,  SOUTH    1 STREET between KENT AVENUE and WYTHE AVENUE,  METROPOLITAN AVENUE between KENT AVENUE and BERRY STREET,  SOUTH    2 STREET between KENT AVENUE and WYTHE AVENUE,  SOUTH    2 STREET between WYTHE AVENUE and BERRY STREET,  WYTHE AVENUE between SOUTH    1 STREET and SOUTH    3 STREET","Brooklyn","1,","90, 94,","Film","Feature","United States of America","11249,"
"946119","Shooting Permit","05/22/2026 09:00:00 AM","05/23/2026 01:00:00 AM","05/17/2026 08:05:32 AM","Mayor's Office of Media & Entertainment","39 PLACE between 47 AVENUE and 48 AVENUE,  48 AVENUE between 39 PLACE and 39 STREET","Queens","2,","108,","Film","Feature","United States of America","11104,"
"946118","Shooting Permit","05/21/2026 09:00:00 AM","05/21/2026 11:00:00 PM","05/17/2026 08:01:16 AM","Mayor's Office of Media & Entertainment","39 PLACE between 47 AVENUE and 48 AVENUE,  48 AVENUE between 39 PLACE and 39 STREET","Queens","2,","108,","Film","Feature","United States of America","11104,"
"945652","Shooting Permit","05/20/2026 08:00:00 AM","05/20/2026 09:30:00 PM","05/14/2026 04:20:55 PM","Mayor's Office of Media & Entertainment","39 PLACE between 47 AVENUE and 48 AVENUE,  48 AVENUE between 39 PLACE and 39 STREET","Queens","2,","108,","Film","Feature","United States of America","11104,"
"945630","Shooting Permit","05/19/2026 08:00:00 AM","05/19/2026 11:00:00 PM","05/14/2026 03:29:57 PM","Mayor's Office of Media & Entertainment","48 AVENUE between 39 PLACE and 39 STREET,  39 PLACE between 48 AVENUE and 47 AVENUE","Queens","2,","108,","Film","Feature","United States of America","11104,"
"945598","Shooting Permit","05/21/2026 06:00:00 AM","05/21/2026 08:00:00 PM","05/14/2026 02:21:35 PM","Mayor's Office of Media & Entertainment","RIVER STREET between GRAND STREET and SOUTH    5 STREET,  SOUTH    5 STREET between RIVER STREET and KENT AVENUE,  SOUTH    5 STREET between KENT AVENUE and WYTHE AVENUE,  KENT AVENUE between South 6 St and SOUTH    3 STREET,  SOUTH    6 STREET between KENT AVENUE and WYTHE AVENUE,  SOUTH    2 STREET between KENT AVENUE and WYTHE AVENUE,  METROPOLITAN AVENUE between KENT AVENUE and BERRY STREET,  WYTHE AVENUE between METROPOLITAN AVENUE and GRAND STREET,  GRAND STREET between KENT AVENUE and WYTHE AVENUE","Brooklyn","1,","90,","Film","Feature","United States of America","11211, 11249,"
"945594","Shooting Permit","05/20/2026 06:00:00 AM","05/20/2026 08:00:00 PM","05/14/2026 02:20:10 PM","Mayor's Office of Media & Entertainment","RIVER STREET between GRAND STREET and SOUTH    5 STREET,  SOUTH    5 STREET between RIVER STREET and KENT AVENUE,  SOUTH    5 STREET between KENT AVENUE and WYTHE AVENUE,  KENT AVENUE between S 6 ST and SOUTH    3 STREET,  SOUTH    6 STREET between KENT AVENUE and WYTHE AVENUE,  SOUTH    2 STREET between KENT AVENUE and WYTHE AVENUE,  METROPOLITAN AVENUE between KENT AVENUE and BERRY STREET,  WYTHE AVENUE between METROPOLITAN AVENUE and GRAND STREET,  GRAND STREET between KENT AVENUE and WYTHE AVENUE","Brooklyn","1,","90,","Film","Feature","United States of America","11211, 11249,"
"945593","Shooting Permit","05/19/2026 06:00:00 AM","05/19/2026 08:00:00 PM","05/14/2026 02:19:01 PM","Mayor's Office of Media & Entertainment","RIVER STREET between GRAND STREET and SOUTH    5 STREET,  SOUTH    5 STREET between RIVER STREET and KENT AVENUE,  SOUTH    5 STREET between KENT AVENUE and WYTHE AVENUE,  KENT AVENUE between SOUTH    6 STREET and SOUTH    3 STREET,  SOUTH    6 STREET between KENT AVENUE and WYTHE AVENUE,  SOUTH    2 STREET between KENT AVENUE and WYTHE AVENUE,  METROPOLITAN AVENUE between KENT AVENUE and BERRY STREET,  WYTHE AVENUE between METROPOLITAN AVENUE and GRAND STREET,  GRAND STREET between KENT AVENUE and WYTHE AVENUE","Brooklyn","1,","90,","Film","Feature","United States of America","11211, 11249,"
"945278","Shooting Permit","05/18/2026 06:00:00 AM","05/18/2026 08:00:00 PM","05/13/2026 04:30:18 PM","Mayor's Office of Media & Entertainment","RIVER STREET between GRAND STREET and SOUTH    5 STREET,  SOUTH    5 STREET between RIVER STREET and KENT AVENUE,  WYTHE AVENUE between SOUTH    6 STREET and SOUTH    5 STREET,  KENT AVENUE between BROADWAY and SOUTH    3 STREET,  SOUTH    5 STREET between KENT AVENUE and WYTHE AVENUE,  SOUTH    6 STREET between KENT AVENUE and WYTHE AVENUE,  WYTHE AVENUE between SOUTH    5 STREET and SOUTH    4 STREET,  SOUTH    1 STREET between KENT AVENUE and WYTHE AVENUE,  METROPOLITAN AVENUE between KENT AVENUE and BERRY STREET,  WYTHE AVENUE between METROPOLITAN AVENUE and GRAND STREET,  GRAND STREET between KENT AVENUE and WYTHE AVENUE","Brooklyn","1,","90,","Film","Feature","United States of America","11249,"
"945086","Shooting Permit","05/18/2026 06:00:00 AM","05/18/2026 10:00:00 PM","05/13/2026 11:06:53 AM","Mayor's Office of Media & Entertainment","HENRY STREET between ORANGE STREET and PINEAPPLE STREET","Brooklyn","2,","84, 88,","Film","Feature","United States of America","11201, 11251,"
"945019","Shooting Permit","05/17/2026 06:00:00 AM","05/17/2026 08:00:00 PM","05/13/2026 10:00:37 AM","Mayor's Office of Media & Entertainment","MYRTLE AVENUE between LEWIS AVENUE and BUSHWICK AVENUE,  BROADWAY between ARION PLACE and DITMARS STREET,  STUYVESANT AVENUE between BROADWAY and VERNON AVENUE,  TROUTMAN STREET between MYRTLE AVENUE and BUSHWICK AVENUE,  VERNON AVENUE between LEWIS AVENUE and BROADWAY,  STUYVESANT AVENUE between VERNON AVENUE and WILLOUGHBY AVENUE,  WILLOUGHBY AVENUE between STUYVESANT AVENUE and BROADWAY,  STUYVESANT AVENUE between HART STREET and PULASKI STREET,  PULASKI STREET between LEWIS AVENUE and STUYVESANT AVENUE,  STUYVESANT AVENUE between PULASKI STREET and DEKALB AVENUE","Brooklyn","3, 4,","79, 81, 83,","Film","Feature","United States of America","11206, 11221,"
"944430","Shooting Permit","05/14/2026 06:00:00 AM","05/14/2026 08:00:00 PM","05/11/2026 03:45:46 PM","Mayor's Office of Media & Entertainment","35 STREET between 34 AVENUE and 35 AVENUE,  35 AVENUE between 35 STREET and 36 STREET,  34 AVENUE between 35 STREET and 36 STREET","Queens","1,","114,","Film","Feature","United States of America","11106,"
"944403","Shooting Permit","05/15/2026 06:00:00 AM","05/15/2026 08:00:00 PM","05/11/2026 03:08:20 PM","Mayor's Office of Media & Entertainment","BROADWAY between MYRTLE AVENUE and DITMARS AVENUE,  VERNON AVENUE between LEWIS AVENUE and STUYVESANT AVENUE,  STUYVESANT AVENUE between PULASKI STREET and DEKALB AVENUE,  VERNON AVENUE between STUYVESANT AVENUE and BROADWAY,  STUYVESANT AVENUE between VERNON AVENUE and WILLOUGHBY AVENUE,  WILLOUGHBY AVENUE between STUYVESANT AVENUE and BROADWAY,  STUYVESANT AVENUE between HART STREET and PULASKI STREET,  PULASKI STREET between LEWIS AVENUE and STUYVESANT AVENUE,  BROADWAY between WILLOUGHBY AVENUE and DITMARS STREET,  DITMARS STREET between BROADWAY and MYRTLE AVENUE","Brooklyn","3, 4,","79, 81, 83,","Film","Feature","United States of America","11206, 11221,"
"944262","Rigging Permit","05/15/2026 06:00:00 AM","05/15/2026 08:00:00 PM","05/11/2026 11:13:52 AM","Mayor's Office of Media & Entertainment","BROADWAY between MELROSE STREET and MYRTLE AVENUE","Brooklyn","3, 4,","81, 83,","Film","Feature","United States of America","11206,"
"944261","Rigging Permit","05/14/2026 06:00:00 AM","05/14/2026 08:00:00 PM","05/11/2026 11:13:50 AM","Mayor's Office of Media & Entertainment","BROADWAY between MELROSE STREET and MYRTLE AVENUE","Brooklyn","3, 4,","81, 83,","Film","Feature","United States of America","11206,"
"944260","Rigging Permit","05/12/2026 06:00:00 AM","05/12/2026 08:00:00 PM","05/11/2026 11:13:45 AM","Mayor's Office of Media & Entertainment","BROADWAY between MELROSE STREET and MYRTLE AVENUE","Brooklyn","3, 4,","81, 83,","Film","Feature","United States of America","11206,"
"944149","Shooting Permit","05/14/2026 07:30:00 AM","05/14/2026 10:00:00 PM","05/10/2026 09:17:24 PM","Mayor's Office of Media & Entertainment","SKILLMAN AVENUE between AUSTELL PLACE and 49 AVENUE,  DAVIS COURT between PEARSON PLACE and 49 AVENUE,  SKILLMAN AVENUE between PEARSON PLACE and 29 STREET,  PEARSON PLACE between DAVIS COURT and 27 STREET,  AUSTELL PLACE between 27 STREET and SKILLMAN AVENUE,  SKILLMAN AVENUE between PEARSON PLACE and AUSTELL PLACE","Queens","2,","108,","Film","Feature","United States of America","11101,"
"944045","Shooting Permit","05/18/2026 07:00:00 AM","05/18/2026 09:00:00 PM","05/09/2026 06:40:26 PM","Mayor's Office of Media & Entertainment","39 PLACE between 48 AVENUE and 47 AVENUE,  48 AVENUE between 39 PLACE and 39 STREET","Queens","2,","108,","Film","Feature","United States of America","11104,"
"944044","Shooting Permit","05/15/2026 07:00:00 AM","05/16/2026 11:00:00 PM","05/09/2026 06:32:29 PM","Mayor's Office of Media & Entertainment","39 PLACE between 47 AVENUE and 48 AVENUE,  48 AVENUE between 39 PLACE and 39 STREET","Queens","2,","108,","Film","Feature","United States of America","11104,"
"944041","Shooting Permit","05/14/2026 07:00:00 AM","05/14/2026 10:00:00 PM","05/09/2026 06:21:39 PM","Mayor's Office of Media & Entertainment","39 PLACE between 47 AVENUE and 48 AVENUE,  48 AVENUE between 39 PLACE and 39 STREET","Queens","2,","108,","Film","Feature","United States of America","11104,"
"943921","Shooting Permit","05/13/2026 07:30:00 AM","05/13/2026 09:00:00 PM","05/08/2026 06:31:57 PM","Mayor's Office of Media & Entertainment","Skillman Avenue  between Austell PL and 49th Avenue,  DAVIS COURT between PEARSON PLACE and 49 AVENUE,  SKILLMAN AVENUE between PEARSON PLACE and 29 STREET,  PEARSON PLACE between DAVIS COURT and 27 STREET,  AUSTELL PLACE between 27 STREET and SKILLMAN AVENUE,  SKILLMAN AVENUE between PEARSON PLACE and AUSTELL PLACE","Queens","2,","108,","Film","Feature","United States of America","11101,"
"943844","Shooting Permit","05/18/2026 05:00:00 PM","05/19/2026 03:00:00 AM","05/08/2026 02:58:23 PM","Mayor's Office of Media & Entertainment","CLARKSON AVENUE between BEDFORD AVENUE and FLATBUSH AVENUE","Brooklyn","14, 9,","70, 71,","Film","Short","United States of America","11226,"
"943640","Rigging Permit","05/13/2026 06:00:00 AM","05/13/2026 06:00:00 PM","05/08/2026 06:39:13 AM","Mayor's Office of Media & Entertainment","EAST   18 STREET between DITMAS AVENUE and NEWKIRK AVENUE","Brooklyn","14,","70,","Film","Feature","United States of America","11226,"
"943593","Shooting Permit","05/18/2026 07:00:00 AM","05/18/2026 08:30:00 PM","05/07/2026 09:02:28 PM","Mayor's Office of Media & Entertainment","10 STREET between 6 AVENUE and 7 AVENUE,  6 AVENUE between 11 STREET and 9 STREET,  7 AVENUE between 9 STREET and 11 STREET,  7 AVENUE between 9 STREET and 12 STREET,  12 STREET between 7 AVENUE and 8 AVENUE,  11 STREET between 7 AVENUE and 8 AVENUE","Brooklyn","6,","78,","Film","Feature","United States of America","11215,"
"943533","Shooting Permit","05/13/2026 06:00:00 AM","05/13/2026 08:00:00 PM","05/07/2026 05:08:36 PM","Mayor's Office of Media & Entertainment","MYRTLE AVENUE between LEWIS AVENUE and TROUTMAN STREET,  BROADWAY between Melrose STreet and DITMARS STREET,  VERNON AVENUE between LEWIS AVENUE and STUYVESANT AVENUE,  STUYVESANT AVENUE between BROADWAY and VERNON AVENUE,  VERNON AVENUE between STUYVESANT AVENUE and BROADWAY,  WILLOUGHBY AVENUE between STUYVESANT AVENUE and BROADWAY,  PULASKI STREET between LEWIS AVENUE and STUYVESANT AVENUE,  STUYVESANT AVENUE between HART STREET and PULASKI STREET,  TROUTMAN STREET between MYRTLE AVENUE and BUSHWICK AVENUE,  STUYVESANT AVENUE between VERNON AVENUE and WILLOUGHBY AVENUE","Brooklyn","3, 4,","79, 81, 83,","Film","Feature","United States of America","11206, 11221,"
"943310","Shooting Permit","05/12/2026 06:00:00 AM","05/12/2026 08:00:00 PM","05/07/2026 10:23:05 AM","Mayor's Office of Media & Entertainment","EAST   18 STREET between DITMAS AVENUE and NEWKIRK AVENUE,  DITMAS AVENUE between EAST   17 STREET and OCEAN AVENUE,  NEWKIRK AVENUE between EAST   17 STREET and EAST   19 STREET,  OCEAN AVENUE between DITMAS AVENUE and FOSTER AVENUE,  NEWKIRK AVENUE between OCEAN AVENUE and EAST   21 STREET,  EAST   19 STREET between DORCHESTER ROAD and DITMAS AVENUE,  EAST   19 STREET between DITMAS AVENUE and DORCHESTER ROAD","Brooklyn","14,","70,","Film","Feature","United States of America","11226,"
"941679","Shooting Permit","05/13/2026 06:00:00 AM","05/13/2026 08:00:00 PM","05/05/2026 09:58:31 AM","Mayor's Office of Media & Entertainment","39 PLACE between 48 AVENUE and 47 AVENUE,  48 AVENUE between 39 PLACE and 39 STREET","Queens","2,","108,","Film","Feature","United States of America","11104,"
"941537","Shooting Permit","05/07/2026 06:00:00 AM","05/07/2026 08:00:00 PM","05/04/2026 04:59:51 PM","Mayor's Office of Media & Entertainment","37 AVENUE between 86 STREET and 90 STREET,  90 STREET between 37 AVENUE and ROOSEVELT AVENUE,  ROOSEVELT AVENUE between 70 STREET and 72 STREET,  ROOSEVELT AVENUE between 70 STREET and 72 STREET,  70 STREET between 41 AVENUE and WOODSIDE AVENUE,  41 AVENUE between 69 STREET and 72 STREET,  72 STREET between ROOSEVELT AVENUE and BROADWAY,  41 AVENUE between 76 STREET and 77 STREET,  ROOSEVELT AVENUE between 67 STREET and 72 STREET,  70 STREET between ROOSEVELT AVENUE and 41 AVENUE","Queens","2, 3, 4,","108, 110, 115,","Film","Feature","United States of America","11372, 11373, 11377,"
"941526","Shooting Permit","05/11/2026 06:00:00 AM","05/11/2026 08:00:00 PM","05/04/2026 04:43:21 PM","Mayor's Office of Media & Entertainment","EAST   18 STREET between DITMAS AVENUE and NEWKIRK AVENUE,  DITMAS AVENUE between EAST   17 STREET and OCEAN AVENUE,  NEWKIRK AVENUE between EAST   17 STREET and EAST   19 STREET,  OCEAN AVENUE between DITMAS AVENUE and FOSTER AVENUE,  NEWKIRK AVENUE between OCEAN AVENUE and EAST   21 STREET,  EAST   19 STREET between DORCHESTER ROAD and DITMAS AVENUE,  EAST   19 STREET between DORCHESTER ROAD and DITMAS AVENUE","Brooklyn","14,","70,","Film","Feature","United States of America","11226,"
"941515","Shooting Permit","05/06/2026 05:00:00 PM","05/06/2026 11:30:00 PM","05/04/2026 04:19:41 PM","Mayor's Office of Media & Entertainment","GREENPOINT AVENUE between MANHATTAN AVENUE and FRANKLIN STREET","Brooklyn","1,","94,","Film","Feature","United States of America","11222,"
"941486","Shooting Permit","05/05/2026 11:00:00 AM","05/05/2026 11:45:00 PM","05/04/2026 03:41:51 PM","Mayor's Office of Media & Entertainment","GREENPOINT AVENUE between MANHATTAN AVENUE and FRANKLIN STREET,  EAST HOUSTON STREET between ELIZABETH STREET and MOTT STREET","Brooklyn","1, 2,","5, 9, 94,","Film","Feature","United States of America","10012, 11222,"
"941407","Shooting Permit","05/12/2026 06:00:00 AM","05/12/2026 08:00:00 PM","05/04/2026 01:19:26 PM","Mayor's Office of Media & Entertainment","PUTNAM AVENUE between ONDERDONK AVENUE and SENECA AVENUE,  SENECA AVENUE between PUTNAM AVENUE and CORNELIA STREET","Queens","5,","104,","Film","Feature","United States of America","11385,"
"940846","Shooting Permit","05/08/2026 06:00:00 AM","05/08/2026 08:00:00 PM","05/01/2026 05:16:59 PM","Mayor's Office of Media & Entertainment","ROOSEVELT AVENUE between 67 STREET and 72 STREET,  ROOSEVELT AVENUE between 70 STREET and 72 STREET,  70 STREET between ROOSEVELT AVENUE and 41 AVENUE,  70 STREET between 41 AVENUE and WOODSIDE AVENUE,  41 AVENUE between 69 STREET and 72 STREET,  72 STREET between ROOSEVELT AVENUE and BROADWAY,  72 STREET between ROOSEVELT AVENUE and BROADWAY,  41 AVENUE between 76 STREET and 77 STREET,  37 AVENUE between 86 STREET and 90 STREET,  90 STREET between 37 AVENUE and ROOSEVELT AVENUE,  73 STREET between 35 AVENUE and 37 AVENUE,  73 STREET between 37 AVENUE and BROADWAY,  37 AVENUE between 72 STREET and 74 STREET","Queens","2, 3, 4,","108, 110, 115,","Film","Feature","United States of America","11372, 11373, 11377,"
"940683","Shooting Permit","05/05/2026 09:00:00 AM","05/05/2026 11:00:00 PM","05/01/2026 11:20:12 AM","Mayor's Office of Media & Entertainment","JEFFERSON STREET between BROADWAY and BUSHWICK AVENUE","Brooklyn","4,","83,","Film","Feature","United States of America","11206,"
"940654","Shooting Permit","05/05/2026 03:00:00 PM","05/06/2026 03:00:00 AM","05/01/2026 10:41:16 AM","Mayor's Office of Media & Entertainment","MONTAGUE STREET between HICKS STREET and HENRY STREET,  ATLANTIC AVENUE between COURT STREET and BOERUM PLACE,  COURT STREET between ATLANTIC AVENUE and PACIFIC STREET","Brooklyn","2, 6,","76, 84,","Film","Feature","United States of America","11201,"
"940007","Shooting Permit","05/06/2026 06:00:00 AM","05/06/2026 08:00:00 PM","04/29/2026 02:23:22 PM","Mayor's Office of Media & Entertainment","37 AVENUE between 86 STREET and 90 STREET,  90 STREET between 37 AVENUE and ROOSEVELT AVENUE,  ROOSEVELT AVENUE between 67 STREET and 72 STREET,  ROOSEVELT AVENUE between 70 STREET and 72 STREET,  70 STREET between ROOSEVELT AVENUE and 41 AVENUE,  70 STREET between 41 AVENUE and WOODSIDE AVENUE,  41 AVENUE between 69 STREET and 72 STREET,  72 STREET between ROOSEVELT AVENUE and BROADWAY,  41 AVENUE between 76 STREET and 77 STREET","Queens","2, 3, 4,","108, 110, 115,","Film","Feature","United States of America","11372, 11373, 11377,"
"939416","Shooting Permit","05/05/2026 06:00:00 AM","05/05/2026 08:00:00 PM","04/28/2026 09:34:34 AM","Mayor's Office of Media & Entertainment","88 STREET between ROOSEVELT AVENUE and 37 AVENUE,  37 AVENUE between 86 STREET and 90 STREET,  90 STREET between 37 AVENUE and ROOSEVELT AVENUE,  89 STREET between 37 AVENUE and ROOSEVELT AVENUE,  82 STREET between 37 AVENUE and ROOSEVELT AVENUE,  ROOSEVELT AVENUE between 87 STREET and 90 STREET","Queens","3, 4,","110, 115,","Film","Feature","United States of America","11372, 11373,"
"939263","Shooting Permit","05/02/2026 08:00:00 AM","05/02/2026 10:00:00 PM","04/27/2026 04:38:53 PM","Mayor's Office of Media & Entertainment","AVENUE K between UTICA AVENUE and EAST   51 STREET","Brooklyn","18,","63,","Film","Feature","United States of America","11234,"
"939013","Shooting Permit","04/30/2026 06:00:00 AM","04/30/2026 07:00:00 PM","04/27/2026 10:50:41 AM","Mayor's Office of Media & Entertainment","WEST   10 STREET between SURF AVENUE and RIEGELMANN BOARDWALK,  SURF AVENUE between WEST   10 STREET and STILLWELL AVENUE,  WEST   12 STREET between SURF AVENUE and DEAD END","Brooklyn","13,","60,","Film","Feature","United States of America","11223, 11224, 11235,"
"938104","Shooting Permit","04/29/2026 07:00:00 AM","04/29/2026 10:30:00 PM","04/24/2026 07:19:29 PM","Mayor's Office of Media & Entertainment","8 AVENUE between 8 STREET and 9 STREET,  CARROLL STREET between 7 AVENUE and 6 AVENUE","Brooklyn","6,","78,","Film","Feature","United States of America","11215,"
"938023","Shooting Permit","04/30/2026 04:00:00 PM","05/01/2026 01:00:00 AM","04/24/2026 03:50:55 PM","Mayor's Office of Media & Entertainment","Queens Blvd between Bliss Street and 48th Street","Queens","2,","108,","Film","Feature","United States of America","11104,"
"938022","Shooting Permit","05/04/2026 06:00:00 AM","05/04/2026 08:00:00 PM","04/24/2026 03:50:08 PM","Mayor's Office of Media & Entertainment","88 STREET between ROOSEVELT AVENUE and 37 AVENUE,  37 AVENUE between 86 STREET and 90 STREET,  90 STREET between 37 AVENUE and ROOSEVELT AVENUE,  89 STREET between 37 AVENUE and ROOSEVELT AVENUE,  ROOSEVELT AVENUE between 87 STREET and 90 STREET,  82 STREET between 37 AVENUE and ROOSEVELT AVENUE","Queens","3,","115,","Film","Feature","United States of America","11372,"
"938021","Shooting Permit","05/01/2026 03:00:00 PM","05/01/2026 10:00:00 PM","04/24/2026 03:45:27 PM","Mayor's Office of Media & Entertainment","CENTER BOULEVARD between 46 AVENUE and 47 AVENUE","Queens","2,","108,","Film","Feature","United States of America","11101, 11109,"
"937796","Shooting Permit","04/28/2026 07:00:00 AM","04/28/2026 09:00:00 PM","04/24/2026 12:06:48 PM","Mayor's Office of Media & Entertainment","47 AVENUE between 11 STREET and JACKSON AVENUE,  GEORGE STREET between CYPRESS AVENUE and WYCKOFF AVENUE","Queens","2, 4, 5,","104, 108, 83,","Film","Feature","United States of America","11101, 11237, 11385,"
"937889","Shooting Permit","04/29/2026 07:00:00 AM","04/29/2026 09:00:00 PM","04/24/2026 11:10:10 AM","Mayor's Office of Media & Entertainment","MONITOR STREET between NORMAN AVENUE and GREENPOINT AVENUE,  KINGSLAND AVENUE between NORMAN AVENUE and GREENPOINT AVENUE,  KINGSLAND AVENUE between NORMAN AVENUE and GREENPOINT AVENUE","Brooklyn","1,","94,","Film","Feature","United States of America","11222,"
"937886","Shooting Permit","04/27/2026 07:00:00 AM","04/27/2026 07:00:00 PM","04/24/2026 10:53:47 AM","Mayor's Office of Media & Entertainment","Vernon Blvd between 41st Road and 41st Avenue,  VERNON BOULEVARD between 41 AVENUE and 40 AVENUE","Queens","1,","114,","Film","Feature","United States of America","11101,"
"937790","Shooting Permit","04/30/2026 08:00:00 AM","04/30/2026 09:00:00 PM","04/23/2026 10:55:21 PM","Mayor's Office of Media & Entertainment","EAST   78 STREET between GLENWOOD ROAD and FLATLANDS AVENUE,  BEDELL LANE between EAST   89 STREET and EAST   88 STREET","Brooklyn","18,","69,","Film","Short","United States of America","11236,"
"937693","Shooting Permit","04/28/2026 06:00:00 AM","04/28/2026 08:00:00 PM","04/23/2026 03:59:12 PM","Mayor's Office of Media & Entertainment","35 STREET between 34 AVENUE and 35 AVENUE,  35 AVENUE between 35 STREET and 36 STREET,  34 AVENUE between 35 STREET and 36 STREET","Queens","1, 4,","114, 18,","Film","Feature","United States of America","10019, 11106,"
"937692","Shooting Permit","04/27/2026 06:00:00 AM","04/27/2026 08:00:00 PM","04/23/2026 03:58:11 PM","Mayor's Office of Media & Entertainment","35 STREET between 34 AVENUE and 35 AVENUE,  35 AVENUE between 35 STREET and 36 STREET,  34 AVENUE between 35 STREET and 36 STREET,  35 STREET between 34 AVENUE and 35 AVENUE","Queens","1, 4,","114, 18,","Film","Feature","United States of America","10019, 11106,"
"937207","Shooting Permit","04/28/2026 08:00:00 AM","04/28/2026 11:00:00 PM","04/22/2026 01:51:41 PM","Mayor's Office of Media & Entertainment","EAST   35 STREET between LINDEN BOULEVARD and CHURCH AVENUE","Brooklyn","17,","67,","Film","Feature","United States of America","11203,"
"936674","Shooting Permit","04/28/2026 11:00:00 AM","04/29/2026 02:00:00 AM","04/21/2026 01:37:18 PM","Mayor's Office of Media & Entertainment","69 STREET between 32 AVENUE and NORTHERN BOULEVARD,  NORTHERN BOULEVARD between 69 STREET and 70 STREET,  69 STREET between NORTHERN BOULEVARD and 34 AVENUE,  69 STREET between 34 AVENUE and 35 AVENUE,  70 STREET between 34 AVENUE and 35 AVENUE,  34 AVENUE between 70 STREET and 71 STREET,  65 STREET between 35 AVENUE and BROADWAY,  35 AVENUE between 65 STREET and 64 STREET,  64 STREET between 35 AVENUE and 34 AVENUE,  BROADWAY between 64 STREET and 65 STREET,  65 STREET between 34 AVENUE and 35 AVENUE,  LEVERICH STREET between 35 AVENUE and 71 STREET,  37 AVENUE between 60 STREET and 59 STREET,  59 STREET between 37 AVENUE and 38 AVENUE","Queens","2, 3,","108, 115,","Film","Feature","United States of America","11372, 11377,"
"936581","Rigging Permit","04/27/2026 07:00:00 AM","04/27/2026 08:00:00 PM","04/21/2026 11:33:28 AM","Mayor's Office of Media & Entertainment","65 STREET between 34 AVENUE and 35 AVENUE,  64 STREET between 34 AVENUE and 35 AVENUE,  BROADWAY between 64 STREET and 65 STREET,  LEVERICH STREET between 35 AVENUE and 71 STREET","Queens","2, 3,","108, 115,","Film","Feature","United States of America","11372, 11377,"
"934380","Shooting Permit","04/22/2026 06:00:00 AM","04/22/2026 08:00:00 PM","04/15/2026 11:38:18 AM","Mayor's Office of Media & Entertainment","MONITOR STREET between NORMAN AVENUE and GREENPOINT AVENUE,  KINGSLAND AVENUE between NORMAN AVENUE and GREENPOINT AVENUE,  KINGSLAND AVENUE between NORMAN AVENUE and GREENPOINT AVENUE","Brooklyn","1,","94,","Film","Feature","United States of America","11222,"
"934137","Shooting Permit","04/21/2026 06:00:00 AM","04/21/2026 08:00:00 PM","04/15/2026 08:07:22 AM","Mayor's Office of Media & Entertainment","MONITOR STREET between NORMAN AVENUE and GREENPOINT AVENUE,  KINGSLAND AVENUE between NORMAN AVENUE and GREENPOINT AVENUE,  KINGSLAND AVENUE between NORMAN AVENUE and GREENPOINT AVENUE","Brooklyn","1,","94,","Film","Feature","United States of America","11222,"
"934136","Shooting Permit","04/20/2026 06:00:00 AM","04/20/2026 08:00:00 PM","04/15/2026 08:06:48 AM","Mayor's Office of Media & Entertainment","MONITOR STREET between NORMAN AVENUE and GREENPOINT AVENUE,  KINGSLAND AVENUE between NORMAN AVENUE and GREENPOINT AVENUE,  KINGSLAND AVENUE between NORMAN AVENUE and GREENPOINT AVENUE","Brooklyn","1,","94,","Film","Feature","United States of America","11222,"
"933752","Shooting Permit","04/17/2026 06:00:00 AM","04/17/2026 08:00:00 PM","04/14/2026 10:55:13 AM","Mayor's Office of Media & Entertainment","MONITOR STREET between NORMAN AVENUE and GREENPOINT AVENUE,  KINGSLAND AVENUE between NORMAN AVENUE and GREENPOINT AVENUE,  KINGSLAND AVENUE between NORMAN AVENUE and GREENPOINT AVENUE","Brooklyn","1,","94,","Film","Feature","United States of America","11222,"
"933552","Shooting Permit","04/20/2026 06:00:00 AM","04/20/2026 09:00:00 PM","04/13/2026 04:37:54 PM","Mayor's Office of Media & Entertainment","MESEROLE STREET between GRAHAM AVENUE and MANHATTAN AVENUE,  MONTROSE AVENUE between GRAHAM AVENUE and MANHATTAN AVENUE","Brooklyn","1,","90,","Film","Feature","United States of America","11206,"
"933475","Shooting Permit","04/17/2026 06:00:00 PM","04/18/2026 03:00:00 AM","04/13/2026 02:36:19 PM","Mayor's Office of Media & Entertainment","NORTH FOURTH STREET between DRIGGS AVENUE and ROEBLING STREET,  NORTH FOURTH STREET between ROEBLING STREET and DRIGGS AVENUE","Brooklyn","1,","94,","Film","Feature","United States of America","11211,"
"933272","Shooting Permit","04/16/2026 06:00:00 AM","04/16/2026 08:00:00 PM","04/13/2026 08:08:05 AM","Mayor's Office of Media & Entertainment","MONITOR STREET between NORMAN AVENUE and GREENPOINT AVENUE,  KINGSLAND AVENUE between NORMAN AVENUE and GREENPOINT AVENUE,  KINGSLAND AVENUE between NORMAN AVENUE and GREENPOINT AVENUE","Brooklyn","1,","94,","Film","Feature","United States of America","11222,"
"932847","Shooting Permit","04/15/2026 06:00:00 AM","04/15/2026 08:00:00 PM","04/10/2026 11:34:00 AM","Mayor's Office of Media & Entertainment","MONITOR STREET between NORMAN AVENUE and GREENPOINT AVENUE,  KINGSLAND AVENUE between NORMAN AVENUE and GREENPOINT AVENUE,  KINGSLAND AVENUE between NORMAN AVENUE and GREENPOINT AVENUE","Brooklyn","1,","94,","Film","Feature","United States of America","11222,"
"932684","Shooting Permit","04/17/2026 04:00:00 PM","04/18/2026 08:00:00 AM","04/09/2026 03:59:10 PM","Mayor's Office of Media & Entertainment","21 STREET between 21 ROAD and 22 DRIVE,  21 STREET between 22 ROAD and 22 DRIVE,  DITMARS BOULEVARD between SHORE BOULEVARD and 19 STREET,  DITMARS BOULEVARD between 21 STREET and 19 STREET,  19 STREET between 22 ROAD and 23 ROAD,  19 STREET between DITMARS BOULEVARD and 22 ROAD,  22 ROAD between 19 STREET and 23 STREET,  23 AVENUE between 21 STREET and 19 STREET,  DITMARS BOULEVARD between 21 STREET and 23 STREET,  22 DRIVE between 19 STREET and 23 STREET","Queens","1,","114,","Film","Feature","United States of America","11105,"
"932277","Shooting Permit","04/14/2026 06:00:00 AM","04/14/2026 08:00:00 PM","04/08/2026 01:20:12 PM","Mayor's Office of Media & Entertainment","MONITOR STREET between NORMAN AVENUE and GREENPOINT AVENUE,  KINGSLAND AVENUE between NORMAN AVENUE and GREENPOINT AVENUE,  KINGSLAND AVENUE between NORMAN AVENUE and GREENPOINT AVENUE","Brooklyn","1,","94,","Film","Feature","United States of America","11222,"
"932091","Shooting Permit",,"04/15/2026 04:00:00 AM","04/07/2026 05:40:10 PM","Mayor's Office of Media & Entertainment","39 STREET between 2 AVENUE and DEAD END,  39 STREET between 1 AVENUE and DEAD END,  39 STREET between 1 AVENUE and 2 AVENUE,  1 AVENUE between 39 STREET and 41 STREET","Brooklyn","7,","72,","Film","Feature","United States of America","11232,"
"932090","Shooting Permit","04/16/2026 04:00:00 PM","04/17/2026 08:00:00 AM","04/07/2026 05:38:46 PM","Mayor's Office of Media & Entertainment","39 STREET between 2 AVENUE and DEAD END,  39 STREET between 1 AVENUE and DEAD END,  39 STREET between 1 AVENUE and 2 AVENUE,  1 AVENUE between 39 STREET and 41 STREET","Brooklyn","7,","72,","Film","Feature","United States of America","11232,"
"932087","Shooting Permit","04/15/2026 01:00:00 PM","04/16/2026 05:00:00 AM","04/07/2026 05:31:24 PM","Mayor's Office of Media & Entertainment","39 STREET between 2 AVENUE and DEAD END,  39 STREET between 1 AVENUE and DEAD END,  39 STREET between 1 AVENUE and 2 AVENUE,  1 AVENUE between 39 STREET and 41 STREET","Brooklyn","7,","72,","Film","Feature","United States of America","11232,"
"932015","Shooting Permit","04/10/2026 05:00:00 AM","04/10/2026 07:00:00 PM","04/07/2026 03:09:54 PM","Mayor's Office of Media & Entertainment","PUTNAM AVENUE between SENECA AVENUE and ONDERDONK AVENUE,  MYRTLE AVENUE between ST NICHOLAS AVENUE and MADISON STREET","Queens","4, 5,","104, 83,","Film","Short","United States of America","11237, 11385,"
"931273","Shooting Permit",,"04/17/2026 12:00:00 PM","04/04/2026 01:25:07 PM","Mayor's Office of Media & Entertainment","LAFAYETTE AVENUE between VANDERBILT AVENUE and CLINTON AVENUE,  CLINTON AVENUE between LAFAYETTE AVENUE and GREENE AVENUE,  9 STREET between 35 AVENUE and 36 AVENUE","Brooklyn","1, 2,","114, 88,","Film","Feature","United States of America","11106, 11238,"
"930876","Shooting Permit","04/05/2026 01:00:00 PM","04/06/2026 03:30:00 AM","04/02/2026 03:32:32 PM","Mayor's Office of Media & Entertainment","HARRISON PLACE between PORTER AVENUE and KNICKERBOCKER AVENUE,  EAST    4 STREET between 2 AVENUE and BOWERY","Brooklyn","1, 2, 3,","9, 90,","Film","Feature","United States of America","10003, 11237,"
"930867","Shooting Permit","04/07/2026 10:00:00 PM",,"04/02/2026 03:07:57 PM","Mayor's Office of Media & Entertainment","KISSENA BOULEVARD between 65 AVENUE and MELBOURNE AVENUE","Queens","8,","107,","Film","Feature","United States of America","11367,"
"930828","Shooting Permit","04/04/2026 07:30:00 AM","04/04/2026 10:30:00 PM","04/02/2026 02:00:58 PM","Mayor's Office of Media & Entertainment","HARRISON PLACE between PORTER AVENUE and KNICKERBOCKER AVENUE","Brooklyn","1,","90,","Film","Feature","United States of America","11237,"
"930502","Shooting Permit",,"04/30/2026 01:00:00 AM","04/01/2026 01:45:33 PM","Mayor's Office of Media & Entertainment","BUTLER STREET between 4 AVENUE and 3 AVENUE","Brooklyn","6,","78,","Film","Feature","United States of America","11217,"
"930302","Shooting Permit","04/08/2026 06:00:00 AM","04/08/2026 09:15:00 PM","04/01/2026 12:00:08 PM","Mayor's Office of Media & Entertainment","EAST   35 STREET between LINDEN BOULEVARD and CHURCH AVENUE","Brooklyn","17,","67,","Film","Feature","United States of America","11203,"
"930372","Shooting Permit","04/03/2026 11:00:00 AM","04/03/2026 11:30:00 PM","04/01/2026 11:13:38 AM","Mayor's Office of Media & Entertainment","RIDGE BOULEVARD between 94 STREET and 93 STREET","Brooklyn","10,","68,","Film","Short","United States of America","11209,"
"929984","Shooting Permit","04/02/2026 11:00:00 AM","04/03/2026 02:00:00 AM","03/31/2026 10:50:14 AM","Mayor's Office of Media & Entertainment","GEORGIA AVENUE between BELMONT AVENUE and SUTTER AVENUE,  GEORGIA AVENUE between PITKIN AVENUE and BELMONT AVENUE,  BELMONT AVENUE between ALABAMA AVENUE and GEORGIA AVENUE,  GEORGIA AVENUE between PITKIN AVENUE and GLENMORE AVENUE,  PITKIN AVENUE between ALABAMA AVENUE and SHEFFIELD AVENUE,  SHEFFIELD AVENUE between BELMONT AVENUE and SUTTER AVENUE,  BELMONT AVENUE between GEORGIA AVENUE and SHEFFIELD AVENUE,  ALABAMA AVENUE between BELMONT AVENUE and SUTTER AVENUE,  BELMONT AVENUE between WILLIAMS AVENUE and ALABAMA AVENUE","Brooklyn","5,","75,","Film","Feature","United States of America","11207,"
"929927","Shooting Permit","04/02/2026 09:00:00 AM","04/02/2026 10:00:00 PM","03/31/2026 08:24:27 AM","Mayor's Office of Media & Entertainment","RIDGE BOULEVARD between 94 STREET and 93 STREET","Brooklyn","10,","68,","Film","Short","United States of America","11209,"
"929761","Shooting Permit","04/03/2026 06:00:00 PM","04/04/2026 06:00:00 AM","03/30/2026 03:36:01 PM","Mayor's Office of Media & Entertainment","21 STREET between 21 ROAD and 22 DRIVE,  21 STREET between 22 ROAD and 22 DRIVE,  DITMARS BOULEVARD between SHORE BOULEVARD and 19 STREET,  DITMARS BOULEVARD between 21 STREET and 19 STREET,  19 STREET between 22 ROAD and 23 ROAD,  19 STREET between DITMARS BOULEVARD and 22 ROAD,  22 ROAD between 19 STREET and 23 STREET,  22 DRIVE between 19 STREET and 23 STREET,  23 AVENUE between 21 STREET and 19 STREET,  DITMARS BOULEVARD between 21 STREET and 23 STREET","Queens","1,","114,","Film","Feature","United States of America","11105,"
"928695","Shooting Permit","03/28/2026 08:00:00 AM","03/28/2026 09:00:00 PM","03/26/2026 11:03:32 AM","Mayor's Office of Media & Entertainment","84 STREET between 32 AVENUE and NORTHERN BOULEVARD","Queens","3,","115,","Film","Feature","United States of America","11372,"
"928691","Rigging Permit","03/30/2026 06:00:00 AM","04/03/2026 10:00:00 PM","03/26/2026 10:57:27 AM","Mayor's Office of Media & Entertainment","DIAMOND STREET between CALYER STREET and MESEROLE AVENUE","Brooklyn","1,","94,","Film","Feature","United States of America","11222,"
"928040","Shooting Permit","03/30/2026 06:00:00 AM","03/30/2026 08:00:00 PM","03/24/2026 03:05:21 PM","Mayor's Office of Media & Entertainment","MONITOR STREET between NORMAN AVENUE and GREENPOINT AVENUE,  KINGSLAND AVENUE between NORMAN AVENUE and GREENPOINT AVENUE,  KINGSLAND AVENUE between NORMAN AVENUE and GREENPOINT AVENUE","Brooklyn","1,","94,","Film","Feature","United States of America","11222,"
"927995","Rigging Permit","03/30/2026 07:00:00 AM","03/30/2026 08:00:00 PM","03/24/2026 01:58:55 PM","Mayor's Office of Media & Entertainment","BELMONT AVENUE between GEORGIA AVENUE and ALABAMA AVENUE","Brooklyn","5,","75,","Film","Feature","United States of America","11207,"
"927990","Rigging Permit","03/27/2026 07:00:00 AM","03/27/2026 08:00:00 PM","03/24/2026 01:54:13 PM","Mayor's Office of Media & Entertainment","BELMONT AVENUE between GEORGIA AVENUE and ALABAMA AVENUE","Brooklyn","5,","75,","Film","Feature","United States of America","11207,"
"927971","Rigging Permit","03/26/2026 07:00:00 AM","03/27/2026 08:00:00 PM","03/24/2026 01:19:20 PM","Mayor's Office of Media & Entertainment","36 AVENUE between 37 STREET and 38 STREET,  37 STREET between 36 AVENUE and 35 AVENUE","Queens","1,","114,","Film","Feature","United States of America","11101,"
"927831","Shooting Permit","03/27/2026 06:00:00 AM","03/27/2026 08:00:00 PM","03/24/2026 08:47:51 AM","Mayor's Office of Media & Entertainment","MONITOR STREET between NORMAN AVENUE and GREENPOINT AVENUE,  KINGSLAND AVENUE between NORMAN AVENUE and GREENPOINT AVENUE,  KINGSLAND AVENUE between NORMAN AVENUE and GREENPOINT AVENUE","Brooklyn","1,","94,","Film","Feature","United States of America","11222,"
"927767","Shooting Permit","04/01/2026 08:30:00 AM","04/01/2026 11:59:00 PM","03/23/2026 08:05:07 PM","Mayor's Office of Media & Entertainment","GEORGIA AVENUE between BELMONT AVENUE and SUTTER AVENUE,  GEORGIA AVENUE between PITKIN AVENUE and BELMONT AVENUE,  BELMONT AVENUE between ALABAMA AVENUE and GEORGIA AVENUE,  BELMONT AVENUE between WILLIAMS AVENUE and ALABAMA AVENUE,  GEORGIA AVENUE between PITKIN AVENUE and GLENMORE AVENUE,  PITKIN AVENUE between ALABAMA AVENUE and SHEFFIELD AVENUE,  SHEFFIELD AVENUE between BELMONT AVENUE and SUTTER AVENUE,  BELMONT AVENUE between GEORGIA AVENUE and SHEFFIELD AVENUE,  ALABAMA AVENUE between BELMONT AVENUE and SUTTER AVENUE","Brooklyn","5,","75,","Film","Feature","United States of America","11207,"
"927762","Shooting Permit","03/31/2026 07:00:00 AM","03/31/2026 10:00:00 PM","03/23/2026 07:36:48 PM","Mayor's Office of Media & Entertainment","GEORGIA AVENUE between BELMONT AVENUE and SUTTER AVENUE,  GEORGIA AVENUE between PITKIN AVENUE and BELMONT AVENUE,  BELMONT AVENUE between ALABAMA AVENUE and GEORGIA AVENUE,  BELMONT AVENUE between WILLIAMS AVENUE and ALABAMA AVENUE,  GEORGIA AVENUE between PITKIN AVENUE and GLENMORE AVENUE,  PITKIN AVENUE between ALABAMA AVENUE and SHEFFIELD AVENUE,  SHEFFIELD AVENUE between BELMONT AVENUE and SUTTER AVENUE,  BELMONT AVENUE between GEORGIA AVENUE and SHEFFIELD AVENUE,  ALABAMA AVENUE between BELMONT AVENUE and SUTTER AVENUE","Brooklyn","5,","75,","Film","Feature","United States of America","11207,"
"927734","Shooting Permit","03/27/2026 06:00:00 AM","03/27/2026 10:00:00 PM","03/23/2026 04:55:05 PM","Mayor's Office of Media & Entertainment","14 AVENUE between TOTTEN STREET and UTOPIA PARKWAY,  TOTTEN STREET between 12 ROAD and CRYDERS LANE,  CRYDERS LANE between TOTTEN STREET and UTOPIA PARKWAY,  143 STREET between 14 AVENUE and 15 AVENUE,  UTOPIA PARKWAY between TOTTEN STREET and DEAD END,  140 STREET between 13 AVENUE and 14 AVENUE,  140 STREET between 14 AVENUE and 15 AVENUE,  15 AVENUE between 138 STREET and 143 STREET","Queens","7,","109,","Film","Feature","United States of America","11357,"
"927685","Shooting Permit","03/25/2026 03:30:00 PM","03/26/2026 05:00:00 AM","03/23/2026 03:21:01 PM","Mayor's Office of Media & Entertainment","31 STREET between 20 AVENUE and 21 AVENUE,  31 STREET between DITMARS BOULEVARD and 21 AVENUE,  20 AVENUE between CRESCENT STREET and 31 STREET,  20 AVENUE between 28 STREET and 29 STREET","Queens","1,","114,","Film","Feature","United States of America","11105,"
"926735","Shooting Permit",,"03/25/2026 04:30:00 AM","03/19/2026 03:39:52 PM","Mayor's Office of Media & Entertainment","20 AVENUE between CRESCENT STREET and 31 STREET,  29 STREET between 20 AVENUE and 21 AVENUE,  31 STREET between 20 AVENUE and 21 AVENUE,  21 AVENUE between 28 STREET and 31 STREET,  21 AVENUE between 29 STREET and 28 STREET,  20 AVENUE between 28 STREET and 29 STREET,  31 STREET between DITMARS BOULEVARD and 21 AVENUE","Queens","1,","114,","Film","Feature","United States of America","11105,"
"926725","Shooting Permit","03/27/2026 04:00:00 PM","03/28/2026 08:00:00 AM","03/19/2026 03:25:48 PM","Mayor's Office of Media & Entertainment","37 STREET between 36 AVENUE and 35 AVENUE,  36 AVENUE between 38 STREET and 35 STREET,  38 STREET between 35 AVENUE and 36 AVENUE,  38 STREET between 35 AVENUE and 34 AVENUE,  35 AVENUE between 37 STREET and STEINWAY STREET,  35 STREET between 36 AVENUE and 37 AVENUE","Queens","1,","114,","Film","Feature","United States of America","11101, 11106,"
"926458","Shooting Permit","03/26/2026 05:30:00 PM","03/27/2026 07:30:00 AM","03/19/2026 08:58:35 AM","Mayor's Office of Media & Entertainment","31 STREET between 28 AVENUE and NEWTOWN AVENUE,  31 STREET between 30 AVENUE and 30 DRIVE,  30 AVENUE between 30 STREET and 31 STREET,  NEWTOWN AVENUE between 30 STREET and 31 STREET,  20 AVENUE between CRESCENT STREET and 31 STREET,  29 STREET between 20 AVENUE and 21 AVENUE,  20 AVENUE between 28 STREET and 29 STREET,  31 STREET between 20 AVENUE and 21 AVENUE,  21 AVENUE between 28 STREET and 31 STREET,  21 AVENUE between 29 STREET and 28 STREET,  31 STREET between DITMARS BOULEVARD and 21 AVENUE,  ASTORIA BOULEVARD between 28 STREET and CRESCENT STREET,  31 STREET between NEWTOWN AVENUE and 30 AVENUE","Queens","1,","114,","Film","Feature","United States of America","11102, 11105,"
"926413","Shooting Permit","03/23/2026 08:30:00 AM","03/24/2026 12:30:00 PM","03/18/2026 11:56:44 PM","Mayor's Office of Media & Entertainment","48 AVENUE between 108 STREET and 111 STREET","Queens","4,","110,","Film","Short","United States of America","11368,"
"926412","Shooting Permit","03/22/2026 10:00:00 AM","03/23/2026 02:00:00 AM","03/18/2026 11:54:14 PM","Mayor's Office of Media & Entertainment","48 AVENUE between 108 STREET and 111 STREET","Queens","4,","110,","Film","Short","United States of America","11368,"
"923869","Shooting Permit","03/24/2026 06:00:00 AM","03/24/2026 11:00:00 PM","03/16/2026 10:45:42 AM","Mayor's Office of Media & Entertainment","47 ROAD between CENTER BOULEVARD and 5 STREET,  CENTER BOULEVARD between 46 AVENUE and 47 ROAD,  5 STREET between 47 AVENUE and 47 ROAD,  48 AVENUE between 5 STREET and VERNON BOULEVARD,  48 AVENUE between VERNON BOULEVARD and 11 STREET,  KINGSLAND AVENUE between GREENPOINT AVENUE and DEAD END","Queens","1, 2,","108, 94,","Film","Feature","United States of America","11101, 11109, 11222,"
"923632","Shooting Permit","03/26/2026 09:00:00 AM","03/27/2026 12:00:00 PM","03/13/2026 04:49:32 PM","Mayor's Office of Media & Entertainment","SUTTER AVENUE between GEORGIA AVENUE and PENNSYLVANIA AVENUE,  SHEFFIELD AVENUE between BELMONT AVENUE and SUTTER AVENUE","Brooklyn","5,","75,","Film","Feature","United States of America","11207,"
"923604","Shooting Permit","03/23/2026 08:00:00 AM","03/24/2026 12:00:00 PM","03/13/2026 02:54:20 PM","Mayor's Office of Media & Entertainment","29 STREET between DITMARS BOULEVARD and 21 AVENUE,  21 AVENUE between 28 STREET and 29 STREET,  DITMARS BOULEVARD between 28 STREET and 31 STREET,  31 STREET between DITMARS BOULEVARD and 20 AVENUE,  21 AVENUE between 29 STREET and 31 STREET,  28 STREET between DITMARS BOULEVARD and 21 AVENUE,  29 STREET between 21 AVENUE and 20 AVENUE,  20 AVENUE between 28 STREET and 29 STREET,  20 AVENUE between 29 STREET and 31 STREET,  20 AVENUE between CRESCENT STREET and 28 STREET","Queens","1,","114,","Film","Feature","United States of America","11105,"
"923508","Shooting Permit","03/19/2026 07:00:00 AM","03/19/2026 09:00:00 PM","03/13/2026 10:20:26 AM","Mayor's Office of Media & Entertainment","MONITOR STREET between NORMAN AVENUE and GREENPOINT AVENUE,  MONITOR STREET between NORMAN AVENUE and GREENPOINT AVENUE,  KINGSLAND AVENUE between NORMAN AVENUE and GREENPOINT AVENUE","Brooklyn","1,","94,","Film","Feature","United States of America","11222,"
"923507","Shooting Permit","03/18/2026 07:00:00 AM","03/18/2026 09:00:00 PM","03/13/2026 10:16:19 AM","Mayor's Office of Media & Entertainment","MONITOR STREET between NORMAN AVENUE and GREENPOINT AVENUE,  MONITOR STREET between NORMAN AVENUE and GREENPOINT AVENUE,  KINGSLAND AVENUE between NORMAN AVENUE and GREENPOINT AVENUE","Brooklyn","1,","94,","Film","Feature","United States of America","11222,"
"923503","Shooting Permit","03/17/2026 06:00:00 AM","03/17/2026 08:00:00 PM","03/13/2026 10:11:19 AM","Mayor's Office of Media & Entertainment","MONITOR STREET between NORMAN AVENUE and GREENPOINT AVENUE,  MONITOR STREET between NORMAN AVENUE and GREENPOINT AVENUE,  KINGSLAND AVENUE between NORMAN AVENUE and GREENPOINT AVENUE","Brooklyn","1,","94,","Film","Feature","United States of America","11222,"
"923356","Shooting Permit","03/16/2026 06:00:00 AM","03/16/2026 08:00:00 PM","03/12/2026 02:58:43 PM","Mayor's Office of Media & Entertainment","MONITOR STREET between NORMAN AVENUE and GREENPOINT AVENUE,  MONITOR STREET between NORMAN AVENUE and GREENPOINT AVENUE,  KINGSLAND AVENUE between NORMAN AVENUE and GREENPOINT AVENUE","Brooklyn","1,","94,","Film","Feature","United States of America","11222,"
"923240","Shooting Permit",,"03/17/2026 02:00:00 AM","03/12/2026 09:42:57 AM","Mayor's Office of Media & Entertainment","NORTH    8 STREET between BERRY STREET and WYTHE AVENUE","Brooklyn","1, 2,","84, 94,","Film","Short","United States of America","11201, 11249,"
"923238","Shooting Permit",,"03/16/2026 12:00:00 PM","03/12/2026 09:35:18 AM","Mayor's Office of Media & Entertainment","3 STREET between HOYT STREET and SMITH STREET","Brooklyn","6,","76,","Film","Short","United States of America","11231,"
"923233","DCAS Prep/Shoot/Wrap Permit","03/19/2026 06:00:00 AM","03/19/2026 03:00:00 PM","03/12/2026 08:43:28 AM","Mayor's Office of Media & Entertainment","COURT STREET between JORALEMON STREET and LIVINGSTON STREET,  COURT STREET between LIVINGSTON STREET and SCHERMERHORN STREET,  COURT STREET between SCHERMERHORN STREET and STATE STREET,  SCHERMERHORN STREET between COURT STREET and BOERUM PLACE,  TILLARY STREET between CADMAN PLAZA WEST and ADAMS STREET,  CADMAN PLAZA WEST between TILLARY STREET and MIDDAGH STREET,  PEARL STREET between WILLOUGHBY STREET and DEAD END,  CADMAN PLAZA WEST between PIERREPONT STREET and MONTAGUE STREET","Brooklyn","2,","84,","Film","Feature","United States of America","11201,"
"923180","Shooting Permit",,"03/19/2026 07:00:00 PM","03/11/2026 06:37:57 PM","Mayor's Office of Media & Entertainment","EVERIT STREET between OLD FULTON STREET and DOUGHTY STREET,  COLUMBIA HEIGHTS between DOUGHTY STREET and VINE STREET,  VINE STREET between COLUMBIA HEIGHTS and MCKENNY STREET,  TILLARY STREET between CADMAN PLAZA WEST and ADAMS STREET,  CADMAN PLAZA WEST between TILLARY STREET and MIDDAGH STREET,  PEARL STREET between WILLOUGHBY STREET and DEAD END","Brooklyn","2,","84,","Film","Feature","United States of America","11201,"
"923151","Shooting Permit","03/15/2026 07:00:00 AM","03/15/2026 09:00:00 PM","03/11/2026 04:55:59 PM","Mayor's Office of Media & Entertainment","54 AVENUE between 44 STREET and 46 STREET","Queens","1, 12, 2, 7, 9,","108, 114, 26, 30, 33, 5, 66, 72, 84,","Film","Feature","United States of America","10007, 10025, 10032, 11101, 11105, 11201, 11215, 11218, 11232, 11377, 11378,"
"923022","Shooting Permit","03/16/2026 08:00:00 AM","03/16/2026 08:00:00 PM","03/11/2026 11:38:14 AM","Mayor's Office of Media & Entertainment","4 AVENUE between 17 STREET and 18 STREET,  EAST   35 STREET between LINDEN BOULEVARD and CHURCH AVENUE","Brooklyn","17, 7,","67, 72,","Film","Short","United States of America","11203, 11215,"
"922942","Shooting Permit","03/15/2026 06:00:00 AM","03/15/2026 08:00:00 PM","03/10/2026 07:39:44 PM","Mayor's Office of Media & Entertainment","4 AVENUE between 17 STREET and 18 STREET","Brooklyn","7,","72,","Film","Short","United States of America","11215,"
"922940","Shooting Permit","03/14/2026 06:00:00 AM","03/14/2026 08:00:00 PM","03/10/2026 07:36:34 PM","Mayor's Office of Media & Entertainment","4 AVENUE between 17 STREET and 18 STREET","Brooklyn","7,","72,","Film","Short","United States of America","11215,"
"922700","Shooting Permit","03/18/2026 05:00:00 AM","03/18/2026 10:00:00 PM","03/10/2026 11:30:50 AM","Mayor's Office of Media & Entertainment","LINWOOD STREET between NEW LOTS AVENUE and HEGEMAN AVENUE","Brooklyn","5,","75,","Film","Feature","United States of America","11208,"
"922698","Shooting Permit","03/17/2026 05:00:00 AM","03/17/2026 10:00:00 PM","03/10/2026 11:30:00 AM","Mayor's Office of Media & Entertainment","LINWOOD STREET between NEW LOTS AVENUE and HEGEMAN AVENUE","Brooklyn","5,","75,","Film","Feature","United States of America","11208,"
"922697","Shooting Permit","03/16/2026 05:00:00 AM","03/16/2026 10:00:00 PM","03/10/2026 11:29:26 AM","Mayor's Office of Media & Entertainment","MADISON STREET between FRESH POND ROAD and 64 STREET,  MADISON STREET between 64 STREET and DEAD END,  64 STREET between WOODBINE STREET and MADISON STREET,  STIER PLACE between PUTNAM AVENUE and DEAD END","Queens","5,","104,","Film","Feature","United States of America","11385,"
"922696","Shooting Permit","03/19/2026 07:00:00 AM","03/20/2026 01:00:00 AM","03/10/2026 11:28:57 AM","Mayor's Office of Media & Entertainment","LINWOOD STREET between NEW LOTS AVENUE and HEGEMAN AVENUE","Brooklyn","5,","75,","Film","Feature","United States of America","11208,"
"922652","Rigging Permit","03/16/2026 07:00:00 AM","03/20/2026 07:00:00 PM","03/10/2026 09:36:20 AM","Mayor's Office of Media & Entertainment","29 STREET between 20 AVENUE and 21 AVENUE,  20 AVENUE between 29 STREET and 31 STREET","Queens","1,","114,","Film","Feature","United States of America","11105,"
"922594","Shooting Permit",,"03/16/2026 11:00:00 PM","03/09/2026 07:03:27 PM","Mayor's Office of Media & Entertainment","EAST   35 STREET between LINDEN BOULEVARD and CHURCH AVENUE","Brooklyn","17,","67,","Film","Short","United States of America","11203,"
"922050","Rigging Permit","03/09/2026 07:00:00 AM","03/13/2026 07:00:00 PM","03/06/2026 09:35:37 AM","Mayor's Office of Media & Entertainment","29 STREET between 20 AVENUE and 21 AVENUE,  20 AVENUE between 29 STREET and 31 STREET","Queens","1,","114,","Film","Feature","United States of America","11105,"
"922036","Shooting Permit","03/12/2026 06:00:00 AM","03/12/2026 07:00:00 PM","03/06/2026 08:00:44 AM","Mayor's Office of Media & Entertainment","STARR STREET between WYCKOFF AVENUE and KNICKERBOCKER AVENUE,  IRVING AVENUE between JEFFERSON STREET and SUYDAM STREET","Brooklyn","4,","83,","Film","Feature","United States of America","11237,"
"921920","Shooting Permit","03/13/2026 10:00:00 AM","03/14/2026 01:00:00 AM","03/05/2026 01:46:53 PM","Mayor's Office of Media & Entertainment","PUTNAM AVENUE between FOREST AVENUE and FAIRVIEW AVENUE,  MADISON STREET between FRESH POND ROAD and 64 STREET,  MADISON STREET between 64 STREET and DEAD END,  64 STREET between WOODBINE STREET and MADISON STREET,  STIER PLACE between PUTNAM AVENUE and DEAD END,  PALMETTO STREET between 60 PLACE and FRESH POND ROAD,  60 PLACE between PALMETTO STREET and GATES AVENUE","Queens","3, 5,","104, 5,","Film","Feature","United States of America","10038, 11385,"
"921752","Shooting Permit","03/07/2026 09:00:00 AM","03/07/2026 11:00:00 PM","03/04/2026 04:08:44 PM","Mayor's Office of Media & Entertainment","JEFFERSON STREET between BROADWAY and BUSHWICK AVENUE,  JEFFERSON STREET between BUSHWICK AVENUE and BROADWAY","Brooklyn","4,","83,","Film","Short","United States of America","11206,"
"921628","Shooting Permit","03/10/2026 06:00:00 AM","03/10/2026 10:00:00 PM","03/04/2026 11:41:57 AM","Mayor's Office of Media & Entertainment","MADISON STREET between FRESH POND ROAD and 64 STREET,  MADISON STREET between 64 STREET and DEAD END,  64 STREET between WOODBINE STREET and MADISON STREET,  STIER PLACE between PUTNAM AVENUE and DEAD END","Queens","5,","104,","Film","Feature","United States of America","11385,"
"921589","Shooting Permit","03/12/2026 10:00:00 AM","03/13/2026 01:00:00 AM","03/04/2026 09:54:09 AM","Mayor's Office of Media & Entertainment","Meeker Avenue between Jackson Street and Union Avenue,  Meeker Avenue between UNION AVENUE and Metropolitan Avenue,  UNION AVENUE between MEEKER AVENUE and CONSELYEA STREET,  Metropolitan Avenue between UNION AVENUE and Meeker Avenue,  BEDFORD AVENUE between LORIMER STREET and NORTH   12 STREET,  NORTH   12 STREET between BEDFORD AVENUE and DRIGGS AVENUE,  FRANKLIN STREET between OAK STREET and MILTON STREET,  NOBLE STREET between FRANKLIN STREET and WEST STREET,  MILTON STREET between FRANKLIN STREET and WEST STREET","Brooklyn","1,","94,","Film","Feature","United States of America","11211, 11222,"
"921513","Shooting Permit","03/06/2026 08:00:00 AM","03/06/2026 11:00:00 PM","03/03/2026 05:29:53 PM","Mayor's Office of Media & Entertainment","JEFFERSON STREET between BROADWAY and BUSHWICK AVENUE,  JEFFERSON STREET between BROADWAY and BUSHWICK AVENUE,  JEFFERSON STREET between BROADWAY and BUSHWICK AVENUE","Brooklyn","4,","83,","Film","Short","United States of America","11206,"
"921434","Shooting Permit","03/11/2026 06:00:00 AM","03/11/2026 07:00:00 PM","03/03/2026 01:47:29 PM","Mayor's Office of Media & Entertainment","STARR STREET between WYCKOFF AVENUE and KNICKERBOCKER AVENUE,  IRVING AVENUE between JEFFERSON STREET and SUYDAM STREET,  WILLOUGHBY AVENUE between WYCKOFF AVENUE and IRVING AVENUE","Brooklyn","4,","83,","Film","Feature","United States of America","11237,"
"921282","Shooting Permit","03/09/2026 06:00:00 AM","03/09/2026 07:00:00 PM","03/02/2026 06:06:17 PM","Mayor's Office of Media & Entertainment","BALTIC STREET between 3 AVENUE and 4 AVENUE,  BUTLER STREET between 3 AVENUE and 4 AVENUE","Brooklyn","6,","78,","Film","Feature","United States of America","11217,"
"921242","Shooting Permit","03/10/2026 07:00:00 AM","03/10/2026 09:00:00 PM","03/02/2026 02:49:45 PM","Mayor's Office of Media & Entertainment","MONITOR STREET between NORMAN AVENUE and GREENPOINT AVENUE,  MONITOR STREET between NORMAN AVENUE and GREENPOINT AVENUE,  KINGSLAND AVENUE between NORMAN AVENUE and GREENPOINT AVENUE","Brooklyn","1,","94,","Film","Feature","United States of America","11222,"
"921212","Shooting Permit","03/09/2026 07:00:00 AM","03/09/2026 09:00:00 PM","03/02/2026 02:16:09 PM","Mayor's Office of Media & Entertainment","HILLCREST AVENUE between 38 ROAD and CHERRY STREET,  Cherry Street between 235 Street and Prospect Avenue,  38 Road between HILLCREST AVENUE and 240 STREET,  239 STREET between 38 ROAD and CHERRY STREET","Queens","11,","111,","Film","Feature","United States of America","11363,"
"921185","Shooting Permit","03/11/2026 10:00:00 AM","03/11/2026 11:00:00 PM","03/02/2026 01:31:15 PM","Mayor's Office of Media & Entertainment","MONTROSE AVENUE between LEONARD STREET and LORIMER STREET","Brooklyn","1,","90,","Film","Feature","United States of America","11206,"
"920567","Shooting Permit","03/10/2026 08:00:00 AM","03/11/2026 12:01:00 PM","02/26/2026 11:43:11 AM","Mayor's Office of Media & Entertainment","LINDEN STREET between BUSHWICK AVENUE and BROADWAY,  BROADWAY between GROVE STREET and CORNELIA STREET,  BUSHWICK AVENUE between MENAHAN STREET and GROVE STREET","Brooklyn","4,","83,","Film","Feature","United States of America","11221,"
"920255","Shooting Permit","03/02/2026 06:00:00 AM","03/02/2026 08:00:00 PM","02/24/2026 10:12:07 PM","Mayor's Office of Media & Entertainment","MONITOR STREET between NORMAN AVENUE and GREENPOINT AVENUE,  MONITOR STREET between NORMAN AVENUE and GREENPOINT AVENUE,  KINGSLAND AVENUE between NORMAN AVENUE and GREENPOINT AVENUE","Brooklyn","1,","94,","Film","Feature","United States of America","11222,"
"920094","Shooting Permit","03/03/2026 06:00:00 AM","03/03/2026 09:00:00 PM","02/24/2026 10:44:04 AM","Mayor's Office of Media & Entertainment","Meeker Avenue between Jackson Street and Union Avenue,  Meeker Avenue between UNION AVENUE and Metropolitan Avenue,  UNION AVENUE between MEEKER AVENUE and CONSELYEA STREET,  Metropolitan Avenue between UNION AVENUE and Meeker Avenue,  BEDFORD AVENUE between LORIMER STREET and NORTH   12 STREET,  NORTH   12 STREET between BEDFORD AVENUE and DRIGGS AVENUE","Brooklyn","1,","94,","Film","Feature","United States of America","11211, 11222,"
"918941","Shooting Permit","02/16/2026 09:00:00 AM","02/17/2026 01:00:00 AM","02/12/2026 11:28:37 PM","Mayor's Office of Media & Entertainment","NORTH    3 STREET between KENT AVENUE and BERRY STREET,  N. 5th St between NORTHSIDE PIERS and Kent Ave,  NORTH    4 STREET between WYTHE AVENUE and KENT AVENUE,  WYTHE AVENUE between NORTH    3 STREET and NORTH    4 STREET","Brooklyn","1,","94,","Film","Short","United States of America","11249,"
"918762","Shooting Permit","02/20/2026 08:00:00 AM","02/20/2026 11:00:00 PM","02/11/2026 04:39:21 PM","Mayor's Office of Media & Entertainment","AVENUE C between EAST    7 STREET and EAST    9 STREET,  BEVERLEY ROAD between EAST    7 STREET and EAST    9 STREET,  BEVERLEY ROAD between EAST    9 STREET and CONEY ISLAND AVENUE,  CONEY ISLAND AVENUE between AVENUE C and CORTELYOU ROAD,  CONEY ISLAND AVENUE between CORTELYOU ROAD and DORCHESTER ROAD,  CORTELYOU ROAD between CONEY ISLAND AVENUE and STRATFORD ROAD","Brooklyn","12, 14,","66, 70,","Film","Feature","United States of America","11218,"
"918488","Shooting Permit","02/17/2026 06:00:00 AM","02/17/2026 08:00:00 PM","02/10/2026 09:54:12 AM","Mayor's Office of Media & Entertainment","ADELPHI STREET between LAFAYETTE AVENUE and GREENE AVENUE,  GREENE AVENUE between CARLTON AVENUE and ADELPHI STREET,  GREENE AVENUE between ADELPHI STREET and CLERMONT AVENUE,  MYRTLE AVENUE between WASHINGTON AVENUE and STEUBEN STREET,  SAINT JAMES PLACE between LAFAYETTE AVENUE and DEKALB AVENUE,  DEKALB AVENUE between WASHINGTON AVENUE and SAINT JAMES PLACE,  HALL STREET between DEKALB AVENUE and WILLOUGHBY AVENUE","Brooklyn","2,","88,","Film","Feature","United States of America","11205, 11238,"
"918432","Shooting Permit","02/19/2026 08:00:00 AM","02/19/2026 10:00:00 PM","02/09/2026 03:33:49 PM","Mayor's Office of Media & Entertainment","AVENUE C between EAST    7 STREET and EAST    9 STREET,  BEVERLEY ROAD between EAST    7 STREET and EAST    9 STREET,  BEVERLEY ROAD between EAST    9 STREET and CONEY ISLAND AVENUE,  CONEY ISLAND AVENUE between AVENUE C and CORTELYOU ROAD,  CONEY ISLAND AVENUE between CORTELYOU ROAD and DORCHESTER ROAD,  CORTELYOU ROAD between CONEY ISLAND AVENUE and STRATFORD ROAD","Brooklyn","12, 14,","66, 70,","Film","Feature","United States of America","11218,"
"918186","Shooting Permit","02/11/2026 05:00:00 PM","02/11/2026 11:00:00 PM","02/06/2026 09:51:43 AM","Mayor's Office of Media & Entertainment","1 AVENUE between 44 STREET and 43 STREET,  BOND STREET between DOUGLASS STREET and BUTLER STREET","Brooklyn","6, 7,","72, 76,","Film","Feature","United States of America","11217, 11232,"
"918110","Shooting Permit","02/12/2026 06:00:00 AM","02/12/2026 10:00:00 PM","02/05/2026 02:29:47 PM","Mayor's Office of Media & Entertainment","KINGSLAND AVENUE between DEAD END and GREENPOINT AVENUE","Brooklyn","1, 4,","14, 94,","Film","Feature","United States of America","10036, 11222,"
"917655","Shooting Permit","02/13/2026 09:00:00 AM","02/14/2026 12:00:00 PM","02/02/2026 06:39:28 PM","Mayor's Office of Media & Entertainment","CEDAR STREET between EVERGREEN AVENUE and MYRTLE AVENUE,  HART STREET between EVERGREEN AVENUE and MYRTLE AVENUE,  MYRTLE AVENUE between EVERGREEN AVENUE and HART STREET,  MYRTLE AVENUE between HART STREET and CEDAR STREET,  HART STREET between MYRTLE AVENUE and CENTRAL AVENUE,  STARR STREET between KNICKERBOCKER AVENUE and IRVING AVENUE,  KNICKERBOCKER AVENUE between TROUTMAN STREET and HART STREET","Brooklyn","4,","83,","Film","Feature","United States of America","11221, 11237,"
"917654","Shooting Permit","02/12/2026 08:00:00 AM","02/12/2026 11:00:00 PM","02/02/2026 06:39:27 PM","Mayor's Office of Media & Entertainment","5 AVENUE between 54 STREET and 59 STREET,  4 AVENUE between 57 STREET and 60 STREET,  58 STREET between 4 AVENUE and 5 AVENUE","Brooklyn","7,","72,","Film","Feature","United States of America","11220,"
"917495","Rigging Permit","02/13/2026 06:00:00 AM","02/13/2026 09:00:00 PM","02/02/2026 08:53:01 AM","Mayor's Office of Media & Entertainment","DIAMOND STREET between CALYER STREET and MESEROLE AVENUE","Brooklyn","1,","94,","Film","Feature","United States of America","11222,"
"917494","Rigging Permit","02/12/2026 06:00:00 AM","02/12/2026 09:00:00 PM","02/02/2026 08:51:17 AM","Mayor's Office of Media & Entertainment","DIAMOND STREET between CALYER STREET and MESEROLE AVENUE","Brooklyn","1,","94,","Film","Feature","United States of America","11222,"
"917493","Rigging Permit","02/11/2026 06:00:00 AM","02/11/2026 09:00:00 PM","02/02/2026 08:50:27 AM","Mayor's Office of Media & Entertainment","DIAMOND STREET between CALYER STREET and MESEROLE AVENUE","Brooklyn","1,","94,","Film","Feature","United States of America","11222,"
"917252","Rigging Permit","02/10/2026 06:00:00 AM","02/10/2026 09:00:00 PM","01/30/2026 02:46:23 PM","Mayor's Office of Media & Entertainment","DIAMOND STREET between CALYER STREET and MESEROLE AVENUE","Brooklyn","1,","94,","Film","Feature","United States of America","11222,"
"914987","Shooting Permit","01/29/2026 06:00:00 AM","01/29/2026 09:00:00 PM","01/25/2026 09:28:50 PM","Mayor's Office of Media & Entertainment","QUEENS PLAZA SOUTH between 10 STREET and 11 STREET,  22 STREET between QUEENS PLAZA NORTH and 41 AVENUE,  21 STREET between QUEENS PLAZA SOUTH and 43 AVENUE,  QUEENS PLAZA SOUTH between 9 STREET and 10 STREET,  WEST   14 STREET between 7 AVENUE and 8 AVENUE,  QUEENS PLAZA SOUTH between 11 STREET and 12 STREET,  MERCER STREET between SPRING STREET and BROOME STREET,  SPRING STREET between MERCER STREET and GREENE STREET,  GREENWICH AVENUE between WEST   12 STREET and WEST   13 STREET,  WEST   13 STREET between 7 AVENUE and GREENWICH AVENUE,  GREENWICH AVENUE between WEST   13 STREET and 8 AVENUE,  WEST   12 STREET between 7 AVENUE and GREENWICH AVENUE,  WEST   12 STREET between 7 AVENUE and GREENWICH AVENUE,  WEST   44 STREET between 6 AVENUE and 5 AVENUE,  WEST   44 STREET between 6 AVENUE and 7 AVENUE,  WEST   43 STREET between 5 AVENUE and 6 AVENUE,  6 AVENUE between WEST   43 STREET and WEST   44 STREET,  6 AVENUE between WEST   42 STREET and WEST   43 STREET,  WEST   43 STREET between 6 AVENUE and 7 AVENUE","Queens","1, 2, 5,","1, 108, 114, 14, 6,","Film","Feature","United States of America","10011, 10012, 10014, 10036, 11101,"
"913905","Shooting Permit",,"01/29/2026 08:00:00 PM","01/19/2026 09:43:46 PM","Mayor's Office of Media & Entertainment","WASHINGTON STREET between WATER STREET and PLYMOUTH STREET,  WASHINGTON STREET between WATER STREET and FRONT STREET","Brooklyn","2,","84,","Film","Feature","United States of America","11201,"
"913808","Shooting Permit","01/22/2026 01:00:00 PM","01/23/2026 03:00:00 AM","01/19/2026 04:51:19 AM","Mayor's Office of Media & Entertainment","METROPOLITAN AVENUE between MEEKER AVENUE and UNION AVENUE,  DECATUR STREET between THROOP AVENUE and MARCUS GARVEY BOULEVARD,  DECATUR STREET between MARCUS GARVEY BOULEVARD and THROOP AVENUE,  MARCUS GARVEY BOULEVARD between DECATUR STREET and FULTON STREET","Brooklyn","1, 3,","79, 81, 90, 94,","Film","Feature","United States of America","11211, 11213, 11216,"
"913525","Shooting Permit","01/21/2026 01:00:00 PM","01/22/2026 02:00:00 AM","01/16/2026 10:15:01 AM","Mayor's Office of Media & Entertainment","RIVER STREET between GRAND STREET and NORTH    1 STREET,  MILTON STREET between MANHATTAN AVENUE and FRANKLIN STREET","Brooklyn","1,","90, 94,","Film","Feature","United States of America","11222, 11249,"
"913303","Shooting Permit","01/20/2026 09:00:00 AM","01/20/2026 11:59:00 AM","01/15/2026 10:17:31 AM","Mayor's Office of Media & Entertainment","BOERUM STREET between WHITE STREET and BOGART STREET,  WHITE STREET between BOERUM STREET and MCKIBBIN STREET","Brooklyn","1,","90,","Film","Feature","United States of America","11206,"
"913205","Shooting Permit","01/19/2026 06:00:00 AM","01/19/2026 08:00:00 PM","01/14/2026 04:21:10 PM","Mayor's Office of Media & Entertainment","BOERUM STREET between WHITE STREET and BOGART STREET,  VARET STREET between BUSHWICK AVENUE and WHITE STREET,  VARET STREET between WHITE STREET and BOGART STREET,  WHITE STREET between VARET STREET and COOK STREET","Brooklyn","1,","90,","Film","Feature","United States of America","11206,"
"912119","Shooting Permit","01/14/2026 10:00:00 AM","01/15/2026 12:00:00 PM","01/09/2026 10:03:57 AM","Mayor's Office of Media & Entertainment","WILLOUGHBY AVENUE between TOMPKINS AVENUE and THROOP AVENUE","Brooklyn","3,","79,","Film","Feature","United States of America","11206,"
"912053","Shooting Permit","01/12/2026 11:00:00 AM","01/13/2026 04:00:00 AM","01/08/2026 05:16:29 PM","Mayor's Office of Media & Entertainment","REMSEN STREET between HENRY STREET and CLINTON STREET,  CADMAN PLAZA WEST between MIDDAGH STREET and TILLARY STREET,  WATER STREET between MAIN STREET and OLD FULTON STREET,  OLD FULTON STREET between WATER STREET and FRONT STREET,  VINE STREET between COLUMBIA HEIGHTS and MCKENNY STREET,  FURMAN STREET between OLD FULTON STREET and DOUGHTY STREET","Brooklyn","2,","84,","Film","Feature","United States of America","11201,"
"911955","Shooting Permit","01/13/2026 10:00:00 AM","01/13/2026 11:59:00 PM","01/08/2026 01:12:40 PM","Mayor's Office of Media & Entertainment","WILLOUGHBY AVENUE between TOMPKINS AVENUE and THROOP AVENUE,  VERNON AVENUE between TOMPKINS AVENUE and MARCY AVENUE","Brooklyn","3,","79,","Film","Feature","United States of America","11206,"
"911510","Shooting Permit","01/12/2026 09:30:00 AM","01/12/2026 11:30:00 PM","01/07/2026 11:24:56 AM","Mayor's Office of Media & Entertainment","WILLOUGHBY AVENUE between TOMPKINS AVENUE and THROOP AVENUE,  VERNON AVENUE between TOMPKINS AVENUE and MARCY AVENUE","Brooklyn","3,","79,","Film","Feature","United States of America","11206,"
"909669","Shooting Permit","01/05/2026 06:00:00 AM","01/05/2026 03:00:00 PM","12/31/2025 03:31:44 PM","Mayor's Office of Media & Entertainment","8 STREET between 8 AVENUE and 7 AVENUE","Brooklyn","6,","78,","Film","Short","United States of America","11215,"
"909647","Shooting Permit","01/03/2026 06:00:00 AM","01/03/2026 11:59:00 PM","12/31/2025 03:24:07 PM","Mayor's Office of Media & Entertainment","8 STREET between 8 AVENUE and 7 AVENUE","Brooklyn","6,","78,","Film","Short","United States of America","11215,"
"909500","Shooting Permit","01/04/2026 06:00:00 AM","01/04/2026 11:59:00 PM","12/31/2025 01:23:42 PM","Mayor's Office of Media & Entertainment","8 STREET between 8 AVENUE and 7 AVENUE","Brooklyn","6,","78,","Film","Short","United States of America","11215,"
"908486","Shooting Permit","01/06/2026 06:00:00 AM","01/06/2026 08:00:00 PM","12/30/2025 02:56:41 PM","Mayor's Office of Media & Entertainment","GRAHAM AVENUE between MAUJER STREET and GRAND STREET,  GREENPOINT AVENUE between LEONARD STREET and MANHATTAN AVENUE,  MANHATTAN AVENUE between NORMAN AVENUE and MESEROLE AVENUE","Brooklyn","1,","90, 94,","Film","Feature","United States of America","11206, 11222,"
"906924","Shooting Permit","01/09/2026 09:00:00 AM","01/09/2026 11:00:00 PM","12/29/2025 03:15:11 PM","Mayor's Office of Media & Entertainment","WILLOUGHBY AVENUE between THROOP AVENUE and TOMPKINS AVENUE","Brooklyn","3,","79,","Film","Feature","United States of America","11206,"
"906922","Shooting Permit","01/08/2026 08:00:00 AM","01/08/2026 11:00:00 PM","12/29/2025 03:09:51 PM","Mayor's Office of Media & Entertainment","WILLOUGHBY AVENUE between THROOP AVENUE and TOMPKINS AVENUE","Brooklyn","3,","79,","Film","Feature","United States of America","11206,"
"905859","Shooting Permit","12/17/2025 03:00:00 PM","12/18/2025 05:00:00 AM","12/12/2025 08:06:48 PM","Mayor's Office of Media & Entertainment","BEDFORD AVENUE between LORIMER STREET and NORTH   12 STREET,  NORTH   13 STREET between BERRY STREET and WYTHE AVENUE,  NORTH   13 STREET between WYTHE AVENUE and KENT AVENUE,  KENT AVENUE between NORTH   13 STREET and NORTH   12 STREET,  WYTHE AVENUE between NORTH   13 STREET and NORTH   12 STREET,  NORTH   12 STREET between BERRY STREET and KENT AVENUE,  WYTHE AVENUE between NORTH   12 STREET and NORTH   11 STREET","Brooklyn","1,","94,","Film","Feature","United States of America","11222, 11249,"
"905151","Shooting Permit","12/17/2025 03:00:00 PM","12/18/2025 03:00:00 AM","12/10/2025 02:50:20 PM","Mayor's Office of Media & Entertainment","BROADWAY between ARION PLACE and BELVIDERE STREET","Brooklyn","3, 4,","81, 83,","Film","Short","United States of America","11206,"
"905149","Shooting Permit","12/16/2025 03:00:00 PM","12/17/2025 03:00:00 AM","12/10/2025 02:49:05 PM","Mayor's Office of Media & Entertainment","BROADWAY between ARION PLACE and BELVIDERE STREET","Brooklyn","4,","83,","Film","Short","United States of America","11206,"
"905147","Shooting Permit","12/15/2025 03:00:00 PM","12/16/2025 03:00:00 AM","12/10/2025 02:47:31 PM","Mayor's Office of Media & Entertainment","BROADWAY between ARION PLACE and BELVIDERE STREET","Brooklyn","4,","83,","Film","Short","United States of America","11206,"
"904816","Shooting Permit","12/16/2025 02:00:00 PM","12/16/2025 11:00:00 PM","12/09/2025 10:34:29 AM","Mayor's Office of Media & Entertainment","STILLWELL AVENUE between BOWERY STREET and RIEGELMANN BOARDWALK","Brooklyn","13,","60,","Film","Short","United States of America","11224,"
"904697","Shooting Permit","12/15/2025 07:00:00 AM","12/15/2025 07:00:00 PM","12/08/2025 03:51:58 PM","Mayor's Office of Media & Entertainment","7 AVENUE between UNION STREET and PRESIDENT STREET,  7 AVENUE between UNION STREET and PRESIDENT STREET","Brooklyn","6,","78,","Film","Short","United States of America","11215,"
"904691","Shooting Permit","12/14/2025 07:00:00 AM","12/15/2025 01:00:00 PM","12/08/2025 03:29:28 PM","Mayor's Office of Media & Entertainment","RALPH AVENUE between AVENUE N and EAST   64 STREET,  RALPH AVENUE between AVENUE N and EAST   64 STREET","Brooklyn","18,","63,","Film","Short","United States of America","11234,"
"904685","Shooting Permit","12/13/2025 07:00:00 AM","12/13/2025 07:00:00 PM","12/08/2025 03:18:22 PM","Mayor's Office of Media & Entertainment","RALPH AVENUE between AVENUE N and EAST   64 STREET","Brooklyn","18,","63,","Film","Short","United States of America","11234,"
"904467","Shooting Permit","12/12/2025 07:00:00 AM","12/12/2025 07:00:00 PM","12/07/2025 09:58:04 AM","Mayor's Office of Media & Entertainment","RALPH AVENUE between AVENUE N and EAST   64 STREET","Brooklyn","18,","63,","Film","Short","United States of America","11234,"
"903696","Shooting Permit","12/04/2025 04:00:00 PM","12/05/2025 04:00:00 AM","12/03/2025 02:13:19 PM","Mayor's Office of Media & Entertainment","WEST STREET between QUAY STREET and NOBLE STREET","Brooklyn","1,","94,","Film","Feature","United States of America","11222,"
"903553","Shooting Permit","12/09/2025 07:00:00 AM","12/09/2025 10:00:00 PM","12/02/2025 11:11:26 PM","Mayor's Office of Media & Entertainment","35 STREET between DITMARS BOULEVARD and 23 AVENUE,  36 STREET between 23 AVENUE and DITMARS BOULEVARD","Queens","1,","114,","Film","Feature","United States of America","11105,"
"903042","Shooting Permit","12/08/2025 07:00:00 AM","12/08/2025 06:00:00 PM","12/01/2025 11:24:48 AM","Mayor's Office of Media & Entertainment","35 STREET between DITMARS BOULEVARD and 23 AVENUE,  36 STREET between 23 AVENUE and DITMARS BOULEVARD,  35 STREET between 23 AVENUE and 24 AVENUE,  23 AVENUE between 35 STREET and 36 STREET","Queens","1,","114,","Film","Feature","United States of America","11103, 11105,"
"902699","Shooting Permit","12/03/2025 07:00:00 AM","12/03/2025 09:00:00 PM","11/26/2025 02:54:15 PM","Mayor's Office of Media & Entertainment","KINGSLAND AVENUE between GREENPOINT AVENUE and NORMAN AVENUE,  MONITOR STREET between GREENPOINT AVENUE and NORMAN AVENUE,  GREENWICH STREET between BANK STREET and PERRY STREET,  BLEEKER STREET between BANK STREET and WEST   11 STREET,  PERRY STREET between HUDSON STREET and BLEEKER STREET,  HUDSON STREET between PERRY STREET and WEST   10 STREET,  7 AVENUE SOUTH between WEST   11 STREET and WEST   10 STREET,  GREENWICH AVENUE between BANK STREET and WEST   11 STREET,  WEST   13 STREET between 7 AVENUE and GREENWICH AVENUE,  HUDSON STREET between BANK STREET and WEST   11 STREET,  HUDSON STREET between WEST   11 STREET and PERRY STREET,  WEST   11 STREET between HUDSON STREET and GREENWICH STREET","Brooklyn","1, 2,","6, 94,","Film","Feature","United States of America","10011, 10014, 11222,"
"902581","Shooting Permit","12/01/2025 07:00:00 AM","12/01/2025 09:00:00 PM","11/26/2025 10:55:38 AM","Mayor's Office of Media & Entertainment","KINGSLAND AVENUE between GREENPOINT AVENUE and NORMAN AVENUE,  MONITOR STREET between GREENPOINT AVENUE and NORMAN AVENUE","Brooklyn","1,","94,","Film","Feature","United States of America","11222,"
"902096","Shooting Permit","12/01/2025 06:00:00 AM","12/01/2025 08:00:00 PM","11/24/2025 10:03:00 AM","Mayor's Office of Media & Entertainment","THROOP AVENUE between HOPKINS STREET and PARK AVENUE","Brooklyn","3,","79, 81,","Film","Feature","United States of America","11206,"
"902094","Shooting Permit","11/30/2025 06:00:00 AM","11/30/2025 08:00:00 PM","11/24/2025 09:56:10 AM","Mayor's Office of Media & Entertainment","THROOP AVENUE between HOPKINS STREET and PARK AVENUE","Brooklyn","3,","79, 81,","Film","Feature","United States of America","11206,"
"901673","Shooting Permit","11/26/2025 06:00:00 AM","11/26/2025 08:00:00 PM","11/20/2025 03:54:56 PM","Mayor's Office of Media & Entertainment","THROOP AVENUE between HOPKINS STREET and PARK AVENUE","Queens","3, 5,","104, 79, 81,","Film","Feature","United States of America","11206, 11379,"
"901663","Shooting Permit","12/04/2025 08:00:00 AM","12/04/2025 10:00:00 PM","11/20/2025 03:31:15 PM","Mayor's Office of Media & Entertainment","DECATUR STREET between MALCOLM X BOULEVARD and STUYVESANT AVENUE","Brooklyn","3,","81,","Film","Short","United States of America","11233,"
"901651","Shooting Permit","11/24/2025 08:00:00 AM","11/24/2025 09:30:00 PM","11/20/2025 02:48:43 PM","Mayor's Office of Media & Entertainment","GREENPOINT AVENUE between MCGUINESS BOULEVARD and MANHATTAN AVENUE,  GREENPOINT AVENUE between MCGUINESS BOULEVARD and MANHATTAN AVENUE,  GREENPOINT AVENUE between MANHATTAN AVENUE and FRANKLIN STREET,  MANHATTAN AVENUE between GREENPOINT AVENUE and CALYER STREET,  LEONARD STREET between CALYER STREET and GREENPOINT AVENUE","Brooklyn","1,","94,","Film","Feature","United States of America","11222,"
"901522","Shooting Permit","11/23/2025 08:00:00 AM","11/23/2025 10:00:00 PM","11/20/2025 12:45:15 PM","Mayor's Office of Media & Entertainment","11 STREET between 2 AVENUE and 3 AVENUE","Brooklyn","6,","78,","Film","Feature","United States of America","11215,"
"901560","Shooting Permit","11/26/2025 09:00:00 AM","11/26/2025 11:00:00 PM","11/20/2025 10:35:43 AM","Mayor's Office of Media & Entertainment","KINGSLAND AVENUE between GREENPOINT AVENUE and NORMAN AVENUE,  MONITOR STREET between GREENPOINT AVENUE and NORMAN AVENUE","Brooklyn","1,","94,","Film","Feature","United States of America","11222,"
"901556","Shooting Permit","11/25/2025 09:00:00 AM","11/25/2025 11:00:00 PM","11/20/2025 10:18:20 AM","Mayor's Office of Media & Entertainment","9 STREET between QUEENS PLAZA SOUTH and 43 ROAD,  43 AVENUE between VERNON BOULEVARD and 10 STREET,  QUEENS PLAZA SOUTH between 9 STREET and 10 STREET,  VERNON BOULEVARD between 43 AVENUE and QUEENS PLAZA SOUTH,  Vernon Blvd between 41st Road and 40th Ave,  43 AVENUE between 21 STREET and 13 STREET,  13 STREET between 43 AVENUE and QUEENS PLAZA SOUTH","Queens","2,","108,","Film","Feature","United States of America","11101,"
"901486","Shooting Permit","11/23/2025 06:00:00 AM","11/23/2025 11:55:00 PM","11/19/2025 04:55:01 PM","Mayor's Office of Media & Entertainment","DECATUR STREET between MALCOLM X BOULEVARD and STUYVESANT AVENUE","Brooklyn","3,","81,","Film","Short","United States of America","11233,"
"901300","Shooting Permit","12/03/2025 08:00:00 AM","12/03/2025 10:00:00 PM","11/19/2025 12:21:45 PM","Mayor's Office of Media & Entertainment","DECATUR STREET between MALCOLM X BOULEVARD and STUYVESANT AVENUE","Brooklyn","3,","81,","Film","Short","United States of America","11233,"
"901347","Shooting Permit","11/25/2025 07:00:00 AM","11/25/2025 09:00:00 PM","11/19/2025 10:03:59 AM","Mayor's Office of Media & Entertainment","DITMARS BOULEVARD between 46 STREET and 47 STREET,  47 STREET between DITMARS BOULEVARD and ASTORIA BLVD NORTH,  DITMARS BOULEVARD between 48 STREET and 49 STREET,  49th Street between Astoria Blvd N and Ditmars Blvd,  49 STREET between DITMARS BOULEVARD and 21 AVENUE,  DITMARS BOULEVARD between 49 STREET and HAZEN STREET,  HAZEN STREET between DITMARS BOULEVARD and 21 AVENUE,  HAZEN STREET between DITMARS BOULEVARD and ASTORIA BLVD NORTH","Queens","1,","114,","Film","Feature","United States of America","11105, 11370,"
"901207","Shooting Permit","11/24/2025 09:00:00 AM","11/24/2025 11:00:00 PM","11/18/2025 03:21:25 PM","Mayor's Office of Media & Entertainment","9 STREET between QUEENS PLAZA SOUTH and 43 ROAD,  43 AVENUE between VERNON BOULEVARD and 10 STREET,  QUEENS PLAZA SOUTH between 9 STREET and 10 STREET,  VERNON BOULEVARD between 43 AVENUE and QUEENS PLAZA SOUTH,  Vernon Blvd between 41st Road and 40th Ave,  43 AVENUE between 21 STREET and 13 STREET,  13 STREET between QUEENS PLAZA SOUTH and 43 AVENUE","Queens","2,","108,","Film","Feature","United States of America","11101,"
"901164","Shooting Permit","11/22/2025 05:00:00 AM","11/23/2025 06:00:00 PM","11/18/2025 02:51:16 PM","Mayor's Office of Media & Entertainment","10 STREET between 6 AVENUE and 7 AVENUE","Brooklyn","6,","78,","Film","Short","United States of America","11215,"
"901105","Shooting Permit","11/21/2025 04:30:00 PM","11/22/2025 06:00:00 AM","11/18/2025 01:27:20 PM","Mayor's Office of Media & Entertainment","9 STREET between QUEENS PLAZA SOUTH and 43 ROAD,  43 AVENUE between VERNON BOULEVARD and 10 STREET,  QUEENS PLAZA SOUTH between 9 STREET and 10 STREET,  VERNON BOULEVARD between QUEENS PLAZA SOUTH and 43 AVENUE,  Vernon Blvd between 41st Road and 40th Ave","Queens","2,","108,","Film","Feature","United States of America","11101,"
"900559","Shooting Permit","11/20/2025 04:00:00 PM","11/21/2025 05:30:00 AM","11/17/2025 11:36:08 AM","Mayor's Office of Media & Entertainment","9 STREET between QUEENS PLAZA SOUTH and 43 ROAD,  43 AVENUE between VERNON BOULEVARD and 10 STREET,  QUEENS PLAZA SOUTH between 9 STREET and 10 STREET,  VERNON BOULEVARD between 43 AVENUE and QUEENS PLAZA SOUTH,  Vernon Blvd between 41st Road and 40th Ave","Queens","2,","108,","Film","Feature","United States of America","11101,"
"899759","Shooting Permit","11/22/2025 07:00:00 AM","11/22/2025 11:50:00 PM","11/13/2025 01:14:34 PM","Mayor's Office of Media & Entertainment","DECATUR STREET between MALCOLM X BOULEVARD and STUYVESANT AVENUE","Brooklyn","3,","81,","Film","Short","United States of America","11233,"
"899745","Shooting Permit","11/21/2025 06:00:00 AM","11/21/2025 07:00:00 PM","11/13/2025 11:53:52 AM","Mayor's Office of Media & Entertainment","97 PLACE between CHRISTIE AVENUE and 50 AVENUE,  CHRISTIE AVENUE between 97 PLACE and 98 STREET,  98 STREET between CHRISTIE AVENUE and 55 AVENUE,  CHRISTIE AVENUE between 98 STREET and 99 STREET,  97 PLACE between CHRISTIE AVENUE and 55 AVENUE","Queens","4,","110,","Film","Feature","United States of America","11368,"
"899741","Shooting Permit","11/20/2025 06:00:00 AM","11/20/2025 07:00:00 PM","11/13/2025 11:48:34 AM","Mayor's Office of Media & Entertainment","97 PLACE between CHRISTIE AVENUE and 50 AVENUE,  CHRISTIE AVENUE between 97 PLACE and 98 STREET,  98 STREET between CHRISTIE AVENUE and 55 AVENUE,  CHRISTIE AVENUE between 98 STREET and 99 STREET,  97 PLACE between CHRISTIE AVENUE and 55 AVENUE","Queens","4,","110,","Film","Feature","United States of America","11368,"
"899667","Shooting Permit","11/19/2025 06:00:00 AM","11/19/2025 07:00:00 PM","11/12/2025 03:11:29 PM","Mayor's Office of Media & Entertainment","97 PLACE between CHRISTIE AVENUE and 50 AVENUE,  CHRISTIE AVENUE between 97 PLACE and 98 STREET,  98 STREET between CHRISTIE AVENUE and 55 AVENUE,  CHRISTIE AVENUE between 98 STREET and 99 STREET,  97 PLACE between CHRISTIE AVENUE and 55 AVENUE,  CORONA AVENUE between 88 STREET and 48 AVENUE","Queens","4,","110,","Film","Feature","United States of America","11368, 11373,"
"899653","Shooting Permit","11/19/2025 05:00:00 PM","11/20/2025 06:00:00 AM","11/12/2025 01:40:20 PM","Mayor's Office of Media & Entertainment","WATER STREET between MAIN STREET and OLD FULTON STREET,  EVERIT STREET between OLD FULTON STREET and DOUGHTY STREET,  VINE STREET between COLUMBIA HEIGHTS and MCKENNY STREET,  CADMAN PLAZA WEST between MIDDAGH STREET and TILLARY STREET,  CRANBERRY STREET between HENRY STREET and HICKS STREET","Brooklyn","2,","84,","Film","Feature","United States of America","11201,"
"899493","Shooting Permit","11/18/2025 06:00:00 AM","11/18/2025 07:00:00 PM","11/11/2025 07:45:38 AM","Mayor's Office of Media & Entertainment","97 PLACE between CHRISTIE AVENUE and 50 AVENUE,  CHRISTIE AVENUE between 97 PLACE and 98 STREET,  98 STREET between CHRISTIE AVENUE and 55 AVENUE,  CHRISTIE AVENUE between 98 STREET and 99 STREET,  97 PLACE between CHRISTIE AVENUE and 55 AVENUE","Queens","4,","110,","Film","Feature","United States of America","11368,"
"899491","Shooting Permit","11/17/2025 06:00:00 AM","11/17/2025 07:00:00 PM","11/11/2025 07:10:36 AM","Mayor's Office of Media & Entertainment","97 PLACE between CHRISTIE AVENUE and 50 AVENUE,  CHRISTIE AVENUE between 97 PLACE and 98 STREET,  98 STREET between CHRISTIE AVENUE and 55 AVENUE,  CHRISTIE AVENUE between 98 STREET and 99 STREET,  97 PLACE between CHRISTIE AVENUE and 55 AVENUE","Queens","4,","110,","Film","Feature","United States of America","11368,"
"899477","Shooting Permit","11/20/2025 08:00:00 AM","11/20/2025 10:00:00 PM","11/10/2025 09:59:31 PM","Mayor's Office of Media & Entertainment","FLUSHING AVENUE between STANWIX STREET and BUSHWICK AVENUE","Brooklyn","4,","83,","Film","Feature","United States of America","11206,"
"899475","Shooting Permit","11/21/2025 06:00:00 AM","11/22/2025 03:00:00 AM","11/10/2025 09:59:29 PM","Mayor's Office of Media & Entertainment","44 STREET between 2 AVENUE and 1 AVENUE","Brooklyn","7,","72,","Film","Feature","United States of America","11232,"
"899392","Shooting Permit","11/12/2025 09:00:00 AM","11/12/2025 09:00:00 PM","11/10/2025 02:09:42 PM","Mayor's Office of Media & Entertainment","DEKALB AVENUE between FORT GREEN PLACE and SOUTH PORTLAND AVENUE,  DEKALB AVENUE between HUDSON AVENUE and ROCKWELL PLACE","Brooklyn","2,","88,","Film","Feature","United States of America","11201, 11217,"
"899301","Shooting Permit","11/14/2025 06:00:00 AM","11/14/2025 10:00:00 PM","11/10/2025 08:42:46 AM","Mayor's Office of Media & Entertainment","97 PLACE between CHRISTIE AVENUE and 55 AVENUE,  97 PLACE between CHRISTIE AVENUE and 55 AVENUE,  97 PLACE between CHRISTIE AVENUE and 50 AVENUE,  CHRISTIE AVENUE between 97 PLACE and 98 STREET,  98 STREET between CHRISTIE AVENUE and 55 AVENUE,  CHRISTIE AVENUE between 98 STREET and 99 STREET","Queens","4,","110,","Film","Feature","United States of America","11368,"
"899299","Shooting Permit","11/13/2025 06:00:00 AM","11/13/2025 10:00:00 PM","11/10/2025 08:37:59 AM","Mayor's Office of Media & Entertainment","97 PLACE between CHRISTIE AVENUE and 55 AVENUE,  97 PLACE between CHRISTIE AVENUE and 55 AVENUE,  97 PLACE between CHRISTIE AVENUE and 50 AVENUE,  CHRISTIE AVENUE between 97 PLACE and 98 STREET,  98 STREET between CHRISTIE AVENUE and 55 AVENUE,  CHRISTIE AVENUE between 98 STREET and 99 STREET","Queens","4,","110,","Film","Feature","United States of America","11368,"
"899151","Shooting Permit","11/14/2025 06:00:00 PM","11/15/2025 06:00:00 AM","11/07/2025 03:18:20 PM","Mayor's Office of Media & Entertainment","KINGSLAND AVENUE between GREENPOINT AVENUE and DEAD END,  KINGSLAND AVENUE between GREENPOINT AVENUE and NORMAN AVENUE","Brooklyn","1,","94,","Film","Feature","United States of America","11222,"
"899136","Shooting Permit","11/12/2025 06:00:00 AM","11/12/2025 10:00:00 PM","11/07/2025 02:08:51 PM","Mayor's Office of Media & Entertainment","98 STREET between CHRISTIE AVENUE and 55 AVENUE,  97 PLACE between CHRISTIE AVENUE and 55 AVENUE,  97 PLACE between CHRISTIE AVENUE and 55 AVENUE,  97 PLACE between CHRISTIE AVENUE and 50 AVENUE,  CHRISTIE AVENUE between 97 PLACE and 98 STREET,  CHRISTIE AVENUE between 98 STREET and 99 STREET,  98 STREET between CHRISTIE AVENUE and 55 AVENUE","Queens","4,","110,","Film","Feature","United States of America","11368,"
"899110","Shooting Permit","11/17/2025 06:00:00 AM","11/17/2025 08:00:00 PM","11/07/2025 11:43:01 AM","Mayor's Office of Media & Entertainment","LINCOLN PLACE between 8 AVENUE and PLAZA ST WEST,  8 AVENUE between LINCOLN PLACE and ST JOHNS PLACE,  LINCOLN PLACE between 7 AVENUE and 8 AVENUE","Brooklyn","6,","78,","Film","Feature","United States of America","11217,"
"899099","Shooting Permit","11/14/2025 05:00:00 AM","11/14/2025 08:00:00 PM","11/07/2025 11:01:37 AM","Mayor's Office of Media & Entertainment","BRIDGE STREET between PROSPECT STREET and YORK STREET,  Prospect Street between BRIDGE STREET and Jay Street","Brooklyn","2,","84,","Film","Feature","United States of America","11201,"
"899072","Shooting Permit","11/12/2025 10:00:00 AM","11/13/2025 12:00:00 PM","11/07/2025 08:43:36 AM","Mayor's Office of Media & Entertainment","OCEAN AVENUE between BEVERLY ROAD and ALBEMARLE ROAD","Brooklyn","14,","70,","Film","Feature","United States of America","11226,"
"899071","Shooting Permit","11/11/2025 09:00:00 AM","11/11/2025 11:00:00 PM","11/07/2025 08:41:18 AM","Mayor's Office of Media & Entertainment","OCEAN AVENUE between BEVERLY ROAD and ALBEMARLE ROAD","Brooklyn","14,","70,","Film","Feature","United States of America","11226,"
"898991","Shooting Permit","11/13/2025 06:00:00 PM","11/14/2025 06:00:00 AM","11/06/2025 03:27:40 PM","Mayor's Office of Media & Entertainment","HUMBOLDT STREET between GREENPOINT AVENUE and CALYER STREET,  CALYER STREET between RUSSELL STREET and MOULTRIE STREET,  GREENPOINT AVENUE between HUMBOLDT STREET and MOULTRIE STREET,  RUSSELL STREET between CALYER STREET and MESEROLE AVENUE,  KINGSLAND AVENUE between GREENPOINT AVENUE and NORMAN AVENUE,  KINGSLAND AVENUE between GREENPOINT AVENUE and DEAD END","Brooklyn","1,","94,","Film","Feature","United States of America","11222,"
"898862","Shooting Permit","11/10/2025 07:00:00 AM","11/10/2025 07:00:00 PM","11/06/2025 09:11:56 AM","Mayor's Office of Media & Entertainment","OCEAN AVENUE between BEVERLY ROAD and ALBEMARLE ROAD","Brooklyn","14,","70,","Film","Feature","United States of America","11226,"
"898841","Shooting Permit","11/11/2025 06:00:00 AM","11/11/2025 10:00:00 PM","11/06/2025 07:55:01 AM","Mayor's Office of Media & Entertainment","97 PLACE between CHRISTIE AVENUE and 55 AVENUE,  97 PLACE between CHRISTIE AVENUE and 55 AVENUE,  97 PLACE between 50 AVENUE and CHRISTIE AVENUE,  CHRISTIE AVENUE between 97 PLACE and 98 STREET,  CHRISTIE AVENUE between 98 STREET and 99 STREET,  98 STREET between CHRISTIE AVENUE and 55 AVENUE","Queens","4,","110,","Film","Feature","United States of America","11368,"
"898709","Shooting Permit","11/12/2025 05:00:00 AM","11/12/2025 08:00:00 PM","11/05/2025 11:03:46 AM","Mayor's Office of Media & Entertainment","2 AVENUE between 44 STREET and 46 STREET,  45 STREET between 2 AVENUE and 3 AVENUE","Brooklyn","7,","72,","Film","Feature","United States of America","11220, 11232,"
"898678","Shooting Permit","11/09/2025 07:30:00 PM","11/10/2025 02:00:00 AM","11/05/2025 09:16:29 AM","Mayor's Office of Media & Entertainment","IRVING AVENUE between SUYDAM STREET and HART STREET","Brooklyn","4,","83,","Film","Short","United States of America","11237,"
"898674","Shooting Permit","11/08/2025 06:30:00 PM","11/09/2025 06:30:00 AM","11/05/2025 08:28:17 AM","Mayor's Office of Media & Entertainment","THROOP AVENUE between LORIMER STREET and MIDDLETON STREET","Brooklyn","1,","90,","Film","Short","United States of America","11206,"
"898661","Shooting Permit","11/13/2025 08:00:00 AM","11/13/2025 11:59:00 PM","11/04/2025 07:40:40 PM","Mayor's Office of Media & Entertainment","INGRAHAM STREET between PORTER AVENUE and KNICKERBOCKER AVENUE","Brooklyn","1,","90,","Film","Feature","United States of America","11237,"
"898660","Shooting Permit","11/12/2025 08:00:00 AM","11/12/2025 11:00:00 PM","11/04/2025 07:37:22 PM","Mayor's Office of Media & Entertainment","INGRAHAM STREET between PORTER AVENUE and KNICKERBOCKER AVENUE","Brooklyn","1,","90,","Film","Feature","United States of America","11237,"
"898659","Shooting Permit","11/11/2025 08:00:00 AM","11/11/2025 11:00:00 PM","11/04/2025 07:34:04 PM","Mayor's Office of Media & Entertainment","INGRAHAM STREET between PORTER AVENUE and KNICKERBOCKER AVENUE","Brooklyn","1,","90,","Film","Feature","United States of America","11237,"
"898622","Shooting Permit","11/16/2025 06:00:00 AM","11/16/2025 06:00:00 PM","11/04/2025 03:45:39 PM","Mayor's Office of Media & Entertainment","INGRAHAM STREET between STEWART AVENUE and GARDNER AVENUE","Brooklyn","1,","90,","Film","Feature","United States of America","11237,"
"898605","Shooting Permit","11/07/2025 07:00:00 AM","11/07/2025 07:00:00 PM","11/04/2025 02:27:53 PM","Mayor's Office of Media & Entertainment","KINGSTON AVENUE between SAINT MARKS AVENUE and STERLING PLACE","Brooklyn","8,","77,","Film","Feature","United States of America","11213,"
"898594","Shooting Permit",,"11/11/2025 11:59:00 PM","11/04/2025 01:51:13 PM","Mayor's Office of Media & Entertainment","PALMETTO STREET between CENTRAL AVENUE and WILSON AVENUE,  MADISON STREET between BUSHWICK AVENUE and EVERGREEN AVENUE","Brooklyn","4,","83,","Film","Feature","United States of America","11221,"
"898587","Shooting Permit",,"11/10/2025 11:59:00 PM","11/04/2025 01:32:27 PM","Mayor's Office of Media & Entertainment","PALMETTO STREET between CENTRAL AVENUE and WILSON AVENUE","Brooklyn","4,","83,","Film","Feature","United States of America","11221,"
"898314","Shooting Permit","11/06/2025 09:00:00 AM","11/06/2025 11:00:00 PM","11/03/2025 07:58:30 AM","Mayor's Office of Media & Entertainment","OCEAN AVENUE between BEVERLY ROAD and ALBEMARLE ROAD","Brooklyn","14,","70,","Film","Feature","United States of America","11226,"
"898169","Shooting Permit","11/05/2025 09:00:00 AM","11/05/2025 11:00:00 PM","10/31/2025 11:46:33 AM","Mayor's Office of Media & Entertainment","FIFTH AVENUE between NINTH STREET and SEVENTH STREET","Brooklyn","6,","78,","Film","Feature","United States of America","11215,"
"898167","Shooting Permit","11/04/2025 10:00:00 AM","11/04/2025 11:00:00 PM","10/31/2025 11:38:48 AM","Mayor's Office of Media & Entertainment","OCEAN AVENUE between ALBEMARLE ROAD and BEVERLY ROAD","Brooklyn","14,","70,","Film","Feature","United States of America","11226,"
"898060","Shooting Permit","11/03/2025 05:00:00 PM","11/03/2025 11:59:00 PM","10/30/2025 02:01:59 PM","Mayor's Office of Media & Entertainment","VERNON AVENUE between STUYVESANT AVENUE and LEWIS AVENUE,  STUYVESANT AVENUE between BROADWAY and WILLOUGHBY AVENUE,  BROADWAY between MYRTLE AVENUE and VERNON AVENUE","Brooklyn","3, 4,","81, 83,","Film","Feature","United States of America","11206, 11221,"
"897834","Shooting Permit","11/03/2025 07:00:00 AM","11/03/2025 09:00:00 PM","10/29/2025 11:16:46 AM","Mayor's Office of Media & Entertainment","OCEAN AVENUE between BEVERLY ROAD and ALBEMARLE ROAD","Brooklyn","14,","70,","Film","Feature","United States of America","11226,"
"897833","Shooting Permit","10/31/2025 10:00:00 AM","11/01/2025 02:00:00 AM","10/29/2025 11:10:46 AM","Mayor's Office of Media & Entertainment","OCEAN AVENUE between BEVERLY ROAD and ALBEMARLE ROAD","Brooklyn","14,","70,","Film","Feature","United States of America","11226,"
"897628","Shooting Permit","10/30/2025 03:00:00 PM","10/31/2025 03:00:00 AM","10/27/2025 07:03:27 PM","Mayor's Office of Media & Entertainment","GRAND STREET between BUSHWICK AVENUE and HUMBOLT STREET,  FAYETTE STREET between BROADWAY and BEAVER STREET,  W 43rd between 7th Street and 8th Street","Brooklyn","1, 4,","14, 83, 90,","Film","Feature","United States of America","10036, 11206, 11211,"
"897548","Shooting Permit","10/29/2025 07:00:00 AM","10/29/2025 08:00:00 PM","10/27/2025 01:23:24 PM","Mayor's Office of Media & Entertainment","23 AVENUE between 26 STREET and 27 STREET,  23 AVENUE between 27 STREET and 28 STREET,  23 AVENUE between 26 STREET and 27 STREET","Queens","1,","114,","Film","Feature","United States of America","11105,"
"897378","Shooting Permit","10/29/2025 08:00:00 AM","10/29/2025 11:30:00 PM","10/24/2025 03:29:07 PM","Mayor's Office of Media & Entertainment","GRAND STREET between ROEBLING STREET and DRIGGS AVENUE","Brooklyn","1,","90, 94,","Film","Feature","United States of America","11211, 11222,"
"897177","Shooting Permit","10/28/2025 06:00:00 AM","10/28/2025 09:00:00 PM","10/23/2025 08:49:06 PM","Mayor's Office of Media & Entertainment","HAWTHORNE STREET between FLATBUSH AVENUE and BEDFORD AVENUE,  FLATBUSH AVENUE between HAWTHORNE STREET and WINTHROP STREET","Brooklyn","9,","71,","Film","Feature","United States of America","11225,"
"897077","Shooting Permit","10/27/2025 07:00:00 AM","10/27/2025 09:00:00 PM","10/23/2025 02:09:30 PM","Mayor's Office of Media & Entertainment","OCEAN AVENUE between BEVERLY ROAD and ALBEMARLE ROAD","Brooklyn","14,","70,","Film","Feature","United States of America","11226,"
"897007","Shooting Permit","10/26/2025 07:00:00 AM","10/26/2025 07:30:00 PM","10/23/2025 11:08:23 AM","Mayor's Office of Media & Entertainment","DRIGGS AVENUE between METROPOLITAN AVENUE and NORTH    1 STREET,  MARCY AVENUE between METROPOLITAN AVENUE and HOPE STREET,  PACIFIC STREET between FLATBUSH AVENUE and 4 AVENUE,  SOUTH FOURTH STREET between KEAP STREET and RODNEY STREET,  KENT AVENUE between GRAND STREET and SOUTH    1 STREET","Brooklyn","1, 2, 6,","78, 90,","Film","Feature","United States of America","11211, 11217, 11249,"
"896992","Shooting Permit","10/29/2025 09:00:00 AM","10/29/2025 11:00:00 PM","10/23/2025 10:16:41 AM","Mayor's Office of Media & Entertainment","PULASKI STREET between NOSTRAND AVENUE and MARCY AVENUE,  DEKALB AVENUE between NOSTRAND AVENUE and MARCY AVENUE","Brooklyn","3,","79,","Film","Feature","United States of America","11205, 11206,"
"896991","Shooting Permit","10/28/2025 06:00:00 AM","10/28/2025 10:00:00 PM","10/23/2025 10:16:11 AM","Mayor's Office of Media & Entertainment","96 STREET between 4 AVENUE and 3 AVENUE,  4 AVENUE between 96 STREET and 97 STREET,  4 AVENUE between 95 STREET and 96 STREET,  4 AVENUE between 95 STREET and 96 STREET,  PULASKI STREET between NOSTRAND AVENUE and MARCY AVENUE,  DEKALB AVENUE between NOSTRAND AVENUE and MARCY AVENUE","Brooklyn","10, 3,","68, 79,","Film","Feature","United States of America","11205, 11206, 11209,"
"896712","Shooting Permit","10/24/2025 10:15:00 AM","10/24/2025 06:00:00 PM","10/22/2025 10:10:54 AM","Mayor's Office of Media & Entertainment","CADMAN PLAZA WEST between CLARK STREET and MIDDAGH STREET","Brooklyn","2,","84,","Film","Feature","United States of America","11201,"
"896668","Shooting Permit","10/27/2025 04:00:00 PM","10/28/2025 04:00:00 AM","10/21/2025 11:44:20 PM","Mayor's Office of Media & Entertainment","EAST   53 STREET between 2 AVENUE and 1 AVENUE","Brooklyn","17, 6,","17, 67,","Film","Feature","United States of America","10022, 11203,"
"896292","Shooting Permit","10/23/2025 10:30:00 AM","10/23/2025 11:00:00 PM","10/21/2025 10:32:04 AM","Mayor's Office of Media & Entertainment","JOHNSON AVENUE between GARDNER AVENUE and STEWART AVENUE,  INGRAHAM STREET between GARDNER AVENUE and STEWART AVENUE","Brooklyn","1,","90,","Film","Feature","United States of America","11237,"
"896260","Shooting Permit","10/27/2025 06:00:00 AM","10/27/2025 08:00:00 PM","10/21/2025 09:54:55 AM","Mayor's Office of Media & Entertainment","MARY WARREN PLACE between BELMONT AVENUE and SUTTER AVENUE,  GEORGIA AVENUE between BELMONT AVENUE and SUTTER AVENUE,  BELMONT AVENUE between GEORGIA AVENUE and MARY WARREN PLACE","Brooklyn","5,","75,","Film","Feature","United States of America","11207,"
"895778","Shooting Permit","10/22/2025 12:00:00 PM","10/22/2025 10:30:00 AM","10/20/2025 10:10:23 AM","Mayor's Office of Media & Entertainment","DECATUR ST between WYCKOFF AVENUE and IRVING AVENUE,  IRVING AVE between DECATUR STREET and COVERT STREET,  DECATUR STREET between WYCKOFF AVENUE and IRVING AVENUE","Queens","5,","104,","Film","Feature","United States of America","11385,"
"895777","Shooting Permit",,"10/25/2025 03:00:00 AM","10/20/2025 10:01:56 AM","Mayor's Office of Media & Entertainment","OCEAN AVENUE between BEVERLY ROAD and ALBEMARLE ROAD","Brooklyn","14,","70,","Film","Feature","United States of America","11226,"
"895775","Shooting Permit",,"10/24/2025 04:00:00 AM","10/20/2025 09:58:36 AM","Mayor's Office of Media & Entertainment","OCEAN AVENUE between BEVERLY ROAD and ALBEMARLE ROAD","Brooklyn","14,","70,","Film","Feature","United States of America","11226,"
"895726","Shooting Permit","10/21/2025 09:00:00 AM","10/21/2025 11:00:00 PM","10/18/2025 08:07:33 PM","Mayor's Office of Media & Entertainment","DECATUR STREET between WYCKOFF AVENUE and IRVING AVENUE,  IRVING AVENUE between DECATUR STREET and COVERT STREET,  DECATUR STREET between WYCKOFF AVENUE and IRVING AVENUE","Queens","5,","104,","Film","Feature","United States of America","11385,"
"895674","Shooting Permit","10/24/2025 08:00:00 AM","10/24/2025 10:00:00 PM","10/17/2025 04:27:09 PM","Mayor's Office of Media & Entertainment","JEFFERSON STREET between BUSHWICK AVENUE and MYRTLE AVENUE,  MYRTLE AVENUE between JEFFERSON STREET and TROUTMAN STREET,  BUSHWICK AVENUE between MELROSE STREET and TROUTMAN STREET","Brooklyn","4,","83,","Film","Feature","United States of America","11206,"
"895672","Shooting Permit","10/23/2025 08:00:00 AM","10/23/2025 11:00:00 PM","10/17/2025 04:25:17 PM","Mayor's Office of Media & Entertainment","JEFFERSON STREET between BUSHWICK AVENUE and MYRTLE AVENUE,  MYRTLE AVENUE between JEFFERSON STREET and TROUTMAN STREET,  BUSHWICK AVENUE between MELROSE STREET and TROUTMAN STREET","Brooklyn","4,","83,","Film","Feature","United States of America","11206,"
"895661","Shooting Permit","10/22/2025 08:00:00 AM","10/22/2025 11:00:00 PM","10/17/2025 03:51:09 PM","Mayor's Office of Media & Entertainment","JEFFERSON STREET between MYRTLE AVENUE and BUSHWICK AVENUE,  BUSHWICK AVENUE between MELROSE STREET and TROUTMAN STREET,  MYRTLE AVENUE between JEFFERSON STREET and TROUTMAN STREET,  JEFFERSON STREET between MYRTLE AVENUE and BUSHWICK AVENUE","Brooklyn","4,","83,","Film","Feature","United States of America","11206,"
"895497","Shooting Permit","10/28/2025 06:00:00 AM","10/28/2025 05:00:00 PM","10/16/2025 01:35:56 PM","Mayor's Office of Media & Entertainment","CENTRAL AVENUE between CHAUNCEY STREET and MOFFAT STREET","Brooklyn","4,","83,","Film","Feature","United States of America","11207,"
"895494","Shooting Permit","10/22/2025 07:00:00 AM","10/22/2025 10:30:00 PM","10/16/2025 01:32:22 PM","Mayor's Office of Media & Entertainment","COOK STREET between EVERGREEN AVENUE and BUSHWICK AVENUE","Brooklyn","1,","90,","Film","Feature","United States of America","11206,"
"895438","Shooting Permit","10/29/2025 07:00:00 AM","10/29/2025 08:00:00 PM","10/16/2025 09:54:52 AM","Mayor's Office of Media & Entertainment","STARR STREET between CYPRESS AVENUE and ST NICHOLAS AVENUE","Brooklyn","4,","83,","Film","Feature","United States of America","11237,"
"895437","Shooting Permit","10/27/2025 06:00:00 AM","10/27/2025 05:00:00 PM","10/16/2025 09:54:51 AM","Mayor's Office of Media & Entertainment","CENTRAL AVENUE between CHAUNCEY STREET and MOFFAT STREET","Brooklyn","4,","83,","Film","Feature","United States of America","11207,"
"895436","Shooting Permit","10/23/2025 09:30:00 AM","10/23/2025 10:30:00 PM","10/16/2025 09:54:48 AM","Mayor's Office of Media & Entertainment","BERGEN STREET between NEW YORK AVENUE and NOSTRAND AVENUE","Brooklyn","8,","77,","Film","Feature","United States of America","11213, 11216,"
"895435","Shooting Permit","10/21/2025 06:30:00 AM","10/21/2025 10:30:00 PM","10/16/2025 09:54:45 AM","Mayor's Office of Media & Entertainment","COOK STREET between EVERGREEN AVENUE and BUSHWICK AVENUE","Brooklyn","1,","90,","Film","Feature","United States of America","11206,"
"895434","Shooting Permit","10/24/2025 10:00:00 AM","10/24/2025 11:30:00 PM","10/16/2025 09:54:43 AM","Mayor's Office of Media & Entertainment","WASHINGTON PARK between WILLOUGHBY AVENUE and DEKALB AVENUE","Brooklyn","2,","88,","Film","Feature","United States of America","11205,"
"895410","Shooting Permit","10/22/2025 07:00:00 AM","10/22/2025 09:00:00 PM","10/15/2025 07:19:43 PM","Mayor's Office of Media & Entertainment","OCEAN AVENUE between BEVERLY ROAD and ALBEMARLE ROAD","Brooklyn","14,","70,","Film","Feature","United States of America","11226,"
"895409","Shooting Permit","10/20/2025 07:00:00 AM","10/20/2025 07:00:00 PM","10/15/2025 07:13:59 PM","Mayor's Office of Media & Entertainment","OCEAN AVENUE between BEVERLY ROAD and ALBEMARLE ROAD","Brooklyn","14,","70,","Film","Feature","United States of America","11226,"
"895379","Shooting Permit","10/21/2025 06:00:00 AM","10/21/2025 10:00:00 PM","10/15/2025 04:12:09 PM","Mayor's Office of Media & Entertainment","BROADWAY between VERNON AVENUE and WILLOUGHBY AVENUE,  VERNON AVENUE between BROADWAY and STUYVESANT AVENUE,  WILLOUGHBY AVENUE between BUSHWICK AVENUE and BROADWAY,  DITMARS STREET between MYRTLE AVENUE and BROADWAY,  JEFFERSON STREET between BUSHWICK AVENUE and MYRTLE AVENUE","Brooklyn","3, 4,","81, 83,","Film","Feature","United States of America","11206, 11221,"
"895377","Shooting Permit","10/20/2025 06:00:00 AM","10/20/2025 10:00:00 PM","10/15/2025 04:10:25 PM","Mayor's Office of Media & Entertainment","BROADWAY between VERNON AVENUE and WILLOUGHBY AVENUE,  VERNON AVENUE between BROADWAY and STUYVESANT AVENUE,  WILLOUGHBY AVENUE between BUSHWICK AVENUE and BROADWAY,  DITMARS STREET between MYRTLE AVENUE and BROADWAY,  JEFFERSON STREET between BUSHWICK AVENUE and MYRTLE AVENUE","Brooklyn","3, 4,","81, 83,","Film","Feature","United States of America","11206, 11221,"
"895365","Shooting Permit","10/21/2025 07:00:00 AM","10/21/2025 08:00:00 PM","10/15/2025 03:31:42 PM","Mayor's Office of Media & Entertainment","CORNELIA STREET between MYRTLE AVENUE and SENECA AVENUE,  CORNELIA STREET between MYRTLE AVENUE and SENECA AVENUE","Queens","5,","104,","Film","Feature","United States of America","11385,"
"895301","Shooting Permit","10/17/2025 07:00:00 AM","10/17/2025 01:00:00 PM","10/15/2025 11:29:43 AM","Mayor's Office of Media & Entertainment","DITMARS BOULEVARD between SHORE BOULEVARD and 19 STREET,  19 STREET between 22 ROAD and DITMARS BOULEVARD","Queens","1,","114,","Film","Feature","United States of America","11105,"
"895293","Shooting Permit","10/23/2025 06:00:00 AM","10/23/2025 10:00:00 PM","10/15/2025 11:10:09 AM","Mayor's Office of Media & Entertainment","EAST   19 STREET between FOSTER AVENUE and GLENWOOD ROAD","Brooklyn","14,","70,","Film","Feature","United States of America","11230,"
"894611","Shooting Permit","10/15/2025 06:00:00 AM","10/15/2025 06:00:00 PM","10/09/2025 02:29:00 PM","Mayor's Office of Media & Entertainment","23 STREET between 45 AVENUE and 45 ROAD,  45 ROAD between 23 STREET and 21 STREET,  JACKSON AVENUE between 50 AVENUE and 51 AVENUE,  EAST   48 STREET between PARK AVENUE and LEXINGTON AVENUE,  PARK AVENUE between EAST   48 STREET and EAST   49 STREET,  EAST   51 STREET between MADISON AVENUE and PARK AVENUE,  HESTER STREET between ELIZABETH STREET and BOWERY","Queens","2, 5,","108, 18, 5,","Film","Feature","United States of America","10013, 10017, 10022, 10171, 11101,"
"894542","Shooting Permit","10/16/2025 03:00:00 PM","10/17/2025 04:00:00 AM","10/09/2025 09:55:29 AM","Mayor's Office of Media & Entertainment","WEST   10 STREET between SURF AVENUE and Dead End,  WEST STREET between AVENUE U and GRAVESEND NECK ROAD","Brooklyn","13, 15,","60, 61,","Film","Feature","United States of America","11223, 11224,"
"894533","Shooting Permit","10/14/2025 03:00:00 PM","10/15/2025 04:00:00 AM","10/09/2025 09:25:02 AM","Mayor's Office of Media & Entertainment","FORT HAMILTON PARKWAY between MARINE AVENUE and 94 STREET","Brooklyn","10,","68,","Film","Feature","United States of America","11209,"
"894448","Shooting Permit",,"10/18/2025 02:00:00 AM","10/08/2025 03:14:36 PM","Mayor's Office of Media & Entertainment","THROOP AVENUE between FLUSHING AVENUE and PARK AVENUE,  PARK AVENUE between THROOP AVENUE and MARCUS GARVEY BOULEVARD","Brooklyn","3,","79, 81,","Film","Feature","United States of America","11206,"
"894447","Shooting Permit",,"10/17/2025 02:00:00 AM","10/08/2025 03:14:16 PM","Mayor's Office of Media & Entertainment","THROOP AVENUE between FLUSHING AVENUE and PARK AVENUE,  PARK AVENUE between THROOP AVENUE and MARCUS GARVEY BOULEVARD","Brooklyn","3,","79, 81,","Film","Feature","United States of America","11206,"
"894410","Shooting Permit","10/14/2025 07:00:00 AM","10/14/2025 07:30:00 PM","10/08/2025 01:52:22 PM","Mayor's Office of Media & Entertainment","6 AVENUE between 8 STREET and 9 STREET,  3 AVENUE between DEGRAW STREET and DOUGLASS STREET","Brooklyn","6,","78,","Film","Feature","United States of America","11215, 11217,"
"894238","Shooting Permit","10/15/2025 10:00:00 AM","10/16/2025 12:00:00 PM","10/07/2025 04:38:24 PM","Mayor's Office of Media & Entertainment","JEFFERSON STREET between MYRTLE AVENUE and BUSHWICK AVENUE,  MYRTLE AVENUE between JEFFERSON STREET and TROUTMAN STREET,  BUSHWICK AVENUE between MELROSE STREET and TROUTMAN STREET,  JEFFERSON STREET between MYRTLE AVENUE and BUSHWICK AVENUE","Brooklyn","4,","83,","Film","Feature","United States of America","11206,"
"894236","Shooting Permit","10/14/2025 06:00:00 AM","10/14/2025 09:00:00 PM","10/07/2025 04:34:45 PM","Mayor's Office of Media & Entertainment","JEFFERSON STREET between MYRTLE AVENUE and BUSHWICK AVENUE,  MYRTLE AVENUE between JEFFERSON STREET and TROUTMAN STREET,  BUSHWICK AVENUE between MELROSE STREET and TROUTMAN STREET","Brooklyn","4,","83,","Film","Feature","United States of America","11206,"
"894235","Shooting Permit","10/13/2025 06:00:00 AM","10/13/2025 09:00:00 PM","10/07/2025 04:34:21 PM","Mayor's Office of Media & Entertainment","JEFFERSON STREET between MYRTLE AVENUE and BUSHWICK AVENUE,  MYRTLE AVENUE between JEFFERSON STREET and TROUTMAN STREET,  BUSHWICK AVENUE between MELROSE STREET and TROUTMAN STREET","Brooklyn","4,","83,","Film","Feature","United States of America","11206,"
"894180","Shooting Permit","10/17/2025 08:00:00 AM","10/18/2025 03:00:00 AM","10/07/2025 02:15:56 PM","Mayor's Office of Media & Entertainment","HURON STREET between MCGUINNESS BOULEVARD and PROVOST STREET","Brooklyn","1,","94,","Film","Feature","United States of America","11222,"
"893964","Shooting Permit","10/16/2025 08:00:00 AM","10/17/2025 01:00:00 AM","10/06/2025 03:46:44 PM","Mayor's Office of Media & Entertainment","STOCKHOLM STREET between KNICKERBOCKER AVENUE and WILSON AVENUE","Brooklyn","4,","83,","Film","Feature","United States of America","11237,"
"893961","Shooting Permit","10/15/2025 08:00:00 AM","10/15/2025 11:30:00 PM","10/06/2025 03:43:18 PM","Mayor's Office of Media & Entertainment","STOCKHOLM STREET between KNICKERBOCKER AVENUE and WILSON AVENUE","Brooklyn","4,","83,","Film","Feature","United States of America","11237,"
"893886","Shooting Permit","10/07/2025 09:00:00 AM","10/07/2025 04:00:00 PM","10/06/2025 01:01:36 PM","Mayor's Office of Media & Entertainment","LEONARD STREET between BOERUM STREET and MONTROSE AVENUE","Brooklyn","1,","90,","Film","Feature","United States of America","11206,"
"893666","Shooting Permit","10/10/2025 08:30:00 AM","10/10/2025 11:30:00 PM","10/03/2025 03:05:26 PM","Mayor's Office of Media & Entertainment","SOUTH OXFORD STREET between LAFAYETTE AVENUE and FULTON STREET,  LAFAYETTE AVENUE between SOUTH OXFORD STREET and CUMBERLAND STREET","Brooklyn","2,","88,","Film","Feature","United States of America","11217, 11238,"
"893661","Shooting Permit","10/09/2025 07:00:00 AM","10/09/2025 10:00:00 PM","10/03/2025 03:03:21 PM","Mayor's Office of Media & Entertainment","SOUTH OXFORD STREET between LAFAYETTE AVENUE and FULTON STREET,  LAFAYETTE AVENUE between SOUTH OXFORD STREET and CUMBERLAND STREET","Brooklyn","2,","88,","Film","Feature","United States of America","11217, 11238,"
"893527","Shooting Permit","10/05/2025 08:00:00 AM",,"10/03/2025 08:33:58 AM","Mayor's Office of Media & Entertainment","RANDOLPH STREET between STEWART AVENUE and VARICK AVENUE","Brooklyn","1,","90,","Film","Short","United States of America","11237,"
"893483","Shooting Permit","10/05/2025 10:00:00 PM","10/05/2025 11:59:00 PM","10/02/2025 06:47:09 PM","Mayor's Office of Media & Entertainment","45 AVENUE between 5 STREET and VERNON BOULEVARD","Queens","2,","108,","Film","Short","United States of America","11101,"
"893155","Shooting Permit","10/08/2025 07:00:00 AM","10/08/2025 09:00:00 PM","10/01/2025 02:20:43 PM","Mayor's Office of Media & Entertainment","SOUTH OXFORD STREET between LAFAYETTE AVENUE and FULTON STREET,  LAFAYETTE AVENUE between SOUTH OXFORD STREET and CUMBERLAND STREET","Brooklyn","2,","88,","Film","Feature","United States of America","11217, 11238,"
"893154","Shooting Permit","10/07/2025 06:00:00 AM","10/07/2025 10:00:00 PM","10/01/2025 02:20:04 PM","Mayor's Office of Media & Entertainment","SOUTH OXFORD STREET between LAFAYETTE AVENUE and FULTON STREET,  LAFAYETTE AVENUE between SOUTH OXFORD STREET and CUMBERLAND STREET","Brooklyn","2,","88,","Film","Feature","United States of America","11217, 11238,"
"892270","Shooting Permit","09/30/2025 08:00:00 AM","09/30/2025 08:00:00 PM","09/26/2025 12:46:25 PM","Mayor's Office of Media & Entertainment","JAMAICA AVENUE between WOODHAVEN BOULEVARD and 94 STREET,  WOODHAVEN BOULEVARD between JAMAICA AVENUE and 86 ROAD","Queens","9,","102,","Film","Feature","United States of America","11421,"
"892287","Shooting Permit","10/01/2025 02:00:00 PM","10/02/2025 05:00:00 AM","09/26/2025 09:01:26 AM","Mayor's Office of Media & Entertainment","DECATUR STREET between MALCOLM X BOULEVARD and STUYVESANT AVENUE","Brooklyn","3,","81,","Film","Short","United States of America","11233,"
"892215","Shooting Permit","09/30/2025 01:00:00 PM","10/01/2025 04:00:00 AM","09/25/2025 04:44:09 PM","Mayor's Office of Media & Entertainment","DECATUR STREET between MALCOLM X BOULEVARD and STUYVESANT AVENUE","Brooklyn","3,","81,","Film","Short","United States of America","11233,"
"892205","Shooting Permit","09/29/2025 01:00:00 PM","09/30/2025 02:00:00 AM","09/25/2025 04:19:01 PM","Mayor's Office of Media & Entertainment","DECATUR STREET between MALCOLM X BOULEVARD and STUYVESANT AVENUE","Brooklyn","3,","81,","Film","Short","United States of America","11233,"
"892199","Shooting Permit",,"09/29/2025 12:00:00 PM","09/25/2025 04:07:33 PM","Mayor's Office of Media & Entertainment","DECATUR STREET between MALCOLM X BOULEVARD and STUYVESANT AVENUE","Brooklyn","3,","81,","Film","Short","United States of America","11233,"
"892171","Shooting Permit","09/27/2025 08:00:00 AM","09/27/2025 08:00:00 PM","09/25/2025 03:00:46 PM","Mayor's Office of Media & Entertainment","DECATUR STREET between MALCOLM X BOULEVARD and STUYVESANT AVENUE","Brooklyn","3,","81,","Film","Short","United States of America","11233,"
"892160","Shooting Permit","10/28/2025 01:00:00 AM","10/28/2025 10:00:00 PM","09/25/2025 02:38:51 PM","Mayor's Office of Media & Entertainment","FLATBUSH AVENUE between OCEAN AVENUE and LEFFERTS AVENUE","Brooklyn","9,","71,","Film","Short","United States of America","11225,"
"892159","Shooting Permit",,"10/04/2025 11:59:00 PM","09/25/2025 02:35:13 PM","Mayor's Office of Media & Entertainment","JOHNSON AVENUE between WHITE STREET and BOGART STREET,  GERRITSEN AVENUE between EVERETT AVENUE and FLORENCE AVENUE","Brooklyn","1, 15,","61, 90,","Film","Short","United States of America","11206, 11229,"
"892120","Shooting Permit","10/10/2025 04:00:00 PM","10/11/2025 04:00:00 AM","09/25/2025 01:13:21 PM","Mayor's Office of Media & Entertainment","HASPEL STREET between GRAND AVENUE and 52 AVENUE,  KNEELAND AVENUE between VAN KLEECK STREET and CODWISE PLACE,  GRAND AVENUE between HASPEL STREET and 84 STREET","Queens","4,","110,","Film","Feature","United States of America","11373,"
"892074","Shooting Permit","10/03/2025 04:00:00 PM","10/04/2025 05:00:00 AM","09/25/2025 11:26:41 AM","Mayor's Office of Media & Entertainment","JEFFERSON STREET between BUSHWICK AVENUE and MYRTLE AVENUE,  TROUTMAN STREET between BUSHWICK AVENUE and EVERGREEN AVENUE,  TROUTMAN STREET between BUSHWICK AVENUE and MYRTLE AVENUE,  MYRTLE AVENUE between JEFFERSON STREET and TROUTMAN STREET","Brooklyn","4,","83,","Film","Feature","United States of America","11206, 11221,"
"892073","Shooting Permit","10/02/2025 01:00:00 PM","10/03/2025 03:00:00 AM","09/25/2025 11:26:23 AM","Mayor's Office of Media & Entertainment","JEFFERSON STREET between BUSHWICK AVENUE and MYRTLE AVENUE,  TROUTMAN STREET between BUSHWICK AVENUE and EVERGREEN AVENUE,  TROUTMAN STREET between BUSHWICK AVENUE and MYRTLE AVENUE,  MYRTLE AVENUE between JEFFERSON STREET and TROUTMAN STREET","Brooklyn","4,","83,","Film","Feature","United States of America","11206, 11221,"
"892067","Shooting Permit","09/27/2025 08:00:00 AM","09/27/2025 11:59:00 PM","09/25/2025 11:15:58 AM","Mayor's Office of Media & Entertainment","MEADOW STREET between WATERBURY STREET and BOGART STREET","Brooklyn","1,","90,","Film","Short","United States of America","11206,"
"891995","Shooting Permit","09/29/2025 08:00:00 AM","09/29/2025 08:00:00 PM","09/24/2025 09:07:08 PM","Mayor's Office of Media & Entertainment","JAMAICA AVENUE between WOODHAVEN BOULEVARD and 94 STREET,  WOODHAVEN BOULEVARD between JAMAICA AVENUE and 86 ROAD","Queens","9,","102,","Film","Feature","United States of America","11421,"
"891955","Shooting Permit","10/10/2025 07:00:00 AM","10/10/2025 08:00:00 PM","09/24/2025 04:41:26 PM","Mayor's Office of Media & Entertainment","OCEAN AVENUE between BEVERLEY ROAD and ALBEMARLE ROAD","Brooklyn","14,","70,","Film","Feature","United States of America","11226,"
"891851","Shooting Permit","09/30/2025 05:30:00 AM","09/30/2025 09:30:00 PM","09/24/2025 11:58:32 AM","Mayor's Office of Media & Entertainment","SOUTH    4 STREET between ROEBLING STREET and DRIGGS AVENUE","Brooklyn","1,","90,","Film","Feature","United States of America","11211,"
"891736","Shooting Permit","10/01/2025 09:00:00 AM","10/01/2025 11:30:00 PM","09/23/2025 02:11:30 PM","Mayor's Office of Media & Entertainment","PULASKI STREET between NOSTRAND AVENUE and MARCY AVENUE,  NOSTRAND AVENUE between PULASKI STREET and DEKALB AVENUE,  DEKALB AVENUE between NOSTRAND AVENUE and MARCY AVENUE","Brooklyn","3,","79,","Film","Feature","United States of America","11205, 11206,"
"891680","Shooting Permit","09/26/2025 06:00:00 PM","09/26/2025 11:59:00 PM","09/23/2025 11:04:48 AM","Mayor's Office of Media & Entertainment","DUTCH KILLS STREET between JACKSON AVENUE and DEAD END","Queens","2,","108,","Film","Short","United States of America","11101,"
"891667","Shooting Permit","10/03/2025 08:00:00 AM","10/03/2025 10:00:00 PM","09/23/2025 10:19:02 AM","Mayor's Office of Media & Entertainment","WILLOUGHBY AVENUE between WYCKOFF AVENUE and IRVING AVENUE","Brooklyn","4,","83,","Film","Feature","United States of America","11237,"
"891666","Shooting Permit","09/29/2025 05:30:00 AM","09/29/2025 10:00:00 PM","09/23/2025 10:19:00 AM","Mayor's Office of Media & Entertainment","SOUTH    4 STREET between ROEBLING STREET and DRIGGS AVENUE","Brooklyn","1,","90,","Film","Feature","United States of America","11211,"
"891665","Shooting Permit","10/01/2025 06:00:00 AM","10/01/2025 09:30:00 PM","09/23/2025 10:18:58 AM","Mayor's Office of Media & Entertainment","BAYARD STREET between LEONARD STREET and MANHATTAN AVENUE","Brooklyn","1,","94,","Film","Feature","United States of America","11222,"
"891652","Shooting Permit","09/30/2025 07:00:00 AM","09/30/2025 08:00:00 PM","09/23/2025 09:24:44 AM","Mayor's Office of Media & Entertainment","PULASKI STREET between NOSTRAND AVENUE and MARCY AVENUE,  DEKALB AVENUE between NOSTRAND AVENUE and MARCY AVENUE","Brooklyn","3,","79,","Film","Feature","United States of America","11205, 11206,"
"891615","Shooting Permit","09/25/2025 06:00:00 PM","09/25/2025 10:00:00 PM","09/22/2025 09:53:56 PM","Mayor's Office of Media & Entertainment","34 STREET between BROADWAY and 34 AVENUE","Queens","1,","114,","Film","Feature","United States of America","11106,"
"891555","Shooting Permit","09/29/2025 07:00:00 AM","09/29/2025 08:00:00 PM","09/22/2025 05:10:27 PM","Mayor's Office of Media & Entertainment","W 22nd STREET between SURF AVENUE and OCEAN WAY,  SURF AVENUE between 22 STREET and 20 STREET,  15 STREET between MERMAID AVENUE and SURF AVENUE","Brooklyn","13,","60,","Film","Feature","United States of America","11224,"
"891133","Shooting Permit","09/24/2025 10:00:00 AM","09/24/2025 11:00:00 PM","09/19/2025 01:20:12 PM","Mayor's Office of Media & Entertainment","ENGERT AVENUE between MCGUINNESS BLVD SOUTH and HUMBOLDT STREET,  PIERREPONT STREET between HENRY STREET and CLINTON STREET","Brooklyn","1, 2,","84, 94,","Film","Feature","United States of America","11201, 11222,"
"890788","Shooting Permit","09/24/2025 07:00:00 AM","09/24/2025 06:00:00 PM","09/18/2025 11:00:37 AM","Mayor's Office of Media & Entertainment","INDIA STREET between FRANKLIN STREET and MANHATTAN AVENUE,  INDIA STREET between MANHATTAN AVENUE and MCGUINNESS BOULEVARD,  MANHATTAN AVENUE between INDIA STREET and JAVA STREET,  MANHATTAN AVENUE between INDIA STREET and HURON STREET,  MANHATTAN AVENUE between HURON STREET and DUPONT STREET,  GREEN STREET between PROVOST STREET and MCGUINNESS BOULEVARD,  MCGUINNESS BLVD between ASH STREET and BOX STREET","Brooklyn","1,","94,","Film","Feature","United States of America","11222,"
"890705","Shooting Permit","09/23/2025 01:00:00 PM","09/23/2025 11:00:00 PM","09/17/2025 08:34:39 PM","Mayor's Office of Media & Entertainment","BEDFORD AVENUE between NORTH    4 STREET and NORTH    5 STREET","Brooklyn","1,","94,","Film","Feature","United States of America","11211,"
"890633","Shooting Permit","09/26/2025 08:00:00 AM","09/26/2025 06:00:00 PM","09/17/2025 03:22:03 PM","Mayor's Office of Media & Entertainment","27 STREET between 42 ROAD and HUNTER STREET","Queens","2,","108,","Film","Feature","United States of America","11101,"
"890597","Shooting Permit","09/25/2025 01:00:00 PM","09/26/2025 02:00:00 AM","09/17/2025 02:32:17 PM","Mayor's Office of Media & Entertainment","JEFFERSON STREET between BUSHWICK AVENUE and MYRTLE AVENUE,  BUSHWICK AVENUE between MELROSE STREET and TROUTMAN STREET,  MYRTLE AVENUE between JEFFERSON STREET and TROUTMAN STREET,  JEFFERSON STREET between STANWIX STREET and EVERGREEN AVENUE","Brooklyn","4,","83,","Film","Feature","United States of America","11206,"
"890596","Shooting Permit","09/24/2025 01:00:00 PM","09/25/2025 02:00:00 AM","09/17/2025 02:31:53 PM","Mayor's Office of Media & Entertainment","JEFFERSON STREET between BUSHWICK AVENUE and MYRTLE AVENUE,  BUSHWICK AVENUE between MELROSE STREET and TROUTMAN STREET,  MYRTLE AVENUE between JEFFERSON STREET and TROUTMAN STREET,  JEFFERSON STREET between STANWIX STREET and EVERGREEN AVENUE","Brooklyn","4,","83,","Film","Feature","United States of America","11206, 11221,"
"890389","Shooting Permit","09/23/2025 07:00:00 AM","09/23/2025 07:00:00 PM","09/16/2025 04:26:27 PM","Mayor's Office of Media & Entertainment","ENGERT AVENUE between MCGUINNESS BLVD SOUTH and HUMBOLT STREET","Brooklyn","1,","94,","Film","Feature","United States of America","11222,"
"890387","Shooting Permit","09/22/2025 07:00:00 AM","09/22/2025 07:00:00 PM","09/16/2025 04:21:41 PM","Mayor's Office of Media & Entertainment","ENGERT AVENUE between MCGUINNESS BLVD SOUTH and HUMBOLT STREET","Brooklyn","1,","94,","Film","Feature","United States of America","11222,"
"890385","Shooting Permit","09/21/2025 07:00:00 AM","09/21/2025 07:00:00 PM","09/16/2025 04:16:58 PM","Mayor's Office of Media & Entertainment","ENGERT AVENUE between MCGUINNESS BLVD SOUTH and HUMBOLT STREET","Brooklyn","1,","94,","Film","Feature","United States of America","11222,"
"890355","Shooting Permit","09/23/2025 01:00:00 PM","09/24/2025 03:00:00 AM","09/16/2025 03:20:56 PM","Mayor's Office of Media & Entertainment","LINDEN BOULEVARD between FLATBUSH AVENUE and CATON AVENUE,  LINDEN BOULEVARD between FLATBUSH AVENUE and CATON AVENUE","Brooklyn","14,","70,","Film","Feature","United States of America","11226,"
"890298","Shooting Permit","09/22/2025 07:00:00 AM","09/22/2025 08:00:00 PM","09/16/2025 01:20:02 PM","Mayor's Office of Media & Entertainment","215 STREET between 82 AVENUE and UNION TURNPIKE,  82 AVENUE between 214 STREET and 215 STREET,  82 AVENUE between 215 STREET and BELL BOULEVARD","Queens","11,","111,","Film","Feature","United States of America","11427,"
"890297","Shooting Permit","09/21/2025 07:00:00 AM","09/21/2025 08:00:00 PM","09/16/2025 01:19:27 PM","Mayor's Office of Media & Entertainment","215 STREET between 82 AVENUE and UNION TURNPIKE,  82 AVENUE between 215 STREET and 214 STREET,  82 AVENUE between 215 STREET and BELL BOULEVARD","Queens","11,","111,","Film","Feature","United States of America","11427,"
"890158","Shooting Permit","10/17/2025 01:00:00 PM","10/18/2025 03:00:00 AM","09/15/2025 07:34:11 PM","Mayor's Office of Media & Entertainment","EDGEWOOD AVENUE between SOUTH CONDUIT AVENUE and 230 PLACE,  229 STREET between EDGEWOOD AVENUE and 144 AVENUE","Queens","13,","116,","Film","Feature","United States of America","11413,"
"890082","Shooting Permit","10/16/2025 08:00:00 AM","10/16/2025 11:00:00 PM","09/15/2025 03:30:21 PM","Mayor's Office of Media & Entertainment","ESSEX STREET between EGAN STREET and FLATLANDS AVENUE","Brooklyn","5,","75,","Film","Feature","United States of America","11239,"
"890068","Shooting Permit","10/13/2025 08:00:00 AM","10/13/2025 11:00:00 PM","09/15/2025 03:01:51 PM","Mayor's Office of Media & Entertainment","24 STREET between 39 AVENUE and 38 AVENUE","Queens","1,","114,","Film","Feature","United States of America","11101,"
"889776","Shooting Permit","09/18/2025 07:00:00 AM","09/18/2025 07:00:00 PM","09/14/2025 08:03:18 PM","Mayor's Office of Media & Entertainment","48 AVENUE between VERNON BOULEVARD and 5 STREET,  48 AVENUE between VERNON BOULEVARD and 5 STREET,  5 STREET between 48 AVENUE and 47 ROAD","Queens","2,","108,","Film","Feature","United States of America","11101,"
"889762","Shooting Permit","09/20/2025 07:00:00 AM","09/20/2025 07:00:00 PM","09/14/2025 04:47:39 PM","Mayor's Office of Media & Entertainment","ENGERT AVENUE between MCGUINNESS BLVD SOUTH and HUMBOLT STREET","Brooklyn","1,","94,","Film","Feature","United States of America","11222,"
"889645","Shooting Permit","09/22/2025 01:00:00 PM","09/22/2025 11:30:00 PM","09/12/2025 07:40:15 PM","Mayor's Office of Media & Entertainment","VAN BUREN STREET between LEWIS AVENUE and MARCUS GARVEY BOULEVARD","Brooklyn","3,","81,","Film","Short","United States of America","11221,"
"889644","Shooting Permit","09/21/2025 10:00:00 AM","09/22/2025 12:00:00 PM","09/12/2025 07:40:14 PM","Mayor's Office of Media & Entertainment","HALSEY STREET between BEDFORD AVENUE and NOSTRAND AVENUE","Brooklyn","3,","79,","Film","Short","United States of America","11216,"
"889643","Shooting Permit","09/20/2025 08:00:00 AM","09/21/2025 12:00:00 PM","09/12/2025 07:40:13 PM","Mayor's Office of Media & Entertainment","HALSEY STREET between NOSTRAND AVENUE and MARCY AVENUE,  HALSEY STREET between ARLINGTON PLACE and NOSTRAND AVENUE","Brooklyn","3,","79,","Film","Short","United States of America","11216,"
"889642","Shooting Permit","09/19/2025 01:00:00 PM","09/20/2025 01:00:00 AM","09/12/2025 07:40:11 PM","Mayor's Office of Media & Entertainment","267 STREET between 76 AVENUE and 77 AVENUE,  76 AVENUE between 267 STREET and 268 STREET","Queens","13,","105,","Film","Short","United States of America","11004, 11040,"
"889281","Shooting Permit","09/13/2025 02:00:00 PM","09/13/2025 08:00:00 PM","09/11/2025 10:10:55 AM","Mayor's Office of Media & Entertainment","JEWEL STREET between GREENPOINT AVENUE and CALYER STREET","Brooklyn","1,","94,","Film","Feature","United States of America","11222,"
"889182","Shooting Permit","10/09/2025 10:00:00 AM","10/09/2025 10:00:00 PM","09/10/2025 03:48:45 PM","Mayor's Office of Media & Entertainment","HENDRIX STREET between GLENMORE AVENUE and PITKIN AVENUE,  GLENMORE AVENUE between SCHENCK AVENUE and HENDRIX STREET,  GLENMORE AVENUE between HENDRIX STREET and VAN SICLEN AVENUE","Brooklyn","5,","75,","Film","Feature","United States of America","11207,"
"889160","Shooting Permit","10/03/2025 02:00:00 PM","10/04/2025 02:00:00 AM","09/10/2025 03:14:02 PM","Mayor's Office of Media & Entertainment","STEWART AVENUE between JOHNSON AVENUE and INGRAHAM STREET","Brooklyn","1,","90,","Film","Feature","United States of America","11237,"
"889157","Shooting Permit","10/02/2025 04:00:00 PM","10/03/2025 04:00:00 AM","09/10/2025 03:07:49 PM","Mayor's Office of Media & Entertainment","JOHNSON AVENUE between GARDNER AVENUE and STEWART AVENUE,  INGRAHAM STREET between GARDNER AVENUE and STEWART AVENUE","Brooklyn","1,","90,","Film","Feature","United States of America","11237,"
"889087","Shooting Permit","09/26/2025 07:00:00 AM","09/26/2025 09:00:00 PM","09/10/2025 11:53:07 AM","Mayor's Office of Media & Entertainment","15 DRIVE between UTOPIA PARKWAY and WILLETS POINT BOULEVARD","Queens","7,","109,","Film","Feature","United States of America","11357,"
"889086","Shooting Permit","09/25/2025 07:00:00 AM","09/25/2025 09:00:00 PM","09/10/2025 11:47:43 AM","Mayor's Office of Media & Entertainment","15 DRIVE between UTOPIA PARKWAY and WILLETS POINT BOULEVARD","Queens","7,","109,","Film","Feature","United States of America","11357,"
"889082","Shooting Permit","09/24/2025 07:00:00 AM","09/24/2025 11:00:00 PM","09/10/2025 11:39:15 AM","Mayor's Office of Media & Entertainment","GRAHAM AVENUE between SCHOLES STREET and MESEROLE STREET,  PARK PLACE between BROOKLYN AVENUE and NEW YORK AVENUE,  PARK PLACE between BROOKLYN AVENUE and KINGSTON AVENUE","Brooklyn","1, 8,","77, 90,","Film","Feature","United States of America","11206, 11213,"
"888956","Shooting Permit","09/13/2025 10:00:00 AM","09/13/2025 06:00:00 PM","09/09/2025 06:19:32 PM","Mayor's Office of Media & Entertainment","DUTCH KILLS STREET between JACKSON AVENUE and Dutch Kills Street","Queens","2,","108,","Film","Short","United States of America","11101,"
"888667","Shooting Permit","09/15/2025 10:00:00 AM","09/15/2025 10:00:00 PM","09/08/2025 09:55:35 PM","Mayor's Office of Media & Entertainment","DUMONT AVENUE between SCHENCK AVENUE and HENDRIX STREET","Brooklyn","5,","75,","Film","Feature","United States of America","11207,"
"888657","Shooting Permit","09/12/2025 06:00:00 PM","09/13/2025 06:00:00 AM","09/08/2025 08:30:37 PM","Mayor's Office of Media & Entertainment","MESEROLE AVENUE between DIAMOND STREET and NEWEL STREET,  NEWEL STREET between MESEROLE AVENUE and CALYER STREET","Brooklyn","1,","94,","Film","Feature","United States of America","11222,"
"888069","Shooting Permit","09/09/2025 11:30:00 AM","09/10/2025 02:00:00 AM","09/05/2025 02:29:18 PM","Mayor's Office of Media & Entertainment","STARR STREET between WYCKOFF AVENUE and IRVING AVENUE,  GARDNER AVENUE between JOHNSON AVENUE and INGRAHAM STREET,  INGRAHAM STREET between GARDNER AVENUE and STEWART AVENUE","Brooklyn","1, 4,","83, 90,","Film","Feature","United States of America","11237,"
"888048","Shooting Permit","09/08/2025 08:00:00 AM","09/08/2025 06:00:00 PM","09/05/2025 01:18:34 PM","Mayor's Office of Media & Entertainment","MAIN STREET between PLYMOUTH STREET and WATER STREET","Brooklyn","1, 2,","84, 90,","Film","Short","United States of America","11201, 11211,"
"887889","Shooting Permit","09/08/2025 09:00:00 AM","09/09/2025 02:00:00 AM","09/04/2025 05:39:12 PM","Mayor's Office of Media & Entertainment","GARDNER AVENUE between JOHNSON AVENUE and INGRAHAM STREET,  INGRAHAM STREET between GARDNER AVENUE and STEWART AVENUE","Brooklyn","1,","90,","Film","Feature","United States of America","11237,"
"886914","Shooting Permit","09/04/2025 06:00:00 AM","09/04/2025 08:00:00 PM","09/02/2025 11:09:33 AM","Mayor's Office of Media & Entertainment","MORGAN AVENUE between SHARON STREET and MASPETH AVENUE","Brooklyn","1,","94,","Film","Short","United States of America","11211,"
"886556","Shooting Permit","09/05/2025 11:00:00 AM","09/05/2025 11:59:00 PM","09/01/2025 06:20:10 PM","Mayor's Office of Media & Entertainment","PLYMOUTH STREET between HUDSON AVENUE and LITTLE STREET,  LITTLE STREET between PLYMOUTH STREET and EVANS STREET,  EVANS STREET between HUDSON AVENUE and LITTLE STREET","Brooklyn","2,","84, 88,","Film","Feature","United States of America","11201,"
"886520","Shooting Permit","09/05/2025 06:00:00 AM","09/05/2025 10:00:00 PM","09/01/2025 11:58:08 AM","Mayor's Office of Media & Entertainment","CUMBERLAND STREET between FLUSHING AVENUE and PARK AVENUE","Brooklyn","2,","88,","Film","Short","United States of America","11205,"
"886510","Shooting Permit","09/03/2025 06:00:00 AM","09/03/2025 11:00:00 PM","09/01/2025 10:25:23 AM","Mayor's Office of Media & Entertainment","CUMBERLAND STREET between FLUSHING AVENUE and PARK AVENUE","Brooklyn","2,","88,","Film","Short","United States of America","11205,"
"886277","Shooting Permit",,"09/02/2025 03:00:00 AM","08/29/2025 02:06:27 PM","Mayor's Office of Media & Entertainment","34 AVENUE between 32 STREET and 33 STREET,  33 STREET between 34 AVENUE and 35 AVENUE,  34 STREET between 34 AVENUE and 35 AVENUE,  34 AVENUE between 33 STREET and 34 STREET,  PAIDGE AVENUE between PROVOST STREET and CLAY STREET","Queens","1,","114, 94,","Film","Feature","United States of America","11106, 11222,"
"886204","Shooting Permit","09/05/2025 01:00:00 PM","09/06/2025 02:00:00 AM","08/29/2025 10:51:06 AM","Mayor's Office of Media & Entertainment","51 AVENUE between 21 STREET and 23 STREET,  41 STREET between DITMARS BOULEVARD and 21 AVENUE,  DITMARS BOULEVARD between 41 STREET and 42 STREET","Queens","1, 2,","108, 114,","Film","Feature","United States of America","11101, 11105,"
"886123","Shooting Permit","09/03/2025 07:00:00 AM","09/03/2025 07:00:00 PM","08/28/2025 07:08:01 PM","Mayor's Office of Media & Entertainment","DORAN AVENUE between 83 STREET and 84 STREET,  83 STREET between DORAN AVENUE and COOPER AVENUE","Queens","5,","104,","Film","Feature","United States of America","11385,"
"886055","Shooting Permit","09/02/2025 07:00:00 AM","09/02/2025 08:00:00 PM","08/28/2025 02:41:20 PM","Mayor's Office of Media & Entertainment","35 STREET between 34 AVENUE and 35 AVENUE,  34 AVENUE between 35 STREET and 37 STREET,  37 STREET between 34 AVENUE and 35 AVENUE","Queens","1,","114,","Film","Feature","United States of America","11101, 11106,"
"886030","Shooting Permit","09/02/2025 06:00:00 AM","09/02/2025 10:00:00 PM","08/28/2025 01:55:37 PM","Mayor's Office of Media & Entertainment","CUMBERLAND STREET between FLUSHING AVENUE and PARK AVENUE","Brooklyn","2,","88,","Film","Short","United States of America","11205,"
"885890","Shooting Permit","09/01/2025 06:00:00 AM","09/01/2025 08:00:00 PM","08/28/2025 07:35:10 AM","Mayor's Office of Media & Entertainment","CUMBERLAND STREET between PARK AVENUE and FLUSHING AVENUE","Brooklyn","2,","88,","Film","Short","United States of America","11205,"
"885804","Shooting Permit","09/05/2025 10:00:00 AM","09/05/2025 10:00:00 PM","08/27/2025 03:06:12 PM","Mayor's Office of Media & Entertainment","DORAN AVENUE between 83 STREET and 84 STREET,  83 STREET between DORAN AVENUE and COOPER AVENUE","Queens","5,","104,","Film","Feature","United States of America","11385,"
"885797","Shooting Permit","09/04/2025 06:00:00 AM","09/04/2025 07:00:00 PM","08/27/2025 02:46:26 PM","Mayor's Office of Media & Entertainment","DORAN AVENUE between 83 STREET and 84 STREET,  83 STREET between DORAN AVENUE and COOPER AVENUE","Queens","5,","104,","Film","Feature","United States of America","11385,"
"885435","Shooting Permit","08/29/2025 07:00:00 AM","08/29/2025 08:00:00 PM","08/26/2025 01:04:05 PM","Mayor's Office of Media & Entertainment","35 STREET between 34 AVENUE and 35 AVENUE,  35 AVENUE between 35 STREET and 37 STREET,  34 AVENUE between 35 STREET and 37 STREET,  37 STREET between 34 AVENUE and 35 AVENUE","Queens","1,","114,","Film","Feature","United States of America","11101, 11106,"
"885356","Shooting Permit","08/28/2025 10:00:00 AM","08/28/2025 10:00:00 PM","08/26/2025 10:13:05 AM","Mayor's Office of Media & Entertainment","STIER PLACE between DEAD END and PUTNAM AVENUE,  PUTNAM AVENUE between 60 LANE and FRESH POND ROAD,  FRESH POND ROAD between MADISON STREET and PUTNAM AVENUE,  FRESH POND ROAD between PUTNAM AVENUE and 68 AVENUE","Queens","5,","104,","Film","Feature","United States of America","11385,"
"885227","Shooting Permit","08/31/2025 07:00:00 AM","08/31/2025 11:00:00 PM","08/25/2025 03:12:41 PM","Mayor's Office of Media & Entertainment","34 STREET between BROADWAY and 34 AVENUE,  BROADWAY between 33 STREET and 34 STREET","Queens","1,","114,","Film","Feature","United States of America","11106,"
"884659","Shooting Permit","08/27/2025 07:00:00 AM","08/27/2025 01:00:00 PM","08/21/2025 06:51:35 PM","Mayor's Office of Media & Entertainment","DORAN AVENUE between 83 STREET and 84 STREET,  83 STREET between DORAN AVENUE and COOPER AVENUE","Queens","5,","104,","Film","Feature","United States of America","11385,"
"884306","Shooting Permit","08/25/2025 06:00:00 AM","08/25/2025 08:00:00 PM","08/20/2025 01:56:22 PM","Mayor's Office of Media & Entertainment","DORAN AVENUE between 83 STREET and 84 STREET,  83 STREET between DORAN AVENUE and COOPER AVENUE","Queens","5,","104,","Film","Feature","United States of America","11385,"
"883581","Shooting Permit","08/20/2025 08:00:00 AM","08/21/2025 12:00:00 PM","08/18/2025 08:25:17 AM","Mayor's Office of Media & Entertainment","SHEFFIELD AVENUE between BELMONT AVENUE and SUTTER AVENUE,  GEORGIA AVENUE between BELMONT AVENUE and SUTTER AVENUE,  BELMONT AVENUE between GEORGIA AVENUE and SHEFFIELD AVENUE","Brooklyn","5,","75,","Film","Feature","United States of America","11207,"
"883568","Shooting Permit","08/27/2025 06:00:00 AM","08/27/2025 08:00:00 PM","08/18/2025 07:12:25 AM","Mayor's Office of Media & Entertainment","VERNON BOULEVARD between 41 AVENUE and QUEENS PLAZA SOUTH","Queens","N/A","N/A","Film","Feature","United States of America","N/A"
"883034","Rigging Permit","08/18/2025 07:00:00 AM","08/18/2025 07:00:00 PM","08/15/2025 01:03:34 PM","Mayor's Office of Media & Entertainment","COMMERCIAL STREET between BOX STREET and MANHATTAN AVENUE","Brooklyn","1,","94,","Film","Feature","United States of America","11222,"
"882107","Shooting Permit","08/19/2025 06:00:00 AM","08/19/2025 10:00:00 PM","08/14/2025 10:23:52 PM","Mayor's Office of Media & Entertainment","9 STREET between QUEENS PLAZA and 43 AVENUE,  43 AVENUE between VERNON BOULEVARD and 9 STREET,  43 AVENUE between 9 STREET and 10 STREET","Queens","2,","108,","Film","Feature","United States of America","11101,"
"882099","Rigging Permit","08/17/2025 09:00:00 AM","08/17/2025 09:00:00 PM","08/14/2025 08:07:54 PM","Mayor's Office of Media & Entertainment","WASHINGTON AVENUE between EASTERN PARKWAY and CLASSON AVENUE","Brooklyn","55, 9,","71, 78,","Film","Feature","United States of America","11225, 11238,"
"882097","Shooting Permit","08/18/2025 06:00:00 AM","08/18/2025 08:00:00 PM","08/14/2025 07:49:53 PM","Mayor's Office of Media & Entertainment","MILTON STREET between WEST STREET and FRANKLIN STREET,  MILTON STREET between FRANKLIN STREET and MANHATTAN AVENUE,  FRANKLIN STREET between NOBLE STREET and MILTON STREET,  MANHATTAN AVENUE between MILTON STREET and NOBLE STREET,  FRANKLIN STREET between NOBLE STREET and OAK STREET,  NOBLE STREET between FRANKLIN STREET and LORIMER STREET","Brooklyn","1,","94,","Film","Feature","United States of America","11222,"
"881862","Shooting Permit","08/19/2025 07:00:00 AM","08/19/2025 08:00:00 PM","08/13/2025 08:54:01 PM","Mayor's Office of Media & Entertainment","EASTERN PARKWAY between WASHINGTON AVENUE and PLAZA ST EAST,  WASHINGTON AVENUE between EASTERN PARKWAY and CLASSON AVENUE,  UNION STREET between BEDFORD AVENUE and ROGERS AVENUE","Brooklyn","55, 9,","71, 78,","Film","Feature","United States of America","11225, 11238,"
"881851","Shooting Permit","08/15/2025 02:00:00 PM","08/15/2025 11:55:00 PM","08/13/2025 07:41:48 PM","Mayor's Office of Media & Entertainment","SHORE BOULEVARD between 20 ROAD and 21 AVENUE,  38 AVENUE between CRESCENT STREET and 24 STREET","Queens","1,","114,","Film","Short","United States of America","11101, 11105,"
"881607","Shooting Permit","08/16/2025 03:00:00 PM","08/16/2025 11:59:00 PM","08/12/2025 04:28:18 PM","Mayor's Office of Media & Entertainment","33 STREET between 34 AVENUE and BROADWAY","Queens","1,","114,","Film","Short","United States of America","11106,"
"881521","Shooting Permit","08/18/2025 07:00:00 AM","08/18/2025 08:00:00 PM","08/12/2025 11:21:17 AM","Mayor's Office of Media & Entertainment","EASTERN PARKWAY between WASHINGTON AVENUE and PLAZA ST EAST,  WASHINGTON AVENUE between EASTERN PARKWAY and CLASSON AVENUE,  UNION STREET between BEDFORD AVENUE and ROGERS AVENUE","Brooklyn","55, 9,","71, 78,","Film","Feature","United States of America","11225, 11238,"
"881481","Shooting Permit","08/16/2025 07:00:00 AM","08/16/2025 11:00:00 PM","08/12/2025 08:09:25 AM","Mayor's Office of Media & Entertainment","LINDEN STREET between WILSON AVENUE and CENTRAL AVENUE,  WILSON AVENUE between LINDEN STREET and GATES AVENUE,  GREENE AVENUE between WILSON AVENUE and KNICKERBOCKER AVENUE","Brooklyn","4,","83,","Film","Feature","Puerto Rico","11221, 11237,"
"881469","Shooting Permit","08/17/2025 01:55:00 AM","08/17/2025 11:45:00 PM","08/11/2025 10:04:23 PM","Mayor's Office of Media & Entertainment","38 AVENUE between CRESCENT STREET and 24 STREET","Queens","1,","114,","Film","Short","United States of America","11101,"
"881310","Shooting Permit","08/15/2025 07:00:00 AM","08/15/2025 11:00:00 PM","08/11/2025 10:31:05 AM","Mayor's Office of Media & Entertainment","MOFFAT STREET between WILSON AVENUE and CENTRAL AVENUE","Brooklyn","4,","83,","Film","Feature","Puerto Rico","11207,"
"881308","Shooting Permit","08/14/2025 06:00:00 AM","08/14/2025 10:00:00 PM","08/11/2025 10:24:36 AM","Mayor's Office of Media & Entertainment","JEFFERSON AVENUE between IRVING AVENUE and KNICKERBOCKER AVENUE,  KNICKERBOCKER AVENUE between JEFFERSON AVENUE and CORNELIA STREET,  MOFFAT STREET between WILSON AVENUE and CENTRAL AVENUE","Brooklyn","4,","83,","Film","Feature","Puerto Rico","11207, 11221,"
"881300","Shooting Permit","08/13/2025 03:00:00 AM","08/13/2025 11:00:00 PM","08/11/2025 09:54:46 AM","Mayor's Office of Media & Entertainment","BLEEKER STREET between WILSON AVENUE and KNICKERBOCKER AVENUE,  GROVE STREET between KNICKERBOCKER AVENUE and MYRTLE AVENUE,  GROVE STREET between MYRTLE AVENUE and KNICKERBOCKER AVENUE,  WILSON AVENUE between BLEEKER STREET and GREENE AVENUE","Brooklyn","4,","83,","Film","Feature","Puerto Rico","11237,"
"881038","Shooting Permit","08/12/2025 06:00:00 AM","08/12/2025 11:00:00 PM","08/08/2025 11:13:43 AM","Mayor's Office of Media & Entertainment","WILLOUGHBY AVENUE between IRVING AVENUE and WYCKOFF AVENUE,  WILLOUGHBY AVENUE between WYCKOFF AVENUE and ST NICHOLAS AVENUE,  WYCKOFF AVENUE between STARR STREET and HART STREET","Brooklyn","4,","83,","Film","Feature","United States of America","11237,"
"880883","Shooting Permit","08/11/2025 07:00:00 AM","08/11/2025 11:00:00 PM","08/07/2025 01:58:00 PM","Mayor's Office of Media & Entertainment","22 STREET between QUEENS PLAZA SOUTH and 43 AVENUE,  43 AVENUE between 21 STREET and 23 STREET,  QUEENS PLAZA SOUTH between 21 STREET and 23 STREET,  EAST    7 STREET between AVENUE B and AVENUE C,  EAST    8 STREET between AVENUE B and AVENUE C,  EAST    6 STREET between AVENUE B and AVENUE C,  AVENUE B between EAST    4 STREET and EAST    7 STREET,  AVENUE A between EAST    6 STREET and EAST   10 STREET,  EAST    7 STREET between AVENUE A and AVENUE B","Queens","2, 3,","108, 9,","Film","Feature","United States of America","10009, 11101,"
"880844","Shooting Permit","08/09/2025 07:00:00 AM","08/09/2025 11:59:00 PM","08/07/2025 11:42:19 AM","Mayor's Office of Media & Entertainment","22 STREET between QUEENS PLAZA SOUTH and 43 AVENUE,  43 AVENUE between 21 STREET and 23 STREET,  QUEENS PLAZA SOUTH between 21 STREET and 23 STREET","Queens","2,","108,","Film","Feature","United States of America","11101,"
"880812","Shooting Permit","08/08/2025 10:00:00 AM","08/09/2025 04:00:00 AM","08/07/2025 10:09:35 AM","Mayor's Office of Media & Entertainment","PROSPECT PARK WEST between 8 STREET and 12 STREET,  7 AVENUE between 7 STREET and 11 STREET,  10 STREET between 8 AVENUE and PROSPECT PARK WEST","Brooklyn","55, 6,","78,","Film","Feature","United States of America","11215,"
"880513","Shooting Permit","08/08/2025 07:00:00 AM","08/09/2025 12:00:00 PM","08/05/2025 03:35:11 PM","Mayor's Office of Media & Entertainment","22 STREET between QUEENS PLAZA SOUTH and 43 AVENUE,  43 AVENUE between 21 STREET and 23 STREET,  QUEENS PLAZA SOUTH between 21 STREET and 23 STREET","Queens","2,","108,","Film","Feature","United States of America","11101,"
"880497","Shooting Permit","08/08/2025 02:00:00 PM","08/09/2025 12:00:00 PM","08/05/2025 02:52:58 PM","Mayor's Office of Media & Entertainment","37 STREET between 34 AVENUE and 35 AVENUE,  35 AVENUE between 37 STREET and 36 STREET,  35 AVENUE between 36 STREET and 35 STREET,  35 STREET between 34 AVENUE and 35 AVENUE,  34 AVENUE between 35 STREET and 36 STREET,  34 AVENUE between 36 STREET and 35 STREET","Queens","1,","114,","Film","Feature","United States of America","11101, 11106,"
"880478","Shooting Permit","08/07/2025 07:00:00 AM","08/07/2025 11:59:00 PM","08/05/2025 01:57:26 PM","Mayor's Office of Media & Entertainment","22 STREET between QUEENS PLAZA SOUTH and 43 AVENUE,  43 AVENUE between 21 STREET and 23 STREET,  QUEENS PLAZA SOUTH between 21 STREET and 23 STREET","Queens","2,","108,","Film","Feature","United States of America","11101,"
"880435","Shooting Permit","08/15/2025 09:00:00 AM","08/16/2025 03:00:00 AM","08/05/2025 11:38:52 AM","Mayor's Office of Media & Entertainment","COMMERCIAL STREET between MANHATTAN AVENUE and BOX STREET","Brooklyn","1,","94,","Film","Feature","United States of America","11222,"
"880432","Shooting Permit","08/14/2025 08:30:00 AM","08/15/2025 02:30:00 AM","08/05/2025 11:33:18 AM","Mayor's Office of Media & Entertainment","COMMERCIAL STREET between MANHATTAN AVENUE and BOX STREET","Brooklyn","1,","94,","Film","Feature","United States of America","11222,"
"880427","Shooting Permit","08/13/2025 08:00:00 AM","08/14/2025 02:00:00 AM","08/05/2025 11:21:55 AM","Mayor's Office of Media & Entertainment","COMMERCIAL STREET between MANHATTAN AVENUE and BOX STREET","Brooklyn","1,","94,","Film","Feature","United States of America","11222,"
"880424","Shooting Permit","08/12/2025 07:30:00 AM","08/13/2025 01:30:00 AM","08/05/2025 11:16:39 AM","Mayor's Office of Media & Entertainment","COMMERCIAL STREET between MANHATTAN AVENUE and BOX STREET","Brooklyn","1,","94,","Film","Feature","United States of America","11222,"
"880403","Shooting Permit","08/11/2025 06:00:00 AM","08/11/2025 11:00:00 PM","08/05/2025 09:45:08 AM","Mayor's Office of Media & Entertainment","SOUTH    8 STREET between WYTHE AVENUE and KENT AVENUE,  SOUTH    8 STREET between WYTHE AVENUE and BERRY STREET,  BROADWAY between KENT AVENUE and WYTHE AVENUE,  WYTHE AVENUE between BROADWAY and SOUTH    8 STREET,  BROADWAY between WYTHE AVENUE and BERRY STREET","Brooklyn","1,","90,","Film","Feature","United States of America","11249,"
"879821","Shooting Permit","08/08/2025 09:00:00 AM","08/08/2025 11:00:00 PM","07/31/2025 02:53:37 PM","Mayor's Office of Media & Entertainment","WYTHE AVENUE between SOUTH    1 STREET and SOUTH    3 STREET,  WYTHE AVENUE between SOUTH    3 STREET and SOUTH    4 STREET,  SOUTH    3 STREET between WYTHE AVENUE and BERRY STREET,  BEDFORD AVENUE between SOUTH    3 STREET and SOUTH    4 STREET,  SOUTH    4 STREET between BEDFORD AVENUE and DRIGGS AVENUE,  SOUTH    3 STREET between BEDFORD AVENUE and DRIGGS AVENUE,  BEDFORD AVENUE between NORTH    1 STREET and SOUTH    1 STREET,  GRAND STREET between BERRY STREET and DRIGGS AVENUE,  SOUTH    1 STREET between BERRY STREET and DRIGGS AVENUE,  GRAND STREET between BERRY STREET and BEDFORD AVENUE,  DRIGGS AVENUE between SOUTH    3 STREET and SOUTH    4 STREET","Brooklyn","1,","90, 94,","Film","Feature","United States of America","11211, 11222, 11249,"
"879804","Shooting Permit","08/12/2025 07:00:00 AM","08/12/2025 09:00:00 PM","07/31/2025 02:05:49 PM","Mayor's Office of Media & Entertainment","HARRY SUNA PLACE between QUEENS PLAZA SOUTH and 43 AVENUE,  43 AVENUE between 21 STREET and 22 STREET,  QUEENS PLAZA SOUTH between 21 STREET and 22 STREET,  21 STREET between 43 AVENUE and QUEENS PLAZA SOUTH","Queens","2,","108,","Film","Feature","United States of America","11101,"
"879536","Shooting Permit","08/05/2025 10:30:00 AM","08/05/2025 11:00:00 PM","07/30/2025 08:40:55 AM","Mayor's Office of Media & Entertainment","ATLANTIC AVENUE between HICKS STREET and HENRY STREET,  ATLANTIC AVENUE between HENRY STREET and CLINTON STREET,  ATLANTIC AVENUE between CLINTON STREET and COURT STREET,  COURT STREET between ATLANTIC AVENUE and PACIFIC STREET,  COURT STREET between PACIFIC STREET and AMITY STREET,  ATLANTIC AVENUE between COURT STREET and BOERUM PLACE,  CONGRESS STREET between COURT STREET and CLINTON STREET,  COLUMBIA STREET between CONGRESS STREET and DEGRAW STREET,  AMITY STREET between HENRY STREET and HICKS STREET,  HENRY STREET between AMITY STREET and CONGRESS STREET,  HENRY STREET between ATLANTIC AVENUE and PACIFIC STREET,  HENRY STREET between AMITY STREET and PACIFIC STREET","Brooklyn","2, 6,","76, 84,","Film","Feature","United States of America","11201, 11231,"
"879441","Shooting Permit","08/05/2025 07:00:00 AM","08/05/2025 11:59:00 PM","07/29/2025 03:57:12 PM","Mayor's Office of Media & Entertainment","22 STREET between QUEENS PLAZA SOUTH and 43 AVENUE,  43 AVENUE between 21 STREET and 23 STREET,  QUEENS PLAZA SOUTH between 21 STREET and 23 STREET","Queens","2,","108,","Film","Feature","United States of America","11101,"
"879433","Shooting Permit","08/04/2025 07:00:00 AM","08/04/2025 11:59:00 PM","07/29/2025 03:44:26 PM","Mayor's Office of Media & Entertainment","22 STREET between QUEENS PLAZA South and 43 AVENUE,  43 AVENUE between 21 STREET and 23 STREET,  QUEENS PLAZA SOUTH between 21 STREET and 23 STREET","Queens","N/A","N/A","Film","Feature","United States of America","N/A"
"879417","Shooting Permit",,"08/02/2025 01:00:00 AM","07/29/2025 03:10:50 PM","Mayor's Office of Media & Entertainment","SOUTH    3 STREET between BERRY STREET and WYTHE AVENUE,  WYTHE AVENUE between SOUTH    1 STREET and SOUTH    3 STREET,  WYTHE AVENUE between SOUTH    3 STREET and SOUTH    5 STREET,  SOUTH    2 STREET between WYTHE AVENUE and BERRY STREET,  RIVER STREET between SOUTH    3 STREET and SOUTH    4 STREET,  SOUTH    3 STREET between BEDFORD AVENUE and DRIGGS AVENUE,  BEDFORD AVENUE between SOUTH    3 STREET and SOUTH    4 STREET,  SOUTH    4 STREET between BEDFORD AVENUE and DRIGGS AVENUE,  SOUTH    8 STREET between KENT AVENUE and WYTHE AVENUE,  KENT AVENUE between SOUTH    8 STREET and SOUTH    9 STREET,  WYTHE AVENUE between BROADWAY and SOUTH    9 STREET,  SOUTH    9 STREET between KENT AVENUE and WYTHE AVENUE","Brooklyn","1,","90,","Film","Feature","United States of America","11211, 11249,"
"879411","Shooting Permit","08/06/2025 07:00:00 AM","08/06/2025 11:59:00 PM","07/29/2025 02:40:44 PM","Mayor's Office of Media & Entertainment","22 STREET between QUEENS PLAZA SOUTH and 43 AVENUE,  43 AVENUE between 21 STREET and 23 STREET,  QUEENS PLAZA SOUTH between 21 STREET and 23 STREET","Queens","N/A","N/A","Film","Feature","United States of America","N/A"
"879152","Shooting Permit","08/05/2025 10:00:00 AM","08/05/2025 09:00:00 PM","07/28/2025 01:05:05 PM","Mayor's Office of Media & Entertainment","MAIN STREET between WATER STREET and PLYMOUTH STREET,  WATER STREET between DOCK STREET and MAIN STREET,  WATER STREET between MAIN STREET and ADAMS STREET,  WASHINGTON STREET between FRONT STREET and PROSPECT STREET,  CADMAN PLAZA WEST between MIDDAGH STREET and TILLARY STREET,  CADMAN PLAZA EAST between PROSPECT STREET and RED CROSS PLACE,  CRANBERRY STREET between HICKS STREET and HENRY STREET","Brooklyn","2,","84,","Film","Feature","United States of America","11201,"
"878870","Shooting Permit","07/29/2025 05:00:00 PM","07/30/2025 05:00:00 AM","07/25/2025 02:02:23 PM","Mayor's Office of Media & Entertainment","BROOKLYN AVENUE between FARRAGUT ROAD and GLENWOOD ROAD","Brooklyn","17,","67,","Film","Short","United States of America","11210,"
"878813","Shooting Permit","07/31/2025 06:00:00 AM","07/31/2025 11:00:00 PM","07/25/2025 10:37:59 AM","Mayor's Office of Media & Entertainment","STARR STREET between IRVING AVENUE and WYCKOFF AVENUE,  STARR STREET between WYCKOFF AVENUE and ST NICHOLAS AVENUE,  WYCKOFF AVENUE between TROUTMAN STREET and HART STREET,  TROUTMAN STREET between WYCKOFF AVENUE and IRVING AVENUE,  WILLOUGHBY AVENUE between WYCKOFF AVENUE and ST NICHOLAS AVENUE","Brooklyn","4,","83,","Film","Feature","United States of America","11237,"
"878808","Shooting Permit","07/30/2025 06:00:00 AM","07/30/2025 10:00:00 PM","07/25/2025 10:22:25 AM","Mayor's Office of Media & Entertainment","STARR STREET between IRVING AVENUE and WYCKOFF AVENUE,  STARR STREET between WYCKOFF AVENUE and ST NICHOLAS AVENUE,  WYCKOFF AVENUE between TROUTMAN STREET and HART STREET,  TROUTMAN STREET between WYCKOFF AVENUE and IRVING AVENUE,  WILLOUGHBY AVENUE between WYCKOFF AVENUE and ST NICHOLAS AVENUE","Brooklyn","4,","83,","Film","Feature","United States of America","11237,"
"878795","Shooting Permit","07/29/2025 06:00:00 AM","07/29/2025 10:00:00 PM","07/25/2025 09:44:36 AM","Mayor's Office of Media & Entertainment","STARR STREET between IRVING AVENUE and WYCKOFF AVENUE,  STARR STREET between WYCKOFF AVENUE and ST NICHOLAS AVENUE,  WYCKOFF AVENUE between TROUTMAN STREET and HART STREET,  TROUTMAN STREET between WYCKOFF AVENUE and IRVING AVENUE,  WILLOUGHBY AVENUE between WYCKOFF AVENUE and ST NICHOLAS AVENUE","Brooklyn","4,","83,","Film","Feature","United States of America","11237,"
"878791","Shooting Permit","08/01/2025 06:00:00 AM","08/01/2025 11:00:00 PM","07/25/2025 09:29:27 AM","Mayor's Office of Media & Entertainment","PROSPECT PARK WEST between 8 STREET and 12 STREET,  10 STREET between 8 AVENUE and PROSPECT PARK WEST,  7 AVENUE between 7 STREET and 11 STREET","Brooklyn","55, 6,","78,","Film","Feature","United States of America","11215,"
"878569","Shooting Permit","07/28/2025 06:00:00 AM","07/28/2025 10:00:00 PM","07/24/2025 09:52:58 AM","Mayor's Office of Media & Entertainment","STARR STREET between IRVING AVENUE and WYCKOFF AVENUE,  STARR STREET between WYCKOFF AVENUE and ST NICHOLAS AVENUE,  WYCKOFF AVENUE between TROUTMAN STREET and HART STREET,  TROUTMAN STREET between WYCKOFF AVENUE and IRVING AVENUE,  WILLOUGHBY AVENUE between WYCKOFF AVENUE and ST NICHOLAS AVENUE","Brooklyn","4,","83,","Film","Feature","United States of America","11237,"
"878366","Shooting Permit","07/28/2025 06:00:00 AM","07/28/2025 07:00:00 PM","07/23/2025 09:49:58 AM","Mayor's Office of Media & Entertainment","COURT STREET between DEGRAW STREET and BUTLER STREET,  COURT STREET between CONGRESS STREET and WYCKOFF STREET,  COURT STREET between KANE STREET and BALTIC STREET,  COURT STREET between WARREN STREET and BALTIC STREET,  COURT STREET between AMITY STREET and CONGRESS STREET,  KANE STREET between TOMPKINS PLACE and COURT STREET","Brooklyn","2, 6,","76, 84,","Film","Feature","United States of America","11201, 11231,"
"878275","Shooting Permit","07/29/2025 07:00:00 AM","07/30/2025 12:00:00 PM","07/22/2025 04:40:51 PM","Mayor's Office of Media & Entertainment","PROSPECT ST between JAY ST and BRIDGE ST,  BRIDGE STREET between PROSPECT STREET and YORK STREET,  JAY ST between PROSPECT ST and YORK ST,  PLYMOUTH STREET between ADAMS STREET and PEARL STREET","Brooklyn","2,","84,","Film","Feature","United States of America","11201,"
"878135","Shooting Permit","07/25/2025 11:00:00 AM","07/26/2025 04:00:00 AM","07/22/2025 09:09:51 AM","Mayor's Office of Media & Entertainment","BROADWAY between KENT AVENUE and WYTHE AVENUE,  WYTHE AVENUE between BROADWAY and SOUTH    8 STREET,  SOUTH    8 STREET between WYTHE AVENUE and KENT AVENUE,  BROADWAY between WYTHE AVENUE and BEDFORD AVENUE","Brooklyn","1,","90,","Film","Feature","United States of America","11249,"
"878000","Shooting Permit","07/30/2025 02:00:00 PM","07/30/2025 11:00:00 PM","07/21/2025 01:52:40 PM","Mayor's Office of Media & Entertainment","HARRY SUNA PLACE between QUEENS PLAZA SOUTH and 43 AVENUE,  43 AVENUE between 21 STREET and 22 STREET,  QUEENS PLAZA SOUTH between 21 STREET and 22 STREET","Brooklyn","1, 2,","108, 94,","Film","Feature","United States of America","11101, 11222,"
"877997","Shooting Permit","07/24/2025 11:00:00 AM","07/25/2025 02:00:00 AM","07/21/2025 01:41:29 PM","Mayor's Office of Media & Entertainment","KNICKERBOCKER AVENUE between HARRISON PLACE and GRATTAN STREET,  MORGAN AVENUE between INGRAHAM STREET and HARRISON PLACE,  HARRISON PLACE between MORGAN AVENUE and PORTER AVENUE,  GRATTAN STREET between MORGAN AVENUE and KNICKERBOCKER AVENUE,  GRATTAN STREET between KNICKERBOCKER AVENUE and PORTER AVENUE,  PORTER AVENUE between JOHNSON AVENUE and FLUSHING AVENUE,  INGRAHAM STREET between PORTER AVENUE and KNICKERBOCKER AVENUE,  BOGART STREET between DEAD END and JOHNSON AVENUE","Brooklyn","1,","90,","Film","Feature","United States of America","11206, 11237,"
"877758","Shooting Permit","07/23/2025 12:00:00 PM","07/23/2025 11:00:00 PM","07/18/2025 10:48:48 PM","Mayor's Office of Media & Entertainment","COFFEY STREET between FERRIS STREET and DEAD END,  FERRIS STREET between VAN DYKE STREET and COFFEY STREET,  COFFEY STREET between FERRIS STREET and CONOVER STREET,  VAN DYKE STREET between FERRIS STREET and DEAD END,  DIKEMAN STREET between FERRIS STREET and CONOVER STREET,  FORSYTH STREET between CANAL STREET and DIVISION STREET","Brooklyn","2, 3, 6,","5, 76, 84,","Film","Feature","United States of America","10002, 11201, 11231,"
"877733","Shooting Permit","08/08/2025 06:00:00 AM","08/08/2025 11:59:00 PM","07/18/2025 04:54:56 PM","Mayor's Office of Media & Entertainment","STERLING PLACE between WASHINGTON AVENUE and UNDERHILL AVENUE","Brooklyn","8,","77,","Film","Feature","United States of America","11238,"
"877575","Shooting Permit","07/22/2025 08:00:00 AM","07/22/2025 11:00:00 PM","07/17/2025 10:30:07 PM","Mayor's Office of Media & Entertainment","SEAGATE AVENUE between BAYVIEW AVENUE and POLAR STREET,  BAYVIEW AVENUE between SEAGATE AVENUE and WEST   37 STREET,  BAYVIEW AVENUE between SEAGATE AVENUE and WEST   36 STREET,  WEST   33 STREET between BAYVIEW AVENUE and NEPTUNE AVENUE,  BAYVIEW AVENUE between WEST   33 STREET and NEPTUNE AVENUE","Brooklyn","13,","60,","Film","Feature","United States of America","11224,"
"877376","Shooting Permit","07/21/2025 07:00:00 AM","07/21/2025 10:00:00 PM","07/17/2025 09:42:50 AM","Mayor's Office of Media & Entertainment","MANHATTAN AVENUE between SEIGEL STREET and MCKIBBIN STREET,  MANHATTAN AVENUE between SEIGEL STREET and MCKIBBIN STREET,  MANHATTAN AVENUE between MCKIBBIN STREET and BOERUM STREET,  MCKIBBIN STREET between GRAHAM AVENUE and MANHATTAN AVENUE,  GRAHAM AVENUE between BOERUM STREET and MCKIBBIN STREET,  GRAHAM AVENUE between MCKIBBIN STREET and SEIGEL STREET,  SEIGEL STREET between GRAHAM AVENUE and MANHATTAN AVENUE","Brooklyn","1,","90,","Film","Feature","United States of America","11206,"
"877171","Shooting Permit","07/23/2025 06:00:00 AM","07/23/2025 08:00:00 PM","07/16/2025 11:42:33 AM","Mayor's Office of Media & Entertainment","11 STREET between 44 ROAD and 44 DRIVE,  44 ROAD between 11 STREET and 21 STREET,  44 DRIVE between 11 STREET and 21 STREET,  21 STREET between 44 ROAD and 44 DRIVE,  21 STREET between 44 DRIVE and 45 AVENUE,  HARRY SUNA PLACE between QUEENS PLAZA SOUTH and 43 AVENUE","Queens","2,","108,","Film","Feature","United States of America","11101,"
"877145","Shooting Permit","07/17/2025 02:00:00 PM","07/18/2025 06:00:00 AM","07/16/2025 10:16:34 AM","Mayor's Office of Media & Entertainment","SOUTH    8 STREET between WYTHE AVENUE and KENT AVENUE,  KENT AVENUE between SOUTH    9 STREET and BROADWAY,  BROADWAY between KENT AVENUE and WYTHE AVENUE,  WYTHE AVENUE between BROADWAY and SOUTH    8 STREET,  BROADWAY between BEDFORD AVENUE and WYTHE AVENUE,  COMMERCIAL STREET between MANHATTAN AVENUE and BOX STREET,  BOX STREET between MANHATTAN AVENUE and MCGUINNESS BOULEVARD,  ASH STREET between MANHATTAN AVENUE and MCGUINNESS BOULEVARD,  MANHATTAN AVE between COMMERCIAL STREET and NEWTOWN CREEK SHORELINE,  MCGUINNESS BOULEVARD between BOX STREET and CLAY STREET,  MCGUINNESS BOULEVARD between CLAY STREET and DUPONT STREET,  MCGUINNESS BOULEVARD between DUPONT STREET and EAGLE STREET","Brooklyn","1,","90, 94,","Film","Feature","United States of America","11211, 11222, 11249,"
"877121","Shooting Permit","07/18/2025 06:00:00 AM","07/19/2025 05:00:00 AM","07/16/2025 04:46:29 AM","Mayor's Office of Media & Entertainment","211 STREET between 104 AVENUE and 99 AVENUE,  99 AVENUE between 208 STREET and 211 STREET,  211 STREET between 99 AVENUE and 104 AVENUE,  104 AVENUE between 209 STREET and 211 STREET,  104 AVENUE between 209 STREET and 210 STREET","Queens","13,","105,","Film","Feature","United States of America","11429,"
"877080","Shooting Permit","07/23/2025 06:00:00 AM","07/23/2025 06:00:00 PM","07/15/2025 05:15:11 PM","Mayor's Office of Media & Entertainment","HALSEY STREET between MARCY AVENUE and NOSTRAND AVENUE","Brooklyn","3,","79,","Film","Feature","United States of America","11216,"
"876739","Rigging Permit","07/17/2025 07:00:00 AM","07/17/2025 07:00:00 PM","07/14/2025 02:23:15 PM","Mayor's Office of Media & Entertainment","34 AVENUE between 36 STREET and 37 STREET","Queens","1,","114,","Film","Feature","United States of America","11106,"
"876714","Rigging Permit","07/16/2025 07:00:00 AM","07/16/2025 07:00:00 PM","07/14/2025 01:27:17 PM","Mayor's Office of Media & Entertainment","34 AVENUE between 36 STREET and 37 STREET","Queens","1,","114,","Film","Feature","United States of America","11106,"
"876619","Shooting Permit","07/16/2025 10:00:00 AM","07/16/2025 09:00:00 PM","07/14/2025 02:17:10 AM","Mayor's Office of Media & Entertainment","29 STREET between 39 AVENUE and 38 AVENUE","Queens","1,","114,","Film","Feature","United States of America","11101,"
"876134","Shooting Permit","07/16/2025 06:00:00 AM","07/16/2025 10:00:00 PM","07/10/2025 02:21:17 PM","Mayor's Office of Media & Entertainment","QUEENS PLAZA SOUTH between 21 STREET and 23 STREET,  22 STREET between QUEENS PLAZA SOUTH and 43 AVENUE,  43 AVENUE between 21 STREET and 23 STREET","Queens","N/A","N/A","Film","Feature","United States of America","N/A"
"876063","Shooting Permit","07/15/2025 06:00:00 AM","07/15/2025 10:00:00 PM","07/10/2025 11:01:35 AM","Mayor's Office of Media & Entertainment","COMMERCIAL STREET between MANHATTAN AVENUE and BOX STREET,  BOX STREET between MANHATTAN AVENUE and MCGUINNESS BOULEVARD,  ASH STREET between MANHATTAN AVENUE and MCGUINNESS BOULEVARD,  Manhattan Ave between COMMERCIAL STREET and Newtown Creek Shoreline,  MCGUINNESS BOULEVARD between BOX STREET and CLAY STREET,  MCGUINNESS BOULEVARD between CLAY STREET and DUPONT STREET,  McGuinness Boulevard between DUPONT STREET and Eagle St","Brooklyn","1,","94,","Film","Feature","United States of America","11222,"
"876054","Shooting Permit","07/14/2025 06:00:00 AM","07/14/2025 10:00:00 PM","07/10/2025 10:35:51 AM","Mayor's Office of Media & Entertainment","COMMERCIAL STREET between MANHATTAN AVENUE and BOX STREET,  Manhattan Ave between COMMERCIAL STREET and Newtown Creek Shoreline,  BOX STREET between MANHATTAN AVENUE and MCGUINNESS BOULEVARD,  ASH STREET between MANHATTAN AVENUE and MCGUINNESS BOULEVARD,  MCGUINNESS BOULEVARD between BOX STREET and CLAY STREET,  MCGUINNESS BOULEVARD between CLAY STREET and DUPONT STREET,  McGuinness Boulevard between DUPONT STREET and Eagle St","Brooklyn","1,","94,","Film","Feature","United States of America","11222,"
"876015","Shooting Permit","07/14/2025 07:00:00 AM","07/14/2025 07:30:00 PM","07/10/2025 03:18:47 AM","Mayor's Office of Media & Entertainment","EAST   21 STREET between WOODRUFF AVENUE and CATON AVENUE,  OCEAN AVENUE between PARKSIDE AVENUE and WOODRUFF AVENUE","Brooklyn","14,","70,","Film","Feature","United States of America","11226,"
"875964","Rigging Permit","07/18/2025 07:00:00 AM","07/18/2025 07:00:00 PM","07/09/2025 05:52:40 PM","Mayor's Office of Media & Entertainment","37 STREET between 34 AVENUE and 35 AVENUE","Queens","1,","114,","Film","Feature","United States of America","11101,"
"875819","Shooting Permit","07/11/2025 11:00:00 AM","07/12/2025 04:00:00 AM","07/09/2025 11:07:09 AM","Mayor's Office of Media & Entertainment","COMMERCIAL STREET between BOX STREET and MANHATTAN AVENUE,  Manhattan Ave between COMMERCIAL STREET and Newtown Creek Shoreline,  BOX STREET between MANHATTAN AVENUE and MCGUINNESS BOULEVARD,  ASH STREET between MANHATTAN AVENUE and MCGUINNESS BOULEVARD,  MCGUINNESS BOULEVARD between BOX STREET and CLAY STREET,  MCGUINNESS BOULEVARD between CLAY STREET and DUPONT STREET,  McGuinness Boulevard between DUPONT STREET and Eagle St","Brooklyn","1,","94,","Film","Feature","United States of America","11222,"
"875480","Shooting Permit","07/10/2025 06:00:00 AM","07/11/2025 12:00:00 PM","07/08/2025 10:23:35 AM","Mayor's Office of Media & Entertainment","MANHATTAN AVE between COMMERCIAL STREET and NEWTOWN CREEK SHORELINE,  MCGUINNESS BOULEVARD between DUPONT STREET and EAGLE ST,  MCGUINNESS BOULEVARD between CLAY STREET and DUPONT STREET,  MCGUINNESS BOULEVARD between BOX STREET and CLAY STREET,  COMMERCIAL STREET between BOX STREET and MANHATTAN AVENUE,  ASH STREET between MANHATTAN AVENUE and MCGUINNESS BOULEVARD,  BOX STREET between MANHATTAN AVENUE and MCGUINNESS BOULEVARD,  MANHATTAN AVE between COMMERCIAL STREET and NEWTOWN CREEK SHORELINE","Brooklyn","1,","94,","Film","Feature","United States of America","11222,"
"875228","Shooting Permit","07/11/2025 11:30:00 AM","07/12/2025 12:00:00 PM","07/07/2025 10:40:09 AM","Mayor's Office of Media & Entertainment","BEDFORD AVENUE between NORTH   10 STREET and NORTH   11 STREET,  NORTH   11 STREET between BERRY STREET and BEDFORD AVENUE,  NORMAN AVENUE between DOBBIN STREET and GUERNSEY STREET,  NORTH   12 STREET between KENT AVENUE and WYTHE AVENUE,  NORTH   11 STREET between BEDFORD AVENUE and DRIGGS AVENUE,  NORTH   10 STREET between BERRY STREET and BEDFORD AVENUE,  NORTH   10 STREET between BEDFORD AVENUE and DRIGGS AVENUE,  NORTH   12 STREET between BERRY STREET and DRIGGS AVENUE,  BEDFORD AVENUE between NORTH   12 STREET and LORIMER STREET,  NORTH   12 STREET between WYTHE AVENUE and BERRY STREET,  WYTHE AVENUE between NORTH   11 STREET and NORTH   13 STREET,  DOBBIN STREET between NORMAN AVENUE and NASSAU AVENUE","Brooklyn","1,","94,","Film","Feature","United States of America","11211, 11222, 11249,"
"875172","Shooting Permit","07/09/2025 06:00:00 AM","07/09/2025 10:00:00 PM","07/06/2025 09:51:15 PM","Mayor's Office of Media & Entertainment","COMMERCIAL STREET between BOX STREET and MANHATTAN AVENUE,  Manhattan Ave between COMMERCIAL STREET and NEWTOWN CREEK SHORELINE,  MCGUINNESS BOULEVARD between DUPONT STREET and Eagle,  BOX STREET between MANHATTAN AVENUE and MCGUINNESS BOULEVARD,  MCGUINNESS BOULEVARD between BOX STREET and CLAY STREET,  MCGUINNESS BOULEVARD between CLAY STREET and DUPONT STREET,  ASH STREET between MANHATTAN AVENUE and MCGUINNESS BOULEVARD","Brooklyn","1,","94,","Film","Feature","United States of America","11222,"
"875136","Shooting Permit","07/12/2025 11:00:00 AM","07/13/2025 01:00:00 AM","07/06/2025 02:51:35 PM","Mayor's Office of Media & Entertainment","VERNON AVENUE between BROADWAY and STUYVESANT AVENUE","Brooklyn","3,","81,","Film","Short","United States of America","11221,"
"875135","Shooting Permit","07/11/2025 10:00:00 AM","07/11/2025 11:00:00 PM","07/06/2025 02:47:40 PM","Mayor's Office of Media & Entertainment","INDIA STREET between SGT NICHOLAS ALEMAN WAY and MCGUINNESS BOULEVARD,  MANHATTAN AVENUE between CALYER STREET and MESEROLE AVENUE","Brooklyn","1,","94,","Film","Short","United States of America","11222,"
"874934","Shooting Permit",,"07/12/2025 02:00:00 AM","07/03/2025 03:42:42 PM","Mayor's Office of Media & Entertainment","FULTON STREET between IRVING PLACE and DOWNING STREET,  CLASSON AVENUE between MADISON STREET and MONROE STREET,  QUINCY STREET between FRANKLIN AVENUE and CLASSON AVENUE","Brooklyn","2, 3,","79, 88,","Film","Feature","United States of America","11238,"
"874913","Shooting Permit","07/09/2025 10:00:00 AM","07/09/2025 11:30:00 PM","07/03/2025 02:37:57 PM","Mayor's Office of Media & Entertainment","FREEMAN STREET between FRANKLIN STREET and MANHATTAN AVENUE","Brooklyn","1,","94,","Film","Short","United States of America","11222,"
"874628","Shooting Permit","07/08/2025 06:00:00 AM","07/08/2025 09:00:00 PM","07/02/2025 01:41:57 PM","Mayor's Office of Media & Entertainment","SURF AVENUE between WEST    5 STREET and SEA BREEZE AVENUE","Brooklyn","13,","60,","Film","Short","United States of America","11224, 11235,"
"873534","Shooting Permit","07/10/2025 08:00:00 AM","07/11/2025 01:00:00 AM","06/27/2025 02:19:24 PM","Mayor's Office of Media & Entertainment","KESSEL STREET between 70 AVENUE and 71 AVENUE,  LOUBET STREET between 69 AVENUE and 70 AVENUE,  70 AVENUE between KESSEL STREET and LOUBET STREET,  70 AVENUE between LOUBET STREET and MANSE STREET,  KESSEL STREET between 69 AVENUE and 70 AVENUE,  69 AVENUE between JUNO STREET and LOUBET STREET,  MANSE STREET between 69 AVENUE and 68 AVENUE,  METROPOLITAN AVENUE between 71 AVENUE and 71 ROAD","Queens","6,","112,","Film","Feature","United States of America","11375,"
"873507","Shooting Permit","06/29/2025 04:00:00 PM","06/30/2025 04:00:00 AM","06/27/2025 01:03:40 PM","Mayor's Office of Media & Entertainment","FRONT STREET between DOCK STREET and ADAMS STREET,  MAIN STREET between FRONT STREET and WATER STREET,  SMITH STREET between BALTIC STREET and DEGRAW STREET,  COURT STREET between BUTLER STREET and DOUGLASS STREET","Brooklyn","2, 6,","76, 84,","Film","Feature","United States of America","11201, 11231,"
"873387","Shooting Permit","07/03/2025 10:00:00 AM","07/03/2025 11:30:00 PM","06/26/2025 08:43:46 PM","Mayor's Office of Media & Entertainment","KENT AVENUE between SOUTH    5 STREET and SOUTH    3 STREET,  KENT AVENUE between SOUTH    3 STREET and SOUTH    2 STREET,  SOUTH    2 STREET between KENT AVENUE and WYTHE AVENUE,  SOUTH    1 STREET between DRIGGS AVENUE and ROEBLING STREET,  SOUTH    3 STREET between ROEBLING STREET and BEDFORD AVENUE,  DRIGGS AVENUE between SOUTH    3 STREET and SOUTH    4 STREET,  SOUTH    4 STREET between BEDFORD AVENUE and DRIGGS AVENUE,  DRIGGS AVENUE between SOUTH    3 STREET and SOUTH    2 STREET,  KENT AVENUE between GRAND STREET and METROPOLITAN AVENUE,  METROPOLITAN AVENUE between KENT AVENUE and BERRY STREET,  DRIGGS AVENUE between SOUTH    1 STREET and SOUTH    2 STREET,  SOUTH    3 STREET between WYTHE AVENUE and KENT AVENUE","Brooklyn","1,","90, 94,","Film","Feature","United States of America","11211, 11249,"
"873078","Shooting Permit","06/29/2025 08:00:00 AM","06/29/2025 09:00:00 PM","06/25/2025 06:16:58 PM","Mayor's Office of Media & Entertainment","47 AVENUE between 5 STREET and CENTER BOULEVARD,  MACON STREET between PATCHEN AVENUE and MALCOLM X BOULEVARD","Queens","2, 3,","108, 81,","Film","Short","United States of America","11101, 11233,"
"872979","Shooting Permit","07/02/2025 10:00:00 AM","07/03/2025 12:30:00 PM","06/25/2025 01:46:28 PM","Mayor's Office of Media & Entertainment","GRAND STREET between DRIGGS AVENUE and ROEBLING STREET,  ROEBLING STREET between SOUTH    1 STREET and FILLMORE PLACE,  GRAND STREET between ROEBLING STREET and HAVEMEYER STREET,  GRAND STREET between BERRY STREET and DRIGGS AVENUE,  BEDFORD AVENUE between NORTH    1 STREET and SOUTH    1 STREET,  SOUTH    1 STREET between BERRY STREET and DRIGGS AVENUE,  DRIGGS AVENUE between SOUTH    3 STREET and SOUTH    2 STREET,  SOUTH    3 STREET between KENT AVENUE and WYTHE AVENUE,  KENT AVENUE between SOUTH    5 STREET and SOUTH    3 STREET","Brooklyn","1,","90,","Film","Feature","United States of America","11211, 11249,"
"872423","Shooting Permit","07/01/2025 07:00:00 AM","07/01/2025 09:00:00 PM","06/23/2025 04:36:42 PM","Mayor's Office of Media & Entertainment","DEGRAW STREET between 3 AVENUE and 4 AVENUE,  3 AVENUE between UNION STREET and DEGRAW STREET,  DEGRAW STREET between NEVINS STREET and 3 AVENUE,  DOUGLASS STREET between NEVINS STREET and 3 AVENUE,  3 AVENUE between BUTLER STREET and DEGRAW STREET,  BUTLER STREET between 3 AVENUE and 4 AVENUE,  DOUGLAS STREET between 3 AVENUE and 4 AVENUE,  5 AVENUE between DEGRAW STREET and DOUGLAS STREET","Brooklyn","6,","78,","Film","Feature","United States of America","11217,"
"872374","Shooting Permit","07/02/2025 10:00:00 AM","07/03/2025 02:00:00 AM","06/23/2025 02:41:21 PM","Mayor's Office of Media & Entertainment","LOUBET STREET between 69 AVENUE and 70 AVENUE,  70 AVENUE between KESSEL STREET and LOUBET STREET,  70 AVENUE between LOUBET STREET and MANSE STREET,  KESSEL STREET between 69 AVENUE and 70 AVENUE,  69 AVENUE between JUNO STREET and LOUBET STREET,  MANSE STREET between 69 AVENUE and 68 AVENUE,  METROPOLITAN AVENUE between 71 AVENUE and 71 ROAD","Queens","6,","112,","Film","Feature","United States of America","11375,"
"871953","Shooting Permit","06/30/2025 07:00:00 AM","06/30/2025 09:00:00 PM","06/20/2025 03:53:24 PM","Mayor's Office of Media & Entertainment","BALTIC STREET between NEVINS STREET and 4 AVENUE,  BUTLER STREET between 3 AVENUE and 4 AVENUE,  WYCKOFF STREET between NEVINS STREET and 3 AVENUE,  NEVINS STREET between WYCKOFF STREET and BUTLER STREET","Brooklyn","2, 6,","76, 78, 84,","Film","Feature","United States of America","11217,"
"871900","Shooting Permit","06/27/2025 06:00:00 AM","06/27/2025 08:00:00 PM","06/20/2025 01:37:03 PM","Mayor's Office of Media & Entertainment","DEAN STREET between CLASSON AVENUE and FRANKLIN AVENUE","Brooklyn","8,","77,","Film","Feature","United States of America","11238,"
"871522","Shooting Permit","06/23/2025 03:00:00 PM","06/24/2025 07:00:00 AM","06/18/2025 04:50:09 PM","Mayor's Office of Media & Entertainment","CrossBay Boulevard between 164th Ave and 165th AVe,  ROCKAWAY FREEWAY between BEACH  102 STREET and BEACH  101 STREET,  ROCKAWAY FREEWAY between BEACH  101 STREET and BEACH  102 STREET,  ROCKAWAY FREEWAY between BEACH  101 STREET and BEACH  100 STREET,  ROCKAWAY FREEWAY between BEACH  101 STREET and BEACH  100 STREET,  ROCKAWAY FREEWAY between BEACH  100 STREET and BEACH   98 STREET,  ROCKAWAY FREEWAY between BEACH  100 STREET and BEACH   98 STREET,  BEACH  101 STREET between ROCKAWAY FREEWAY and ROCKAWAY BEACH BOULEVARD,  BEACH  102 STREET between ROCKAWAY BEACH BOULEVARD and SHORE FRONT PARKWAY,  BEACH  102 STREET between ROCKAWAY FREEWAY and ROCKAWAY BEACH BOULEVARD","Queens","10, 14,","100, 106,","Film","Feature","United States of America","11414, 11694,"
"871443","Shooting Permit",,"06/23/2025 04:00:00 AM","06/18/2025 03:06:28 PM","Mayor's Office of Media & Entertainment","83 STREET between COLONIAL ROAD and RIDGE BOULEVARD,  83 STREET between COLONIAL ROAD and RIDGE BOULEVARD,  RIDGE BOULEVARD between 82 STREET and 83 STREET,  83 STREET between RIDGE BOULEVARD and 3 AVENUE,  RIDGE BOULEVARD between 83 STREET and 84 STREET,  RIDGE BOULEVARD between 84 STREET and 85 STREET,  RIDGE BOULEVARD between 85 STREET and 86 STREET","Brooklyn","10,","68,","Film","Feature","United States of America","11209,"
"870817","Shooting Permit","06/20/2025 04:00:00 PM","06/20/2025 10:00:00 PM","06/16/2025 02:15:52 PM","Mayor's Office of Media & Entertainment","1 PLACE between CLINTON STREET and COURT STREET","Brooklyn","6,","76,","Film","Short","United States of America","11231,"
"870814","Shooting Permit","06/21/2025 07:00:00 AM","06/21/2025 07:00:00 PM","06/16/2025 02:07:31 PM","Mayor's Office of Media & Entertainment","1 PLACE between CLINTON STREET and COURT STREET,  COURT STREET between DOUGLAS STREET and DEGRAW STREET","Brooklyn","6,","76,","Film","Short","United States of America","11231,"
"869930","Shooting Permit","06/25/2025 02:00:00 PM","06/25/2025 11:45:00 PM","06/12/2025 09:05:51 AM","Mayor's Office of Media & Entertainment","LEFFERTS AVENUE between SCHENECTADY AVENUE and EMPIRE BOULEVARD","Brooklyn","9,","71,","Film","Feature","United States of America","11213,"
"869928","Shooting Permit","06/24/2025 02:00:00 PM","06/24/2025 11:45:00 PM","06/12/2025 08:52:07 AM","Mayor's Office of Media & Entertainment","BROADWAY between WYTHE AVENUE and BERRY STREET,  SOUTH    6 STREET between BERRY STREET and BEDFORD AVENUE,  MARCY AVENUE between BROADWAY and SOUTH    5 STREET","Brooklyn","1,","90,","Film","Feature","United States of America","11211, 11249,"
"869925","Shooting Permit","06/23/2025 02:00:00 PM","06/23/2025 11:30:00 PM","06/12/2025 08:18:52 AM","Mayor's Office of Media & Entertainment","NORTH    1 STREET between RIVER STREET and KENT AVENUE","Brooklyn","1,","90,","Film","Feature","United States of America","11249,"
"869150","Shooting Permit","06/17/2025 07:00:00 AM","06/17/2025 11:00:00 PM","06/09/2025 03:36:49 PM","Mayor's Office of Media & Entertainment","BRIGHTON BEACH AVENUE between BRIGHTON    4 STREET and BRIGHTON    5 STREET,  BRIGHTON BEACH AVENUE between BRIGHTON    5 STREET and BRIGHTON    6 STREET,  BRIGHTON    7 STREET between BRIGHTON BEACH AVENUE and BRIGHTWATER COURT,  BRIGHTON    5 STREET between BRIGHTON BEACH AVENUE and BRIGHTWATER COURT,  BRIGHTON    6 STREET between BRIGHTON BEACH AVENUE and BRIGHTWATER COURT,  WEST   15 STREET between NEPTUNE AVENUE and HART PLACE,  NEPTUNE AVENUE between WEST   15 STREET and STILLWELL AVENUE,  WEST   16 STREET between HART PLACE and NEPTUNE AVENUE,  NEPTUNE AVENUE between WEST   16 STREET and WEST   15 STREET,  WEST   15 STREET between NEPTUNE AVENUE and MERMAID AVENUE,  BRIGHTON   11 STREET between CASS PLACE and OCEANVIEW AVENUE,  SHEEPSHEAD BAY ROAD between NEPTUNE AVENUE and POLICE OFFICER HARRY RYMAN PLACE,  POLICE OFFICER HARRY RYMAN PLACE between SHEEPSHEAD BAY ROAD and SURF AVENUE","Brooklyn","13,","60,","Film","Feature","United States of America","11224, 11235,"
"868567","Shooting Permit","06/09/2025 04:00:00 PM","06/10/2025 04:00:00 AM","06/06/2025 03:24:42 PM","Mayor's Office of Media & Entertainment","MYRTLE AVENUE between WASHINGTON AVENUE and HALL STREET,  MYRTLE AVENUE between WASHINGTON AVENUE and HALL STREET","Brooklyn","2,","88,","Film","Short","United States of America","11205,"
"867898","Shooting Permit","06/13/2025 11:00:00 AM","06/14/2025 03:00:00 AM","06/04/2025 03:40:20 PM","Mayor's Office of Media & Entertainment","30 STREET between 36 AVENUE and 37 AVENUE,  36 AVENUE between 31 STREET and 28 STREET","Queens","1,","114,","Film","Feature","United States of America","11106,"
"867872","Shooting Permit","06/14/2025 06:00:00 AM","06/14/2025 08:00:00 PM","06/04/2025 03:05:13 PM","Mayor's Office of Media & Entertainment","EAST   40 STREET between AVENUE H and GLENWOOD ROAD,  AVENUE H between EAST   39 STREET and EAST   40 STREET","Brooklyn","17,","67,","Film","Short","United States of America","11210,"
"867187","Shooting Permit","06/07/2025 07:00:00 AM","06/07/2025 08:00:00 PM","06/03/2025 10:25:50 AM","Mayor's Office of Media & Entertainment","WASHINGTON AVENUE between ST MARKS AVENUE and PROSPECT PLACE","Brooklyn","8,","77,","Film","Short","United States of America","11238,"
"867182","Shooting Permit","06/08/2025 04:00:00 PM","06/09/2025 04:00:00 AM","06/03/2025 10:19:18 AM","Mayor's Office of Media & Entertainment","COMMERCIAL STREET between BLUE SLIP and DUPONT STREET","Brooklyn","1,","94,","Film","Short","United States of America","11222,"
"866929","Shooting Permit","06/09/2025 07:00:00 AM","06/09/2025 09:00:00 PM","06/02/2025 03:51:56 PM","Mayor's Office of Media & Entertainment","LOUBET STREET between 69 AVENUE and 70 AVENUE,  70 AVENUE between KESSEL STREET and LOUBET STREET,  KESSEL STREET between 69 AVENUE and 70 AVENUE,  69 AVENUE between JUNO STREET and KESSEL STREET,  69 AVENUE between KESSEL STREET and LOUBET STREET,  MANSE STREET between 69 AVENUE and 68 AVENUE,  METROPOLITAN AVENUE between 71 AVENUE and 72 ROAD","Queens","6,","112,","Film","Feature","United States of America","11375,"
"861941","Shooting Permit","05/21/2025 06:00:00 AM","05/21/2025 10:00:00 PM","05/19/2025 08:28:35 AM","Mayor's Office of Media & Entertainment","KENT STREET between FRANKLIN STREET and DEAD END,  GREENPOINT AVENUE between WEST STREET and FRANKLIN STREET,  WEST STREET between JAVA STREET and KENT STREET","Brooklyn","1,","94,","Film","Feature","United States of America","11222,"
"860285","Shooting Permit","05/20/2025 06:00:00 AM","05/20/2025 10:00:00 PM","05/13/2025 01:23:21 PM","Mayor's Office of Media & Entertainment","KENT STREET between FRANKLIN STREET and DEAD END,  GREENPOINT AVENUE between WEST STREET and FRANKLIN STREET,  WEST STREET between JAVA STREET and KENT STREET","Brooklyn","1,","94,","Film","Feature","United States of America","11222,"
"858571","Shooting Permit","05/11/2025 11:00:00 AM","05/11/2025 11:59:00 PM","05/08/2025 09:27:39 AM","Mayor's Office of Media & Entertainment","INGRAHAM STREET between STEWART AVENUE and GARDNER AVENUE","Brooklyn","1,","90,","Film","Short","United States of America","11237,"
"858566","Shooting Permit","05/09/2025 07:00:00 AM","05/09/2025 07:00:00 PM","05/08/2025 09:04:44 AM","Mayor's Office of Media & Entertainment","SOUTH OXFORD STREET between LAFAYETTE AVENUE and DEKALB AVENUE","Brooklyn","2,","88,","Film","Short","United States of America","11217,"
"856811","Shooting Permit","05/13/2025 06:00:00 AM","05/13/2025 07:00:00 PM","05/03/2025 06:32:39 PM","Mayor's Office of Media & Entertainment","WEST    9 STREET between SMITH STREET and COURT STREET","Brooklyn","6,","76,","Film","Feature","United States of America","11231,"
"856810","Shooting Permit","05/07/2025 03:00:00 PM","05/07/2025 08:00:00 PM","05/03/2025 06:32:37 PM","Mayor's Office of Media & Entertainment","CLINTON STREET between VERANDAH PLACE and CONGRESS STREET","Brooklyn","6,","76,","Film","Feature","United States of America","11201,"
"854461","Shooting Permit","05/03/2025 09:00:00 AM","05/03/2025 07:00:00 PM","04/25/2025 08:56:33 PM","Mayor's Office of Media & Entertainment","KENMORE ROAD between SHORE ROAD and EAST DRIVE","Queens","11,","111,","Film","Short","United States of America","11363,"
"854183","Shooting Permit","04/28/2025 09:00:00 AM","04/28/2025 11:00:00 PM","04/25/2025 11:47:04 AM","Mayor's Office of Media & Entertainment","GREEN STREET between PROVOST STREET and MCGUINESS BOULEVARD","Brooklyn","1,","94,","Film","Feature","United States of America","11222,"
"852312","Shooting Permit","04/23/2025 08:00:00 PM","04/24/2025 06:30:00 AM","04/19/2025 11:32:29 AM","Mayor's Office of Media & Entertainment","DECATUR STREET between MALCOLM X BOULEVARD and STUYVESANT AVENUE","Brooklyn","3,","81,","Film","Feature","United States of America","11233,"
"852026","Shooting Permit","04/22/2025 08:00:00 PM","04/23/2025 07:00:00 AM","04/18/2025 05:10:07 AM","Mayor's Office of Media & Entertainment","MCKIBBIN STREET between BUSHWICK AVENUE and WHITE STREET","Brooklyn","1,","90,","Film","Feature","United States of America","11206,"
"852024","Shooting Permit","04/21/2025 06:00:00 PM","04/22/2025 06:30:00 AM","04/18/2025 04:52:48 AM","Mayor's Office of Media & Entertainment","54 STREET between 6 AVENUE and 7 AVENUE","Brooklyn","7,","72,","Film","Feature","United States of America","11220,"
"851996","Shooting Permit","04/20/2025 01:00:00 PM","04/21/2025 01:30:00 AM","04/17/2025 11:23:39 PM","Mayor's Office of Media & Entertainment","54 STREET between 6 AVENUE and 7 AVENUE","Brooklyn","7,","72,","Film","Feature","United States of America","11220,"
"851994","Shooting Permit","04/19/2025 06:00:00 AM","04/19/2025 08:00:00 PM","04/17/2025 11:17:07 PM","Mayor's Office of Media & Entertainment","54 STREET between 6 AVENUE and 7 AVENUE","Brooklyn","7,","72,","Film","Feature","United States of America","11220,"
"849375","Shooting Permit",,"04/16/2025 02:00:00 AM","04/10/2025 03:45:18 PM","Mayor's Office of Media & Entertainment","21 STREET between 43 AVENUE and QUEENS PLAZA,  QUEENS PLAZA SOUTH between 21 STREET and 22 STREET,  22 STREET between 43 AVENUE and QUEENS PLAZA SOUTH,  REEVES AVENUE between 61ST RD. and 153 STREET,  61ST ROAD between 153 STREET and REEVES AVENUE,  61 ROAD between 153 STREET and REEVES AVENUE","Queens","2, 8,","107, 108,","Film","Feature","United States of America","11101, 11367,"
"849181","Shooting Permit","04/14/2025 10:00:00 AM","04/14/2025 10:00:00 PM","04/09/2025 11:38:18 PM","Mayor's Office of Media & Entertainment","21 STREET between 43 AVENUE and QUEENS PLAZA,  QUEENS PLAZA SOUTH between 21 STREET and 22 STREET,  22 STREET between 43 AVENUE and QUEENS PLAZA SOUTH","Queens","1, 2,","108, 114,","Film","Feature","United States of America","11101,"
"849042","Shooting Permit","04/12/2025 05:00:00 PM","04/13/2025 01:00:00 AM","04/09/2025 02:12:26 PM","Mayor's Office of Media & Entertainment","21 STREET between 43 AVENUE and QUEENS PLAZA,  QUEENS PLAZA SOUTH between 21 STREET and 22 STREET,  22 STREET between 43 AVENUE and QUEENS PLAZA SOUTH","Queens","2,","108, 114,","Film","Feature","United States of America","11101,"
"848564","Shooting Permit","04/09/2025 07:00:00 AM","04/09/2025 09:00:00 PM","04/08/2025 10:49:57 AM","Mayor's Office of Media & Entertainment","MESEROLE AVENUE between LEONARD STREET and ECKFORD STREET,  MESEROLE AVENUE between LEONARD STREET and ECKFORD STREET,  LEONARD STREET between MESEROLE AVENUE and NORMAN AVENUE","Brooklyn","1,","94,","Film","Short","United States of America","11222,"
"847491","Shooting Permit","04/04/2025 05:00:00 PM","04/05/2025 05:00:00 AM","04/03/2025 11:26:18 AM","Mayor's Office of Media & Entertainment","21 STREET between 43 AVENUE and QUEENS PLAZA,  QUEENS PLAZA SOUTH between 21 STREET and 22 STREET,  22 STREET between 43 AVENUE and QUEENS PLAZA SOUTH","Queens","2,","108, 114,","Film","Feature","United States of America","11101,"
"847411","Shooting Permit","04/11/2025 11:00:00 AM","04/12/2025 01:30:00 AM","04/03/2025 08:26:37 AM","Mayor's Office of Media & Entertainment","PROSPECT PARK SOUTHWEST between 11 AVENUE and PROSPECT PARK WEST,  WINDSOR PLACE between PROSPECT PARK WEST and 8 AVENUE,  PROSPECT PARK WEST between PROSPECT AVENUE and JOHN DAVENPORT WAY,  PROSPECT AVENUE between PROSPECT PARK WEST and HOWARD PLACE,  PROSPECT PARK WEST between WINDSOR PLACE and 16 STREET,  16 STREET between PROSPECT PARK WEST and 10 AVENUE","Brooklyn","55, 7,","72, 78,","Film","Feature","United States of America","11215,"
"847256","Shooting Permit","04/08/2025 09:00:00 AM","04/08/2025 09:00:00 PM","04/02/2025 02:42:17 PM","Mayor's Office of Media & Entertainment","REVIEW AVENUE between LAUREL HILL BOULEVARD and GREENPOINT AVENUE","Queens","2,","108,","Film","Feature","United States of America","11101, 11378,"
"847231","Shooting Permit","04/08/2025 09:00:00 AM","04/09/2025 12:00:00 PM","04/02/2025 01:55:53 PM","Mayor's Office of Media & Entertainment","ALBERMARLE ROAD between EAST   18 STREET and OCEAN AVENUE,  EAST   19 STREET between ALBERMARLE ROAD and BEVERLY ROAD,  OCEAN AVENUE between ALBERMARLE ROAD and REGENT PLACE","Brooklyn","14,","70,","Film","Feature","United States of America","11226,"
"846774","Rigging Permit","04/09/2025 06:00:00 AM","04/09/2025 08:00:00 PM","04/01/2025 10:51:10 AM","Mayor's Office of Media & Entertainment","83 STREET between COOPER AVENUE and DORAN AVENUE","Queens","5,","104,","Film","Feature","United States of America","11385,"
"846773","Rigging Permit","04/08/2025 06:00:00 AM","04/08/2025 08:00:00 PM","04/01/2025 10:49:14 AM","Mayor's Office of Media & Entertainment","83 STREET between COOPER AVENUE and DORAN AVENUE","Queens","5,","104,","Film","Feature","United States of America","11385,"
"846770","Shooting Permit","04/07/2025 06:00:00 AM","04/07/2025 11:00:00 PM","04/01/2025 10:47:14 AM","Mayor's Office of Media & Entertainment","ALBERMARLE ROAD between EAST   18 STREET and OCEAN AVENUE,  EAST   19 STREET between TENNIS COURT and BEVERLY ROAD,  OCEAN AVENUE between ALBERMARLE ROAD and REGENT PLACE,  ALBEMARLE ROAD between OCEAN AVENUE and EAST   21 STREET","Brooklyn","14, 55,","70, 78,","Film","Feature","United States of America","11225, 11226, 11238,"
"846769","Rigging Permit","04/07/2025 06:00:00 AM","04/07/2025 08:00:00 PM","04/01/2025 10:47:11 AM","Mayor's Office of Media & Entertainment","83 STREET between COOPER AVENUE and DORAN AVENUE","Queens","5,","104,","Film","Feature","United States of America","11385,"
"846759","Shooting Permit","04/04/2025 09:00:00 AM","04/04/2025 11:00:00 PM","04/01/2025 10:33:20 AM","Mayor's Office of Media & Entertainment","ALBERMARLE ROAD between EAST   18 STREET and OCEAN AVENUE,  EAST   19 STREET between TENNIS COURT and BEVERLY ROAD,  OCEAN AVENUE between ALBERMARLE ROAD and REGENT PLACE","Brooklyn","14,","70,","Film","Feature","United States of America","11226,"
"846452","Shooting Permit","04/03/2025 06:00:00 AM","04/03/2025 08:00:00 PM","03/31/2025 11:01:58 AM","Mayor's Office of Media & Entertainment","83 STREET between COOPER AVENUE and DORAN AVENUE,  COOPER AVENUE between 84 STREET and 82 STREET","Queens","5,","104,","Film","Feature","United States of America","11385,"
"846110","Shooting Permit","04/03/2025 07:00:00 AM","04/03/2025 09:00:00 PM","03/28/2025 02:35:00 PM","Mayor's Office of Media & Entertainment","45 STREET between 43 AVENUE and GREENPOINT AVENUE,  46 STREET between GREENPOINT AVENUE and 43 AVENUE,  GREENPOINT AVENUE between 45 STREET and 47 STREET,  61 ST between QUEENS BOULEVARD and LAUREL HILL BLVD","Queens","2,","108,","Film","Feature","United States of America","11104, 11377,"
"845992","Shooting Permit","04/02/2025 06:00:00 AM","04/02/2025 08:00:00 PM","03/28/2025 11:01:18 AM","Mayor's Office of Media & Entertainment","83 STREET between DORAN AVENUE and COOPER AVENUE,  COOPER AVENUE between 84 STREET and 82 STREET","Queens","5,","104,","Film","Feature","United States of America","11385,"
"845859","Shooting Permit","04/04/2025 01:30:00 PM","04/05/2025 03:00:00 AM","03/27/2025 04:05:20 PM","Mayor's Office of Media & Entertainment","VINE STREET between COLUMBIA HEIGHTS and MCKENNY STREET,  COLUMBIA HEIGHTS between VINE STREET and MIDDAGH STREET,  CRANBERRY STREET between WILLOW STREET and HICKS STREET,  COLUMBIA HEIGHTS between ORANGE STREET and CRANBERRY STREET,  HICKS STREET between CRANBERRY STREET and MIDDAGH STREET,  ORANGE STREET between HENRY STREET and COLUMBIA HEIGHTS,  CADMAN PLAZA WEST between CLARK STREET and MIDDAGH STREET,  HICKS STREET between ORANGE STREET and CRANBERRY STREET,  CRANBERRY STREET between COLUMBIA HEIGHTS and WILLOW STREET,  COLUMBIA HEIGHTS between DOUGHTY STREET and VINE STREET","Brooklyn","2,","84,","Film","Feature","United States of America","11201,"
"845538","Shooting Permit","03/31/2025 07:00:00 AM","03/31/2025 10:00:00 PM","03/26/2025 04:12:09 PM","Mayor's Office of Media & Entertainment","ALBERMARLE ROAD between EAST   18 STREET and OCEAN AVENUE,  EAST   19 STREET between TENNIS COURT and BEVERLY ROAD,  OCEAN AVENUE between ALBERMARLE ROAD and REGENT PLACE","Brooklyn","14,","70,","Film","Feature","United States of America","11226,"
"845329","Shooting Permit","03/28/2025 06:30:00 PM","03/29/2025 07:00:00 AM","03/26/2025 06:25:14 AM","Mayor's Office of Media & Entertainment","PROSPECT STREET between JAY STREET and BRIDGE STREET,  CADMAN PLAZA WEST between PROSPECT STREET and TILLARY STREET,  TILLARY STREET between CADMAN PLAZA WEST and BROOKLYN BRIDGE BOULEVARD","Brooklyn","2,","84,","Film","Feature","United States of America","11201,"
"844994","Shooting Permit","03/28/2025 07:00:00 AM","03/28/2025 10:00:00 PM","03/25/2025 10:02:35 AM","Mayor's Office of Media & Entertainment","ALBERMARLE ROAD between EAST   18 STREET and OCEAN AVENUE,  EAST   19 STREET between TENNIS COURT and BEVERLY ROAD,  OCEAN AVENUE between ALBERMARLE ROAD and REGENT PLACE","Brooklyn","14,","70,","Film","Feature","United States of America","11226,"
"844993","Shooting Permit","03/27/2025 07:00:00 AM","03/27/2025 09:00:00 PM","03/25/2025 10:02:17 AM","Mayor's Office of Media & Entertainment","ALBERMARLE ROAD between EAST   18 STREET and OCEAN AVENUE,  EAST   19 STREET between TENNIS COURT and BEVERLY ROAD,  OCEAN AVENUE between ALBERMARLE ROAD and REGENT PLACE","Brooklyn","14,","70,","Film","Feature","United States of America","11226,"
"844879","Shooting Permit","03/26/2025 07:00:00 AM","03/26/2025 08:00:00 PM","03/24/2025 04:55:56 PM","Mayor's Office of Media & Entertainment","94 STREET between SHORE ROAD and MARINE AVENUE,  93 STREET between SHORE ROAD and MARINE AVENUE,  SHORE ROAD between OLIVER STREET and 95 STREET,  MARINE AVENUE between 92 STREET and 93 STREET,  OLIVER STREET between SHORE ROAD and MARINE AVENUE,  MARINE AVENUE between 93 STREET and 94 STREET","Brooklyn","10,","68,","Film","Feature","United States of America","11209,"
"844305","Shooting Permit","04/03/2025 10:00:00 AM","04/04/2025 12:00:00 PM","03/21/2025 02:15:06 PM","Mayor's Office of Media & Entertainment","FULLER PLACE between PROSPECT AVENUE and WINDSOR PLACE,  FULLER PLACE between PROSPECT AVENUE and WINDSOR PLACE,  PROSPECT AVENUE between HOWARD PLACE and 10 AVENUE,  PROSPECT AVENUE between HOWARD PLACE and PROSPECT PARK WEST,  PROSPECT AVENUE between 8 AVENUE and PROSPECT PARK WEST","Brooklyn","7,","72,","Film","Feature","United States of America","11215,"
"843837","Shooting Permit","03/24/2025 07:00:00 AM","03/24/2025 07:00:00 PM","03/20/2025 06:23:43 AM","Mayor's Office of Media & Entertainment","FOREST ROAD between CENTER DRIVE and EAST DRIVE,  FOREST ROAD between EAST DRIVE and DOUGLAS ROAD,  EAST DRIVE between RIDGE ROAD and HILLSIDE AVENUE,  RIDGE ROAD between EAST DRIVE and DOUGLAS ROAD,  CENTER DRIVE between HILLSIDE AVENUE and RIDGE ROAD","Queens","11,","111,","Film","Feature","United States of America","11363,"
"843362","Shooting Permit","03/31/2025 06:00:00 AM","03/31/2025 08:00:00 PM","03/18/2025 03:53:22 PM","Mayor's Office of Media & Entertainment","83 STREET between DORAN AVENUE and COOPER AVENUE,  COOPER AVENUE between 84 STREET and 82 STREET","Queens","5,","104,","Film","Feature","United States of America","11385,"
"843360","Shooting Permit","04/01/2025 06:00:00 AM","04/01/2025 08:00:00 PM","03/18/2025 03:50:52 PM","Mayor's Office of Media & Entertainment","COURT STREET between SACKETT STREET and CONGRESS STREET,  SMITH STREET between SACKETT STREET and BALTIC STREET,  DOUGLASS STREET between SMITH STREET and HOYT STREET,  83 STREET between DORAN AVENUE and COOPER AVENUE,  COOPER AVENUE between 84 STREET and 82 STREET","Brooklyn","5, 6,","104, 76,","Film","Feature","United States of America","11201, 11231, 11385,"
"843122","Shooting Permit","03/20/2025 07:00:00 AM","03/20/2025 07:00:00 PM","03/17/2025 10:35:39 PM","Mayor's Office of Media & Entertainment","FOREST ROAD between CENTER DRIVE and EAST DRIVE,  EAST DRIVE between RIDGE ROAD and HILLSIDE AVENUE,  RIDGE ROAD between EAST DRIVE and DOUGLAS ROAD,  CENTER DRIVE between HILLSIDE AVENUE and RIDGE ROAD,  FOREST ROAD between EAST DRIVE and DOUGLAS ROAD","Queens","11,","111,","Film","Feature","United States of America","11363,"
"842996","Shooting Permit","03/28/2025 08:00:00 AM","03/28/2025 10:00:00 PM","03/17/2025 03:12:26 PM","Mayor's Office of Media & Entertainment","83 STREET between DORAN AVENUE and COOPER AVENUE,  COOPER AVENUE between 84 STREET and 82 STREET","Queens","5,","104,","Film","Feature","United States of America","11385,"
"842993","Shooting Permit","03/27/2025 08:00:00 AM","03/27/2025 10:00:00 PM","03/17/2025 03:08:53 PM","Mayor's Office of Media & Entertainment","83 STREET between DORAN AVENUE and COOPER AVENUE,  COOPER AVENUE between 84 STREET and 82 STREET","Queens","5,","104,","Film","Feature","United States of America","11385,"
"842782","Shooting Permit","03/19/2025 07:00:00 AM","03/19/2025 07:00:00 PM","03/16/2025 10:12:07 PM","Mayor's Office of Media & Entertainment","FOREST ROAD between CENTER DRIVE and EAST DRIVE,  FOREST ROAD between EAST DRIVE and DOUGLAS ROAD,  EAST DRIVE between RIDGE ROAD and HILLSIDE AVENUE,  RIDGE ROAD between EAST DRIVE and DOUGLAS ROAD,  CENTER DRIVE between HILLSIDE AVENUE and RIDGE ROAD","Queens","11,","111,","Film","Feature","United States of America","11363,"
"842419","Shooting Permit","03/18/2025 10:00:00 AM","03/19/2025 03:00:00 AM","03/14/2025 02:07:43 PM","Mayor's Office of Media & Entertainment","REVIEW AVENUE between 29 STREET and 35 STREET,  35 STREET between REVIEW AVENUE and VAN DAM STREET,  STARR AVENUE between BORDEN AVENUE and 31 PLACE,  RAILROAD AVE between GREENPOINT AVENUE and DEAD END,  REVIEW AVENUE between 29 STREET and 35 STREET","Queens","2,","108,","Film","Feature","United States of America","11101,"
"842414","Shooting Permit","03/19/2025 07:00:00 AM","03/19/2025 10:00:00 PM","03/14/2025 02:02:46 PM","Mayor's Office of Media & Entertainment","SHEEPSHEAD BAY ROAD between JEROME AVENUE and VOORHIES AVENUE,  VOORHIES AVENUE between SHEEPSHEAD BAY ROAD and EAST   16 STREET,  SHORE PARKWAY between EAST 16 STREET and SHEEPSHEAD BAY ROAD,  SHEEPSHEAD BAY ROAD between VOORHIES AVENUE and SHORE PARKWAY,  SHORE PARKWAY between E 16 STREET and EAST   14 STREET,  EAST 16 STREET between SHORE PARKWAY and VOORHIES AVE","Brooklyn","15,","61,","Film","Feature","United States of America","11235,"
"842407","Shooting Permit","03/20/2025 07:00:00 AM","03/20/2025 10:00:00 PM","03/14/2025 01:54:16 PM","Mayor's Office of Media & Entertainment","SHEEPSHEAD BAY ROAD between JEROME AVENUE and VOORHIES AVENUE,  VOORHIES AVENUE between SHEEPSHEAD BAY ROAD and EAST   16 STREET,  SHORE PARKWAY between EAST 16 STREET and SHEEPSHEAD BAY ROAD,  SHEEPSHEAD BAY ROAD between VOORHIES AVENUE and SHORE PARKWAY,  EAST 16 STREET between SHORE PARKWAY and VOORHIES AVE,  SHEEPSHEAD BAY ROAD between VOORHIES AVENUE and SHORE PARKWAY","Brooklyn","15,","61,","Film","Feature","United States of America","11235,"
"842275","Shooting Permit","03/18/2025 06:00:00 AM","03/18/2025 07:00:00 PM","03/14/2025 12:42:31 PM","Mayor's Office of Media & Entertainment","FOREST ROAD between CENTER DRIVE and EAST DRIVE,  FOREST ROAD between EAST DRIVE and DOUGLAS ROAD,  EAST DRIVE between RIDGE ROAD and HILLSIDE AVENUE,  CHURCH STREET between 244 STREET and ORIENT AVENUE,  ORIENT AVENUE between CHURCH STREET and PINE STREET,  RIDGE ROAD between EAST DRIVE and DOUGLAS ROAD,  CENTER DRIVE between HILLSIDE AVENUE and RIDGE ROAD","Queens","11,","111,","Film","Feature","United States of America","11363,"
"841884","Shooting Permit","03/17/2025 06:00:00 AM","03/17/2025 07:00:00 PM","03/12/2025 10:49:42 PM","Mayor's Office of Media & Entertainment","FOREST ROAD between CENTER DRIVE and EAST DRIVE,  FOREST ROAD between EAST DRIVE and DOUGLAS ROAD,  EAST DRIVE between RIDGE ROAD and HILLSIDE AVENUE,  CHURCH STREET between 244 STREET and ORIENT AVENUE,  ORIENT AVENUE between CHURCH STREET and PINE STREET,  RIDGE ROAD between EAST DRIVE and DOUGLAS ROAD,  CENTER DRIVE between HILLSIDE AVENUE and RIDGE ROAD","Queens","11,","111,","Film","Feature","United States of America","11363,"
"841478","Shooting Permit","03/14/2025 06:00:00 PM","03/15/2025 07:00:00 AM","03/11/2025 10:28:00 PM","Mayor's Office of Media & Entertainment","FOREST ROAD between CENTER DRIVE and EAST DRIVE,  FOREST ROAD between EAST DRIVE and DOUGLAS ROAD,  EAST DRIVE between RIDGE ROAD and HILLSIDE AVENUE,  CHURCH STREET between 244 STREET and ORIENT AVENUE,  ORIENT AVENUE between CHURCH STREET and PINE STREET,  RIDGE ROAD between EAST DRIVE and DOUGLAS ROAD","Queens","11,","111,","Film","Feature","United States of America","11363,"
"841146","Shooting Permit","03/13/2025 03:00:00 PM","03/14/2025 03:30:00 AM","03/10/2025 10:24:25 PM","Mayor's Office of Media & Entertainment","FOREST ROAD between EAST DRIVE and CENTER DRIVE,  EAST DRIVE between HILLSIDE AVENUE and RIDGE ROAD,  RIDGE ROAD between EAST DRIVE and DOUGLAS ROAD,  CHURCH STREET between ORIENT AVENUE and 244 STREET,  ORIENT AVENUE between CHURCH STREET and PINE STREET","Queens","11,","111,","Film","Feature","United States of America","11363,"
"840811","Shooting Permit","03/25/2025 06:00:00 AM","03/25/2025 08:00:00 PM","03/10/2025 10:30:36 AM","Mayor's Office of Media & Entertainment","MYRTLE AVENUE between CYPRESS HILLS STREET and 65 PLACE,  MYRTLE AVENUE between 66 STREET and 66 PLACE,  MYRTLE AVENUE between 66 PLACE and 67 STREET,  67 STREET between MYRTLE AVENUE and COOPER AVENUE,  MYRTLE AVENUE between 67 PLACE and 68 STREET,  MYRTLE AVENUE between 68 STREET and 69 STREET,  69 STREET between MYRTLE AVENUE and COOPER AVENUE,  MYRTLE AVENUE between 69 STREET and 70 STREET,  69 PLACE between CENTRAL AVENUE and MYRTLE AVENUE,  69 PLACE between MYRTLE AVENUE and COOPER AVENUE,  83 STREET between DORAN AVENUE and COOPER AVENUE,  COOPER AVENUE between 84 STREET and 82 STREET","Queens","5,","104,","Film","Feature","United States of America","11385,"
"840524","Shooting Permit",,"03/13/2025 02:00:00 AM","03/07/2025 06:14:47 PM","Mayor's Office of Media & Entertainment","FOREST ROAD between CENTER DRIVE and EAST DRIVE,  FOREST ROAD between EAST DRIVE and DOUGLAS ROAD,  EAST DRIVE between RIDGE ROAD and HILLSIDE AVENUE,  CHURCH STREET between 244 STREET and ORIENT AVENUE,  ORIENT AVENUE between CHURCH STREET and PINE STREET,  RIDGE ROAD between EAST DRIVE and DOUGLAS ROAD","Queens","11,","111,","Film","Feature","United States of America","11363,"
"840506","Shooting Permit","03/13/2025 06:00:00 AM","03/13/2025 11:59:00 PM","03/07/2025 04:59:05 PM","Mayor's Office of Media & Entertainment","REVIEW AVENUE between 29 STREET and 35 STREET,  35 STREET between REVIEW AVENUE and VAN DAM STREET,  STARR AVENUE between BORDEN AVENUE and VAN DAM STREET,  STARR AVENUE between 31 PLACE and VAN DAM STREET,  34 STREET between STARR AVENUE and VAN DAM STREET,  VAN DAM STREET between 34 STREET and STARR AVENUE","Queens","2,","108,","Film","Feature","United States of America","11101,"
"840340","Shooting Permit","03/12/2025 06:00:00 AM","03/12/2025 11:59:00 PM","03/07/2025 11:03:59 AM","Mayor's Office of Media & Entertainment","REVIEW AVENUE between 29 STREET and 35 STREET,  35 STREET between REVIEW AVENUE and VAN DAM STREET,  STARR AVENUE between BORDEN AVENUE and VAN DAM STREET,  STARR AVENUE between 31 PLACE and VAN DAM STREET,  34 STREET between STARR AVENUE and VAN DAM STREET,  VAN DAM STREET between 34 STREET and STARR AVENUE","Queens","2,","108,","Film","Feature","United States of America","11101,"
"840021","Shooting Permit","03/08/2025 07:00:00 AM","03/08/2025 11:00:00 PM","03/06/2025 11:25:31 AM","Mayor's Office of Media & Entertainment","4 AVENUE between 57 STREET and 58 STREET,  58 STREET between 4 AVENUE and 5 AVENUE,  COMMERCE STREET between 7 AVENUE SOUTH and BEDFORD STREET,  7 AVENUE SOUTH between MORTON STREET and COMMERCE STREET","Brooklyn","2, 7,","6, 72,","Film","Short","United States of America","10014, 11220,"
"840018","Shooting Permit","03/20/2025 07:00:00 AM","03/20/2025 09:00:00 PM","03/06/2025 11:19:34 AM","Mayor's Office of Media & Entertainment","83 STREET between DORAN AVENUE and COOPER AVENUE,  COOPER AVENUE between 84 STREET and 82 STREET","Queens","5,","104,","Film","Feature","United States of America","11385,"
"840017","Shooting Permit","03/19/2025 07:00:00 AM","03/19/2025 09:00:00 PM","03/06/2025 11:16:57 AM","Mayor's Office of Media & Entertainment","83 STREET between DORAN AVENUE and COOPER AVENUE,  COOPER AVENUE between 84 STREET and 82 STREET","Queens","5,","104,","Film","Feature","United States of America","11385,"
"840013","Shooting Permit","03/18/2025 06:00:00 AM","03/18/2025 08:00:00 PM","03/06/2025 11:14:03 AM","Mayor's Office of Media & Entertainment","83 STREET between DORAN AVENUE and COOPER AVENUE,  COOPER AVENUE between 84 STREET and 82 STREET","Queens","5,","104,","Film","Feature","United States of America","11385,"
"840010","Shooting Permit","03/17/2025 06:00:00 AM","03/17/2025 08:00:00 PM","03/06/2025 11:10:51 AM","Mayor's Office of Media & Entertainment","83 STREET between DORAN AVENUE and COOPER AVENUE,  COOPER AVENUE between 84 STREET and 82 STREET","Queens","5,","104,","Film","Feature","United States of America","11385,"
"838878","Shooting Permit","03/10/2025 06:00:00 AM","03/10/2025 10:00:00 PM","03/03/2025 03:25:17 PM","Mayor's Office of Media & Entertainment","83 STREET between DORAN AVENUE and COOPER AVENUE,  COOPER AVENUE between 84 STREET and 82 STREET,  QUEENS BOULEVARD between 70 ROAD and YELLOWSTONE BOULEVARD,  QUEENS BOULEVARD between 70 ROAD and 69 ROAD,  70 AVENUE between QUEENS BOULEVARD and AUSTIN STREET,  69 ROAD between QUEENS BOULEVARD and AUSTIN STREET","Queens","5, 6,","104, 112,","Film","Feature","United States of America","11375, 11385,"
"838648","Shooting Permit","03/11/2025 06:00:00 AM","03/11/2025 11:59:00 PM","03/03/2025 11:18:39 AM","Mayor's Office of Media & Entertainment","REVIEW AVENUE between 29 STREET and 35 STREET,  35 STREET between REVIEW AVENUE and VAN DAM STREET,  STARR AVENUE between BORDEN AVENUE and VAN DAM STREET,  STARR AVENUE between 31 PLACE and VAN DAM STREET,  34 STREET between STARR AVENUE and VAN DAM STREET,  VAN DAM STREET between 34 STREET and STARR AVENUE","Queens","2,","108,","Film","Feature","United States of America","11101,"
"838604","Shooting Permit","03/10/2025 06:00:00 AM","03/10/2025 11:59:00 PM","03/03/2025 10:50:49 AM","Mayor's Office of Media & Entertainment","REVIEW AVENUE between 29 STREET and 35 STREET,  35 STREET between REVIEW AVENUE and VAN DAM STREET,  STARR AVENUE between BORDEN AVENUE and VAN DAM STREET,  STARR AVENUE between 31 PLACE and VAN DAM STREET,  34 STREET between STARR AVENUE and VAN DAM STREET,  VAN DAM STREET between 34 STREET and STARR AVENUE","Queens","2,","108,","Film","Feature","United States of America","11101,"
"837510","Shooting Permit","03/07/2025 07:00:00 AM","03/08/2025 01:00:00 AM","02/28/2025 02:56:52 PM","Mayor's Office of Media & Entertainment","REVIEW AVENUE between 29 STREET and 35 STREET,  35 STREET between REVIEW AVENUE and VAN DAM STREET,  STARR AVENUE between BORDEN AVENUE and VAN DAM STREET,  STARR AVENUE between 31 PLACE and VAN DAM STREET,  34 STREET between STARR AVENUE and VAN DAM STREET,  VAN DAM STREET between 34 STREET and STARR AVENUE","Queens","2,","108,","Film","Feature","United States of America","11101,"
"837495","Shooting Permit","03/06/2025 07:00:00 AM","03/07/2025 01:00:00 AM","02/28/2025 01:57:24 PM","Mayor's Office of Media & Entertainment","REVIEW AVENUE between 29 STREET and 35 STREET,  35 STREET between REVIEW AVENUE and VAN DAM STREET,  STARR AVENUE between BORDEN AVENUE and VAN DAM STREET,  STARR AVENUE between 31 PLACE and VAN DAM STREET,  34 STREET between STARR AVENUE and VAN DAM STREET,  VAN DAM STREET between 34 STREET and STARR AVENUE","Queens","2,","108,","Film","Feature","United States of America","11101,"
"837343","Shooting Permit","03/04/2025 05:00:00 PM","03/05/2025 12:00:00 PM","02/27/2025 03:17:17 PM","Mayor's Office of Media & Entertainment","TEN EYCK STREET between BOGART STREET and WATERBURY STREET","Brooklyn","1,","90,","Film","Short","United States of America","11206,"
"837337","Shooting Permit",,"03/03/2025 10:00:00 PM","02/27/2025 03:10:31 PM","Mayor's Office of Media & Entertainment","JACKSON AVENUE between 47 AVENUE and 47 ROAD","Queens","2,","108,","Film","Short","United States of America","11101,"
"837320","Shooting Permit","03/05/2025 07:00:00 AM","03/06/2025 01:00:00 AM","02/27/2025 02:43:17 PM","Mayor's Office of Media & Entertainment","REVIEW AVENUE between 29 STREET and 35 STREET,  35 STREET between REVIEW AVENUE and VAN DAM STREET,  STARR AVENUE between BORDEN AVENUE and VAN DAM STREET,  STARR AVENUE between 31 PLACE and VAN DAM STREET,  34 STREET between STARR AVENUE and VAN DAM STREET,  VAN DAM STREET between 34 STREET and STARR AVENUE","Queens","2,","108,","Film","Feature","United States of America","11101,"
"837106","Shooting Permit","03/11/2025 06:00:00 AM","03/11/2025 08:00:00 PM","02/26/2025 03:32:52 PM","Mayor's Office of Media & Entertainment","83 STREET between DORAN AVENUE and COOPER AVENUE,  COOPER AVENUE between 84 STREET and 82 STREET","Queens","5,","104,","Film","Feature","United States of America","11385,"
"837101","Shooting Permit","03/07/2025 08:00:00 AM","03/07/2025 10:00:00 PM","02/26/2025 03:22:38 PM","Mayor's Office of Media & Entertainment","83 STREET between DORAN AVENUE and COOPER AVENUE,  COOPER AVENUE between 84 STREET and 82 STREET","Queens","5,","104,","Film","Feature","United States of America","11385,"
"837097","Shooting Permit","03/06/2025 07:00:00 AM","03/06/2025 09:00:00 PM","02/26/2025 03:20:15 PM","Mayor's Office of Media & Entertainment","83 STREET between DORAN AVENUE and COOPER AVENUE,  COOPER AVENUE between 84 STREET and 82 STREET","Queens","5,","104,","Film","Feature","United States of America","11385,"
"837094","Shooting Permit","03/05/2025 07:00:00 AM","03/05/2025 09:00:00 PM","02/26/2025 03:17:19 PM","Mayor's Office of Media & Entertainment","83 STREET between DORAN AVENUE and COOPER AVENUE,  COOPER AVENUE between 84 STREET and 82 STREET","Queens","5,","104,","Film","Feature","United States of America","11385,"
"837093","Shooting Permit","03/04/2025 06:00:00 AM","03/04/2025 08:00:00 PM","02/26/2025 03:14:33 PM","Mayor's Office of Media & Entertainment","83 STREET between DORAN AVENUE and COOPER AVENUE,  COOPER AVENUE between 84 STREET and 82 STREET","Queens","5,","104,","Film","Feature","United States of America","11385,"
"836899","Shooting Permit","03/03/2025 06:00:00 AM","03/03/2025 08:00:00 PM","02/25/2025 03:27:04 PM","Mayor's Office of Media & Entertainment","83 STREET between DORAN AVENUE and COOPER AVENUE,  COOPER AVENUE between 84 STREET and 82 STREET","Queens","5,","104,","Film","Feature","United States of America","11385,"
"836588","Shooting Permit","02/28/2025 11:00:00 AM","03/01/2025 01:00:00 AM","02/24/2025 10:11:23 AM","Mayor's Office of Media & Entertainment","83 STREET between DORAN AVENUE and COOPER AVENUE,  COOPER AVENUE between 84 STREET and 82 STREET","Queens","5,","104,","Film","Feature","United States of America","11385,"
"835854","Shooting Permit","02/20/2025 08:00:00 AM","02/20/2025 08:00:00 PM","02/17/2025 11:28:18 PM","Mayor's Office of Media & Entertainment","21 STREET between 43 AVENUE and QUEENS PLAZA,  QUEENS PLAZA SOUTH between 21 STREET and 22 STREET,  22 STREET between 43 AVENUE and QUEENS PLAZA SOUTH","Queens","2,","108,","Film","Feature","United States of America","11101,"
"835646","Shooting Permit",,"02/28/2025 02:00:00 AM","02/14/2025 03:05:41 PM","Mayor's Office of Media & Entertainment","MYRTLE AVENUE between PARK LANE SOUTH and FREEDOM DRIVE,  PUTNAM AVENUE between WOODWARD AVENUE and ONDERDONK AVENUE,  ONDERDONK AVENUE between MADISON STREET and CORNELIA STREET,  CORNELIA STREET between WOODWARD AVENUE and SENECA AVENUE","Queens","5, 82,","102, 104,","Film","Feature","United States of America","11385,"
"835283","Shooting Permit","02/19/2025 06:00:00 AM","02/20/2025 01:00:00 AM","02/12/2025 11:00:01 AM","Mayor's Office of Media & Entertainment","BROADWAY between BEDFORD AVENUE and DRIGGS AVENUE,  SOUTH    6 STREET between BERRY STREET and BEDFORD AVENUE,  BEDFORD AVENUE between SOUTH    5 STREET and SOUTH    6 STREET,  BEDFORD AVENUE between BROADWAY and SOUTH    8 STREET,  DRIGGS AVENUE between SOUTH    5 STREET and BROADWAY,  DRIGGS AVENUE between BROADWAY and SOUTH    8 STREET,  SOUTH    5 STREET between KENT AVENUE and WYTHE AVENUE,  BROADWAY between ROEBLING STREET and DRIGGS AVENUE,  BROADWAY between ROEBLING STREET and SOUTH    8 STREET,  SOUTH    5 STREET between BEDFORD AVENUE and DRIGGS AVENUE,  SOUTH    5 STREET between KENT AVENUE and BERRY STREET","Brooklyn","1,","90,","Film","Feature","United States of America","11211, 11249,"
"835282","Shooting Permit","02/18/2025 07:00:00 AM","02/19/2025 02:00:00 AM","02/12/2025 10:53:10 AM","Mayor's Office of Media & Entertainment","BROADWAY between BEDFORD AVENUE and DRIGGS AVENUE,  SOUTH    6 STREET between BERRY STREET and BEDFORD AVENUE,  BEDFORD AVENUE between SOUTH    5 STREET and SOUTH    6 STREET,  BEDFORD AVENUE between BROADWAY and SOUTH    8 STREET,  DRIGGS AVENUE between SOUTH    5 STREET and BROADWAY,  DRIGGS AVENUE between BROADWAY and SOUTH    8 STREET,  SOUTH    5 STREET between KENT AVENUE and WYTHE AVENUE,  BROADWAY between DRIGGS AVENUE and ROEBLING STREET,  BROADWAY between ROEBLING STREET and SOUTH    8 STREET,  SOUTH    5 STREET between BEDFORD AVENUE and DRIGGS AVENUE,  SOUTH    5 STREET between KENT AVENUE and BERRY STREET","Brooklyn","1,","90,","Film","Feature","United States of America","11211, 11249,"
"834508","Shooting Permit","02/13/2025 06:00:00 AM","02/14/2025 01:00:00 AM","02/05/2025 01:35:37 PM","Mayor's Office of Media & Entertainment","BROADWAY between BEDFORD AVENUE and DRIGGS AVENUE,  SOUTH    6 STREET between BERRY STREET and BEDFORD AVENUE,  SOUTH    5 STREET between BEDFORD AVENUE and DRIGGS AVENUE,  BEDFORD AVENUE between SOUTH    5 STREET and SOUTH    6 STREET,  BEDFORD AVENUE between BROADWAY and SOUTH    8 STREET,  DRIGGS AVENUE between SOUTH    5 STREET and BROADWAY,  DRIGGS AVENUE between BROADWAY and SOUTH    8 STREET,  SOUTH    5 STREET between KENT AVENUE and WYTHE AVENUE,  BROADWAY between DRIGGS AVENUE and ROEBLING STREET,  BROADWAY between ROEBLING STREET and SOUTH    8 STREET,  SOUTH    8 STREET between ROEBLING STREET and BROADWAY,  ROEBLING STREET between SOUTH    8 STREET and LEE AVENUE,  DIVISION AVENUE between ROEBLING STREET and HAVEMEYER STREET","Brooklyn","1,","90,","Film","Feature","United States of America","11211, 11249,"
"834506","Shooting Permit","02/12/2025 06:00:00 AM","02/13/2025 01:00:00 AM","02/05/2025 01:33:52 PM","Mayor's Office of Media & Entertainment","BROADWAY between DRIGGS AVENUE and BEDFORD AVENUE,  SOUTH    6 STREET between BERRY STREET and BEDFORD AVENUE,  SOUTH    5 STREET between BEDFORD AVENUE and DRIGGS AVENUE,  BEDFORD AVENUE between SOUTH    5 STREET and SOUTH    6 STREET,  BEDFORD AVENUE between BROADWAY and SOUTH    8 STREET,  DRIGGS AVENUE between SOUTH    5 STREET and BROADWAY,  DRIGGS AVENUE between BROADWAY and SOUTH    8 STREET,  SOUTH    5 STREET between KENT AVENUE and WYTHE AVENUE,  BROADWAY between DRIGGS AVENUE and ROEBLING STREET,  BROADWAY between ROEBLING STREET and SOUTH    8 STREET,  SOUTH    8 STREET between ROEBLING STREET and BROADWAY,  ROEBLING STREET between SOUTH    8 STREET and LEE AVENUE,  DIVISION AVENUE between ROEBLING STREET and HAVEMEYER STREET","Brooklyn","1,","90,","Film","Feature","United States of America","11211, 11249,"
"833594","Shooting Permit","02/04/2025 02:00:00 PM","02/04/2025 06:00:00 PM","01/30/2025 03:04:44 PM","Mayor's Office of Media & Entertainment","SMITH STREET between HALLECK STREET and BAY STREET","Brooklyn","6,","76,","Film","Feature","United States of America","11231,"
"833426","Shooting Permit","02/07/2025 06:00:00 AM","02/07/2025 08:00:00 PM","01/30/2025 09:56:10 AM","Mayor's Office of Media & Entertainment","83 STREET between COOPER AVENUE and DORAN AVENUE","Queens","5,","104,","Film","Feature","United States of America","11385,"
"833424","Rigging Permit","02/06/2025 06:00:00 AM","02/06/2025 08:00:00 PM","01/30/2025 09:49:28 AM","Mayor's Office of Media & Entertainment","83 STREET between COOPER AVENUE and DORAN AVENUE","Queens","5,","104,","Film","Feature","United States of America","11385,"
"833423","Rigging Permit","02/05/2025 06:00:00 AM","02/05/2025 08:00:00 PM","01/30/2025 09:47:33 AM","Mayor's Office of Media & Entertainment","83 STREET between COOPER AVENUE and DORAN AVENUE","Queens","5,","104,","Film","Feature","United States of America","11385,"
"833422","Rigging Permit","02/04/2025 06:00:00 AM","02/04/2025 08:00:00 PM","01/30/2025 09:44:40 AM","Mayor's Office of Media & Entertainment","83 STREET between COOPER AVENUE and DORAN AVENUE","Queens","5,","104,","Film","Feature","United States of America","11385,"
"833388","Shooting Permit","02/09/2025 06:00:00 AM","02/09/2025 08:00:00 PM","01/29/2025 09:34:59 PM","Mayor's Office of Media & Entertainment","3 PLACE between CLINTON STREET and HENRY STREET,  CLINTON STREET between 3 PLACE and 4 PLACE","Brooklyn","6,","76,","Film","Short","United States of America","11231,"
"833326","Rigging Permit","02/03/2025 06:00:00 AM","02/03/2025 08:00:00 PM","01/29/2025 03:30:37 PM","Mayor's Office of Media & Entertainment","83 STREET between COOPER AVENUE and DORAN AVENUE","Queens","5,","104,","Film","Feature","United States of America","11385,"
"833220","Shooting Permit","01/31/2025 11:00:00 AM","02/01/2025 03:00:00 AM","01/29/2025 10:52:52 AM","Mayor's Office of Media & Entertainment","REVIEW AVENUE between 35 STREET and 29 STREET,  35 STREET between REVIEW AVENUE and STARR AVENUE,  STARR AVENUE between VAN DAM STREET and BORDEN AVENUE,  RAILROAD AVENUE between GREENPOINT AVENUE and DEAD END","Queens","2,","108,","Film","Feature","United States of America","11101,"
"832980","Shooting Permit","01/30/2025 07:00:00 AM","01/30/2025 11:00:00 PM","01/28/2025 09:23:59 AM","Mayor's Office of Media & Entertainment","9 STREET between 43 AVENUE and QUEENS PLAZA SOUTH,  43 AVENUE between 9 STREET and 10 STREET,  43 AVENUE between VERNON BOULEVARD and 9 STREET,  43 AVENUE between VERNON BOULEVARD and 9 STREET,  9 STREET between 43 AVENUE and 43 ROAD","Queens","2,","108,","Film","Feature","United States of America","11101,"
"832569","Shooting Permit","01/29/2025 07:00:00 AM","01/29/2025 11:00:00 PM","01/24/2025 04:31:52 PM","Mayor's Office of Media & Entertainment","43 AVENUE between VERNON BOULEVARD and 9 STREET,  9 STREET between 43 AVENUE and 43 ROAD","Queens","2,","108,","Film","Feature","United States of America","11101,"
"832168","Shooting Permit","02/05/2025 08:00:00 AM","02/05/2025 08:00:00 PM","01/22/2025 04:20:02 PM","Mayor's Office of Media & Entertainment","SHEFFIELD AVENUE between BELMONT AVENUE and SUTTER AVENUE","Brooklyn","5,","75,","Film","Feature","United States of America","11207,"
"831347","Shooting Permit","01/23/2025 06:00:00 AM","01/23/2025 11:59:00 PM","01/16/2025 03:17:31 PM","Mayor's Office of Media & Entertainment","YORK STREET between JAY STREET and BRIDGE STREET,  BRIDGE STREET between YORK STREET and FRONT STREET,  BRIDGE STREET between YORK STREET and PROSPECT STREET,  BRIDGE STREET between YORK STREET and PROSPECT STREET,  PROSPECT ST between BRIDGE STREET and JAY ST,  BRIDGE STREET between YORK STREET and FRONT STREET,  CADMAN PLAZA WEST between MIDDAGH STREET and TILLARY STREET","Brooklyn","2,","84,","Film","Feature","United States of America","11201,"
"831145","Shooting Permit","01/22/2025 06:00:00 AM","01/22/2025 11:59:00 PM","01/15/2025 03:35:53 PM","Mayor's Office of Media & Entertainment","YORK STREET between JAY STREET and BRIDGE STREET,  BRIDGE STREET between YORK STREET and FRONT STREET,  BRIDGE STREET between FRONT STREET and WATER STREET,  BRIDGE STREET between PROSPECT STREET and YORK STREET,  PROSPECT ST between BRIDGE ST and JAY ST,  FRONT STREET between BRIDGE STREET and JAY STREET,  CADMAN PLAZA WEST between MIDDAGH STREET and TILLARY STREET","Brooklyn","2,","84,","Film","Feature","United States of America","11201,"
"830840","Shooting Permit","01/21/2025 06:00:00 AM","01/21/2025 11:59:00 PM","01/14/2025 02:13:14 PM","Mayor's Office of Media & Entertainment","YORK STREET between JAY STREET and BRIDGE STREET,  BRIDGE STREET between YORK STREET and FRONT STREET,  BRIDGE STREET between FRONT STREET and WATER STREET,  BRIDGE STREET between YORK STREET and PROSPECT STREET,  PROSPECT ST between BRIDGE STREET and JAY ST,  FRONT STREET between BRIDGE STREET and JAY STREET,  CADMAN PLAZA WEST between MIDDAGH STREET and TILLARY STREET","Brooklyn","2,","84,","Film","Feature","United States of America","11201,"
"830610","Shooting Permit","01/17/2025 03:00:00 PM","01/18/2025 07:00:00 AM","01/13/2025 01:52:04 PM","Mayor's Office of Media & Entertainment","YORK STREET between JAY STREET and BRIDGE STREET,  BRIDGE STREET between YORK STREET and FRONT STREET,  FRONT STREET between BRIDGE STREET and JAY STREET,  BRIDGE STREET between FRONT STREET and WATER STREET,  BRIDGE STREET between YORK STREET and PROSPECT STREET,  PROSPECT ST between JAY ST and BRIDGE ST,  CADMAN PLAZA WEST between MIDDAGH STREET and TILLARY STREET","Brooklyn","2,","84,","Film","Feature","United States of America","11201,"
"830286","Shooting Permit","01/16/2025 02:00:00 PM","01/17/2025 06:00:00 AM","01/10/2025 02:41:58 PM","Mayor's Office of Media & Entertainment","YORK STREET between JAY STREET and BRIDGE STREET,  BRIDGE STREET between YORK STREET and FRONT STREET,  BRIDGE STREET between FRONT STREET and WATER STREET,  BRIDGE STREET between YORK STREET and PROSPECT STREET,  PROSPECT ST between BRIDGE STREET and JAY ST,  CADMAN PLAZA WEST between TILLARY STREET and MIDDAGH STREET,  YORK STREET between BRIDGE STREET and GOLD STREET","Brooklyn","2,","84,","Film","Feature","United States of America","11201,"
"829807","Shooting Permit","01/12/2025 08:30:00 AM","01/13/2025 12:30:00 PM","01/08/2025 02:57:04 PM","Mayor's Office of Media & Entertainment","29 STREET between 41 AVENUE and QUEENS PLAZA NORTH,  29 STREET between 40 ROAD and 41 AVENUE,  41 AVENUE between 28 STREET and 29 STREET,  QUEENS PLAZA NORTH between 29 STREET and 41 AVENUE","Queens","1, 2,","108, 114,","Film","Feature","United States of America","11101,"
"829796","Shooting Permit","01/11/2025 08:00:00 AM","01/12/2025 12:00:00 PM","01/08/2025 02:37:37 PM","Mayor's Office of Media & Entertainment","29 STREET between 41 AVENUE and QUEENS PLAZA NORTH,  29 STREET between 40 ROAD and 41 AVENUE,  41 AVENUE between 28 STREET and 29 STREET,  QUEENS PLAZA NORTH between 29 STREET and 41 AVENUE","Queens","1, 2,","108, 114,","Film","Feature","United States of America","11101,"
"829767","Shooting Permit","01/14/2025 06:00:00 AM","01/14/2025 11:59:00 PM","01/08/2025 01:47:45 PM","Mayor's Office of Media & Entertainment","WEST STREET between MILTON STREET and NOBLE STREET,  MILTON STREET between WEST STREET and FRANKLIN STREET","Brooklyn","1,","94,","Film","Feature","United States of America","11222,"
"829766","Shooting Permit","01/13/2025 06:00:00 AM","01/13/2025 10:00:00 PM","01/08/2025 01:47:44 PM","Mayor's Office of Media & Entertainment","WEST STREET between MILTON STREET and NOBLE STREET,  MILTON STREET between WEST STREET and FRANKLIN STREET","Brooklyn","1,","94,","Film","Feature","United States of America","11222,"
"829382","Rigging Permit","01/13/2025 07:00:00 AM","01/13/2025 07:30:00 PM","01/07/2025 11:06:19 AM","Mayor's Office of Media & Entertainment","29 STREET between QUEENS PLAZA NORTH and 41 AVENUE","Queens","1,","114,","Film","Feature","United States of America","11101,"
"829071","Rigging Permit","01/09/2025 07:00:00 AM","01/09/2025 07:30:00 PM","01/06/2025 10:50:19 AM","Mayor's Office of Media & Entertainment","29 STREET between QUEENS PLAZA NORTH and 41 AVENUE","Queens","1,","114,","Film","Feature","United States of America","11101,"
"827917","Shooting Permit","01/05/2025 06:30:00 AM","01/05/2025 10:30:00 PM","01/02/2025 09:23:34 AM","Mayor's Office of Media & Entertainment","GRAND STREET between STEWART AVENUE and GRAND AVENUE,  JOHNSON AVENUE between STEWART AVENUE and GARDNER AVENUE,  GARDNER AVENUE between JOHNSON AVENUE and INGRAHAM STREET","Brooklyn","1, 5,","104, 90,","Film","Feature","United States of America","11211, 11237, 11378,"
"826225","Shooting Permit","12/22/2024 06:00:00 AM","12/22/2024 07:00:00 PM","12/18/2024 02:37:38 PM","Mayor's Office of Media & Entertainment","HENRY STREET between LORRAINE STREET and BAY STREET","Brooklyn","6,","76,","Film","Feature","United States of America","11231,"
"825924","Shooting Permit","12/19/2024 10:00:00 AM","12/19/2024 11:00:00 PM","12/16/2024 08:58:57 AM","Mayor's Office of Media & Entertainment","PRINCE STREET between ROOSEVELT AVENUE and 40 ROAD","Brooklyn","17, 7,","109, 67,","Film","Short","United States of America","11203, 11354,"
"825377","Shooting Permit","12/20/2024 08:00:00 AM","12/20/2024 11:59:00 PM","12/12/2024 04:58:04 PM","Mayor's Office of Media & Entertainment","GREENPOINT AVENUE between DEAD END and FRANKLIN STREET,  GREENPOINT AVENUE between FRANKLIN STREET and MANHATTAN AVENUE,  FRANKLIN STREET between GREENPOINT AVENUE and KENT STREET,  KENT STREET between WEST STREET and FRANKLIN STREET,  WEST STREET between MILTON STREET and GREENPOINT AVENUE,  PROVOST STREET between GREENPOINT AVENUE and FREEMAN STREET","Brooklyn","1,","94,","Film","Feature","United States of America","11222,"
"824947","Shooting Permit","12/18/2024 06:00:00 AM","12/18/2024 11:00:00 PM","12/11/2024 10:59:14 AM","Mayor's Office of Media & Entertainment","ADELPHI STREET between FLUSHING AVENUE and PARK AVENUE","Brooklyn","2,","88,","Film","Short","United States of America","11205,"
"824842","Shooting Permit","12/17/2024 07:00:00 AM","12/17/2024 11:00:00 PM","12/10/2024 05:29:38 PM","Mayor's Office of Media & Entertainment","ADELPHI STREET between FLUSHING AVENUE and PARK AVENUE","Brooklyn","2,","88,","Film","Short","United States of America","11205,"
"824476","Rigging Permit","12/18/2024 07:00:00 AM","12/18/2024 07:00:00 PM","12/09/2024 01:44:44 PM","Mayor's Office of Media & Entertainment","54 STREET between FORT HAMILTN PARKWAY and 9 AVENUE","Brooklyn","12,","66,","Film","Feature","United States of America","11219,"
"824360","Rigging Permit","12/13/2024 07:00:00 AM","12/13/2024 07:00:00 PM","12/09/2024 11:27:18 AM","Mayor's Office of Media & Entertainment","54 STREET between FORT HAMILTN PARKWAY and 9 AVENUE","Brooklyn","12,","66,","Film","Feature","United States of America","11219,"
"824359","Rigging Permit","12/12/2024 07:00:00 AM","12/12/2024 07:00:00 PM","12/09/2024 11:26:49 AM","Mayor's Office of Media & Entertainment","54 STREET between FORT HAMILTN PARKWAY and 9 AVENUE","Brooklyn","12,","66,","Film","Feature","United States of America","11219,"
"824268","Rigging Permit","12/11/2024 07:00:00 AM","12/11/2024 07:00:00 PM","12/08/2024 06:01:01 PM","Mayor's Office of Media & Entertainment","54 STREET between FORT HAMILTN PARKWAY and 9 AVENUE","Brooklyn","12,","66,","Film","Feature","United States of America","11219,"
"823659","Shooting Permit","12/13/2024 06:00:00 AM","12/13/2024 08:00:00 PM","12/05/2024 10:25:35 AM","Mayor's Office of Media & Entertainment","EAST   18 STREET between FOSTER AVENUE and GLENWOOD ROAD","Brooklyn","14,","70,","Film","Feature","United States of America","11230,"
"823654","Shooting Permit","12/12/2024 06:00:00 AM","12/12/2024 08:00:00 PM","12/05/2024 10:09:20 AM","Mayor's Office of Media & Entertainment","EAST   18 STREET between FOSTER AVENUE and GLENWOOD ROAD","Brooklyn","14,","70,","Film","Feature","United States of America","11230,"
"823651","Shooting Permit","12/11/2024 06:00:00 AM","12/11/2024 08:00:00 PM","12/05/2024 09:58:45 AM","Mayor's Office of Media & Entertainment","EAST   18 STREET between FOSTER AVENUE and GLENWOOD ROAD","Brooklyn","14,","70,","Film","Feature","United States of America","11230,"
"823645","Shooting Permit","12/10/2024 06:00:00 AM","12/10/2024 08:00:00 PM","12/05/2024 09:08:38 AM","Mayor's Office of Media & Entertainment","EAST   18 STREET between FOSTER AVENUE and GLENWOOD ROAD","Brooklyn","14,","70,","Film","Feature","United States of America","11230,"
"823561","Shooting Permit","12/11/2024 10:00:00 AM","12/12/2024 02:30:00 AM","12/04/2024 02:37:04 PM","Mayor's Office of Media & Entertainment","STARR AVENUE between 37 STREET and GREENPOINT AVENUE,  37 STREET between STARR AVENUE and BRADLEY AVENUE","Brooklyn","1, 2,","108, 94,","Film","Feature","United States of America","11101, 11222,"
"823125","Shooting Permit","12/04/2024 08:00:00 AM","12/05/2024 01:00:00 AM","12/02/2024 11:40:59 AM","Mayor's Office of Media & Entertainment","MONITOR STREET between GREENPOINT AVENUE and NORMAN AVENUE,  KINGSLAND AVENUE between GREENPOINT AVENUE and NORMAN AVENUE","Brooklyn","1,","94,","Film","Feature","United States of America","11222,"
"821706","Shooting Permit","12/03/2024 08:00:00 AM","12/03/2024 09:00:00 PM","11/27/2024 10:47:20 AM","Mayor's Office of Media & Entertainment","MONITOR STREET between GREENPOINT AVENUE and NORMAN AVENUE,  KINGSLAND AVENUE between GREENPOINT AVENUE and NORMAN AVENUE","Brooklyn","1,","94,","Film","Feature","United States of America","11222,"
"821644","Shooting Permit","12/02/2024 07:00:00 AM","12/02/2024 09:00:00 PM","11/27/2024 08:26:01 AM","Mayor's Office of Media & Entertainment","MONITOR STREET between GREENPOINT AVENUE and NORMAN AVENUE,  KINGSLAND AVENUE between GREENPOINT AVENUE and NORMAN AVENUE","Brooklyn","1,","94,","Film","Feature","United States of America","11222,"
"821521","Shooting Permit","12/16/2024 06:00:00 AM","12/16/2024 08:00:00 PM","11/26/2024 10:30:10 AM","Mayor's Office of Media & Entertainment","FORT HAMILTON PARKWAY between 54 STREET and 53 STREET,  6 AVENUE between 44 STREET and 45 STREET","Brooklyn","12, 7,","66, 72,","Film","Feature","United States of America","11219, 11220, 11232,"
"821516","Shooting Permit","12/15/2024 06:00:00 AM","12/15/2024 08:00:00 PM","11/26/2024 10:17:56 AM","Mayor's Office of Media & Entertainment","FORT HAMILTON PARKWAY between 53 STREET and 54 STREET","Brooklyn","12,","66,","Film","Feature","United States of America","11219,"
"821515","Shooting Permit","12/10/2024 06:00:00 AM","12/10/2024 09:00:00 PM","11/26/2024 10:16:50 AM","Mayor's Office of Media & Entertainment","IRELAND STREET between QUEENS BOULEVARD and 51 AVENUE","Queens","4,","110,","Film","Feature","United States of America","11373,"
"821514","Shooting Permit","12/09/2024 06:00:00 AM","12/09/2024 09:00:00 PM","11/26/2024 10:15:27 AM","Mayor's Office of Media & Entertainment","FORT HAMILTON PARKWAY between 58 STREET and 59 STREET,  FORT HAMILTN PARKWAY between 59 STREET and 60 STREET,  FORT HAMILTN PARKWAY between 57 STREET and 58 STREET","Brooklyn","12,","66,","Film","Feature","United States of America","11219,"
"821505","Shooting Permit","12/14/2024 06:00:00 AM","12/14/2024 10:00:00 PM","11/26/2024 09:20:21 AM","Mayor's Office of Media & Entertainment","FORT HAMILTON PARKWAY between 53 STREET and 54 STREET,  8 AVENUE between 59 STREET and 60 STREET","Brooklyn","12, 7,","66, 72,","Film","Feature","United States of America","11219, 11220,"
"821307","Shooting Permit","12/05/2024 07:00:00 AM","12/05/2024 09:00:00 PM","11/25/2024 01:44:42 PM","Mayor's Office of Media & Entertainment","EAST   18 STREET between FOSTER AVENUE and GLENWOOD ROAD","Brooklyn","14,","70,","Film","Feature","United States of America","11230,"
"821288","Shooting Permit","12/04/2024 07:00:00 AM","12/04/2024 09:00:00 PM","11/25/2024 01:19:52 PM","Mayor's Office of Media & Entertainment","EAST   18 STREET between FOSTER AVENUE and GLENWOOD ROAD","Brooklyn","14,","70,","Film","Feature","United States of America","11230,"
"821005","Shooting Permit","12/04/2024 06:00:00 AM","12/04/2024 08:00:00 PM","11/22/2024 03:55:31 PM","Mayor's Office of Media & Entertainment","MILTON STREET between MANHATTAN AVENUE and FRANKLIN STREET,  MANHATTAN AVENUE between MILTON STREET and NOBLE STREET","Brooklyn","1,","94,","Film","Feature","United States of America","11222,"
"820997","Shooting Permit","12/03/2024 06:00:00 AM","12/03/2024 08:00:00 PM","11/22/2024 03:46:47 PM","Mayor's Office of Media & Entertainment","MILTON STREET between MANHATTAN AVENUE and FRANKLIN STREET,  MANHATTAN AVENUE between MILTON STREET and NOBLE STREET","Brooklyn","1,","94,","Film","Feature","United States of America","11222,"
"820994","Shooting Permit","12/02/2024 06:00:00 AM","12/02/2024 08:00:00 PM","11/22/2024 03:39:03 PM","Mayor's Office of Media & Entertainment","MILTON STREET between MANHATTAN AVENUE and FRANKLIN STREET,  MANHATTAN AVENUE between MILTON STREET and NOBLE STREET","Brooklyn","1,","94,","Film","Feature","United States of America","11222,"
"820848","Shooting Permit","11/26/2024 07:00:00 AM","11/26/2024 09:00:00 PM","11/22/2024 09:19:50 AM","Mayor's Office of Media & Entertainment","MONITOR STREET between GREENPOINT AVENUE and NORMAN AVENUE,  KINGSLAND AVENUE between GREENPOINT AVENUE and NORMAN AVENUE","Brooklyn","1,","94,","Film","Feature","United States of America","11222,"
"820655","Shooting Permit","11/25/2024 07:00:00 AM","11/25/2024 08:00:00 PM","11/21/2024 10:38:24 AM","Mayor's Office of Media & Entertainment","MONITOR STREET between GREENPOINT AVENUE and NORMAN AVENUE,  KINGSLAND AVENUE between GREENPOINT AVENUE and NORMAN AVENUE","Brooklyn","1,","94,","Film","Feature","United States of America","11222,"
"820593","Shooting Permit","11/27/2024 09:00:00 AM","11/28/2024 12:00:00 PM","11/20/2024 06:00:18 PM","Mayor's Office of Media & Entertainment","MILTON STREET between MANHATTAN AVENUE and FRANKLIN STREET,  MANHATTAN AVENUE between NOBLE STREET and MILTON STREET","Brooklyn","1,","94,","Film","Feature","United States of America","11222,"
"820591","Shooting Permit","11/26/2024 08:00:00 AM","11/26/2024 11:00:00 PM","11/20/2024 05:54:54 PM","Mayor's Office of Media & Entertainment","MILTON STREET between MANHATTAN AVENUE and FRANKLIN STREET,  MANHATTAN AVENUE between NOBLE STREET and MILTON STREET","Brooklyn","1,","94,","Film","Feature","United States of America","11222,"
"820351","Shooting Permit","11/25/2024 07:00:00 AM","11/25/2024 09:00:00 PM","11/19/2024 05:59:24 PM","Mayor's Office of Media & Entertainment","MILTON STREET between MANHATTAN AVENUE and FRANKLIN STREET,  MANHATTAN AVENUE between NOBLE STREET and MILTON STREET","Brooklyn","1,","94,","Film","Feature","United States of America","11222,"
"820052","Shooting Permit","11/22/2024 10:00:00 AM","11/23/2024 01:00:00 AM","11/18/2024 04:00:01 PM","Mayor's Office of Media & Entertainment","MILTON STREET between MANHATTAN AVENUE and FRANKLIN STREET,  MANHATTAN AVENUE between GREENPOINT AVENUE and NOBLE STREET","Brooklyn","1,","94,","Film","Feature","United States of America","11222,"
"819909","Shooting Permit","11/27/2024 07:00:00 AM","11/27/2024 09:00:00 PM","11/18/2024 11:19:05 AM","Mayor's Office of Media & Entertainment","2 AVENUE between 44 STREET and 45 STREET","Brooklyn","7,","72,","Film","Feature","United States of America","11232,"
"819904","Shooting Permit","11/26/2024 07:00:00 AM","11/26/2024 09:00:00 PM","11/18/2024 11:08:23 AM","Mayor's Office of Media & Entertainment","2 AVENUE between 44 STREET and 45 STREET","Brooklyn","7,","72,","Film","Feature","United States of America","11232,"
"819888","Shooting Permit","11/25/2024 07:00:00 AM","11/25/2024 09:00:00 PM","11/18/2024 10:15:55 AM","Mayor's Office of Media & Entertainment","2 AVENUE between 44 STREET and 45 STREET","Brooklyn","7,","72,","Film","Feature","United States of America","11232,"
"819757","Shooting Permit","12/07/2024 06:00:00 AM","12/07/2024 08:00:00 PM","11/17/2024 03:02:31 PM","Mayor's Office of Media & Entertainment","NASSAU AVENUE between GUERNSEY STREET and DOBBIN STREET,  NASSAU AVENUE between DOBBIN STREET and NORTH   15 STREET,  DOBBIN STREET between NORMAN AVENUE and NASSAU AVENUE","Brooklyn","1,","94,","Film","Feature","United States of America","11222,"
"819752","Shooting Permit","12/03/2024 06:00:00 AM","12/03/2024 08:00:00 PM","11/17/2024 02:31:24 PM","Mayor's Office of Media & Entertainment","GREEN STREET between MCGUINESS BOULEVARD and PROVOST STREET","Brooklyn","1,","94,","Film","Feature","United States of America","11222,"
"819751","Shooting Permit","12/02/2024 06:00:00 AM","12/02/2024 08:00:00 PM","11/17/2024 02:30:34 PM","Mayor's Office of Media & Entertainment","GREEN STREET between MCGUINNESS BOULEVARD and PROVOST STREET,  PROVOST STREET between GREEN STREET and HURON STREET","Brooklyn","1,","94,","Film","Feature","United States of America","11222,"
"819750","Shooting Permit","11/23/2024 06:00:00 AM","11/23/2024 10:00:00 PM","11/17/2024 02:29:14 PM","Mayor's Office of Media & Entertainment","LAFAYETTE AVENUE between ST JAMES PLACE and GRAND AVENUE,  LAFAYETTE AVENUE between ST JAMES PLACE and GRAND AVENUE,  ST JAMES PLACE between LAFAYETTE AVENUE and CLIFTON PLACE","Brooklyn","2,","88,","Film","Feature","United States of America","11238,"
"819586","Shooting Permit","11/20/2024 08:00:00 AM","11/21/2024 01:00:00 AM","11/15/2024 02:09:48 PM","Mayor's Office of Media & Entertainment","EAGLE STREET between WEST STREET and FRANKLIN STREET,  WEST STREET between EAGLE STREET and GREEN STREET,  FREEMAN STREET between WEST STREET and FRANKLIN STREET","Brooklyn","1,","94,","Film","Feature","United States of America","11222,"
"819584","Shooting Permit","11/24/2024 06:00:00 AM","11/24/2024 11:00:00 PM","11/15/2024 02:05:34 PM","Mayor's Office of Media & Entertainment","LAFAYETTE AVENUE between ST JAMES PLACE and GRAND AVENUE","Brooklyn","2,","88,","Film","Feature","United States of America","11238,"
"819579","Shooting Permit","11/17/2024 02:00:00 PM","11/18/2024 06:00:00 AM","11/15/2024 01:56:56 PM","Mayor's Office of Media & Entertainment","PARSONS BOULEVARD between 45 AVENUE and GEORGIA ROAD","Queens","7,","109,","Film","Short","United States of America","11355,"
"819376","Shooting Permit","11/21/2024 09:00:00 AM","11/22/2024 12:00:00 PM","11/14/2024 04:42:24 PM","Mayor's Office of Media & Entertainment","MILTON STREET between MANHATTAN AVENUE and FRANKLIN STREET,  MANHATTAN AVENUE between MILTON STREET and NOBLE STREET","Brooklyn","1,","94,","Film","Feature","United States of America","11222,"
"819374","Shooting Permit","11/19/2024 07:00:00 AM","11/20/2024 03:00:00 AM","11/14/2024 04:37:06 PM","Mayor's Office of Media & Entertainment","150 STREET between NORTH CONDUIT AVENUE and ROCKAWAY BOULEVARD,  BAISLEY BOULEVARD between NORTH CONDUIT AVENUE and ROCKAWAY BOULEVARD,  EAGLE STREET between WEST STREET and FRANKLIN STREET,  WEST STREET between EAGLE STREET and GREEN STREET,  FREEMAN STREET between WEST STREET and FRANKLIN STREET","Queens","1, 12, 13,","105, 113, 94,","Film","Feature","United States of America","11222, 11413, 11434, 11436,"
"819373","Shooting Permit","11/20/2024 10:00:00 AM","11/21/2024 12:00:00 PM","11/14/2024 04:36:59 PM","Mayor's Office of Media & Entertainment","MILTON STREET between MANHATTAN AVENUE and FRANKLIN STREET,  MANHATTAN AVENUE between MILTON STREET and NOBLE STREET","Brooklyn","1,","94,","Film","Feature","United States of America","11222,"
"819369","Shooting Permit","11/19/2024 07:00:00 AM","11/19/2024 08:00:00 PM","11/14/2024 04:31:15 PM","Mayor's Office of Media & Entertainment","MILTON STREET between MANHATTAN AVENUE and FRANKLIN STREET,  MANHATTAN AVENUE between MILTON STREET and NOBLE STREET","Brooklyn","1,","94,","Film","Feature","United States of America","11222,"
"819366","Shooting Permit","11/20/2024 06:00:00 AM","11/20/2024 08:00:00 PM","11/14/2024 04:27:17 PM","Mayor's Office of Media & Entertainment","DWIGHT STREET between COFFEY STREET and VAN DYKE STREET,  COFFEY STREET between DWIGHT STREET and OTSEGO STREET","Brooklyn","6,","76,","Film","Feature","United States of America","11231,"
"819365","Shooting Permit","11/17/2024 08:00:00 AM","11/17/2024 11:00:00 PM","11/14/2024 04:25:08 PM","Mayor's Office of Media & Entertainment","DWIGHT STREET between COFFEY STREET and VAN DYKE STREET,  COFFEY STREET between DWIGHT STREET and OTSEGO STREET","Brooklyn","6,","76,","Film","Feature","United States of America","11231,"
"819292","Shooting Permit","11/16/2024 08:00:00 AM","11/16/2024 11:00:00 PM","11/14/2024 08:52:04 AM","Mayor's Office of Media & Entertainment","DWIGHT STREET between COFFEY STREET and VAN DYKE STREET,  COFFEY STREET between DWIGHT STREET and OTSEGO STREET","Brooklyn","6,","76,","Film","Feature","United States of America","11231,"
"819288","Shooting Permit","11/18/2024 06:00:00 AM","11/18/2024 10:00:00 PM","11/14/2024 07:14:00 AM","Mayor's Office of Media & Entertainment","COMMERCIAL STREET between BOX STREET and MANHATTAN AVENUE,  MANHATTAN AVENUE between COMMERCIAL STREET and DEAD END,  MANHATTAN AVENUE between BOX STREET and DUPONT STREET,  ASH STREET between MANHATTAN AVENUE and MCGUINNESS BOULEVARD,  ASH STREET between MANHATTAN AVENUE and MCGUINNESS BOULEVARD,  BOX STREET between MANHATTAN AVENUE and MCGUINNESS BOULEVARD,  CLAY STREET between MANHATTAN AVENUE and MCGUINNESS BOULEVARD,  PAIDGE AVENUE between MCGUINNESS BOULEVARD and PROVOST STREET,  PROVOST STREET between PAIDGE AVENUE and GREENPOINT AVENUE,  MCGUINNESS BOULEVARD between ASH STREET and CLAY STREET,  MILTON STREET between WEST STREET and FRANKLIN STREET,  FRANKLIN STREET between MILTON STREET and NOBLE STREET,  WEST STREET between GREENPOINT AVENUE and OAK STREET,  NOBLE STREET between DEAD END and WEST STREET,  OAK STREET between WEST STREET and FRANKLIN STREET,  GREENPOINT AVENUE between WEST STREET and FRANKLIN STREET","Brooklyn","1,","94,","Film","Feature","United States of America","11222,"
"819273","Shooting Permit","11/15/2024 08:00:00 AM","11/15/2024 11:00:00 PM","11/13/2024 05:12:58 PM","Mayor's Office of Media & Entertainment","DWIGHT STREET between COFFEY STREET and VAN DYKE STREET,  COFFEY STREET between DWIGHT STREET and OTSEGO STREET","Brooklyn","6,","76,","Film","Feature","United States of America","11231,"
"819238","Shooting Permit","11/16/2024 10:00:00 AM","11/16/2024 10:00:00 PM","11/13/2024 01:18:04 PM","Mayor's Office of Media & Entertainment","JOHNSON AVENUE between BUSHWICK AVENUE and BUSHWICK PLACE,  BUSHWICK AVENUE between JOHNSON AVENUE and MONTROSE AVENUE","Brooklyn","1,","90,","Film","Short","United States of America","11206,"
"819167","Shooting Permit","11/14/2024 07:00:00 AM","11/14/2024 10:00:00 PM","11/12/2024 06:42:40 PM","Mayor's Office of Media & Entertainment","DWIGHT STREET between DIKEMAN STREET and VAN DYKE STREET","Brooklyn","6,","76,","Film","Feature","United States of America","11231,"
"819155","Shooting Permit","11/18/2024 06:00:00 AM","11/18/2024 08:00:00 PM","11/12/2024 04:57:36 PM","Mayor's Office of Media & Entertainment","KANE STREET between TOMPKINS PLACE and COURT STREET,  COURT STREET between DEGRAW STREET and BALTIC STREET","Brooklyn","6,","76,","Film","Feature","United States of America","11201, 11231,"
"819054","Shooting Permit","11/15/2024 08:00:00 AM","11/15/2024 11:00:00 PM","11/11/2024 11:05:53 PM","Mayor's Office of Media & Entertainment","JEFFERSON STREET between BROADWAY and BUSHWICK AVENUE,  MYRTLE AVENUE between JEFFERSON STREET and TROUTMAN STREET,  BROADWAY between MYRTLE AVENUE and DITMARS STREET,  PARK STREET between BROADWAY and BEAVER STREET","Brooklyn","3, 4,","81, 83,","Film","Feature","United States of America","11206, 11221,"
"819034","Shooting Permit","11/22/2024 06:00:00 AM","11/22/2024 08:00:00 PM","11/11/2024 03:02:58 PM","Mayor's Office of Media & Entertainment","LEXINGTON AVENUE between BROADWAY and PATCHEN AVENUE","Brooklyn","3,","81,","Film","Feature","United States of America","11221,"
"818970","Shooting Permit","11/14/2024 06:00:00 AM","11/14/2024 06:00:00 PM","11/09/2024 07:39:33 PM","Mayor's Office of Media & Entertainment","168 STREET between 29 AVENUE and 32 AVENUE,  32 AVENUE between 168 STREET and 169 STREET,  168 STREET between 32 AVENUE and 33 AVENUE,  169 STREET between 32 AVENUE and 33 AVENUE,  222 STREET between 115 ROAD and 116 AVENUE,  116 AVENUE between 221 STREET and 223 STREET","Queens","13, 7,","105, 109,","Film","Feature","United States of America","11358, 11411,"
"818952","Shooting Permit","11/18/2024 07:00:00 AM","11/19/2024 01:00:00 AM","11/08/2024 05:10:32 PM","Mayor's Office of Media & Entertainment","BUTLER STREET between 3 AVENUE and 4 AVENUE,  BUTLER STREET between NEVINS STREET and 3 AVENUE,  3 AVENUE between BALTIC STREET and DEGRAW STREET,  3 AVENUE between SAINT MARKS PLACE and WARREN STREET,  DOUGLASS STREET between NEVINS STREET and 3 AVENUE","Brooklyn","2, 6,","78, 84,","Film","Feature","United States of America","11217,"
"818924","Shooting Permit","11/13/2024 06:00:00 AM","11/13/2024 08:00:00 PM","11/08/2024 02:35:17 PM","Mayor's Office of Media & Entertainment","168 STREET between 29 AVENUE and 32 AVENUE,  32 AVENUE between 168 STREET and 169 STREET,  168 STREET between 32 AVENUE and 33 AVENUE,  169 STREET between 32 AVENUE and 33 AVENUE","Queens","7,","109,","Film","Feature","United States of America","11358,"
"818923","Shooting Permit","11/17/2024 06:00:00 AM","11/17/2024 11:59:00 PM","11/08/2024 02:33:09 PM","Mayor's Office of Media & Entertainment","BUTLER STREET between 3 AVENUE and 4 AVENUE,  BUTLER STREET between NEVINS STREET and 3 AVENUE,  3 AVENUE between BALTIC STREET and DEGRAW STREET,  3 AVENUE between SAINT MARKS PLACE and WARREN STREET,  DOUGLASS STREET between NEVINS STREET and 3 AVENUE","Brooklyn","2, 6,","78, 84,","Film","Feature","United States of America","11217,"
"818896","Shooting Permit","11/13/2024 06:00:00 AM","11/13/2024 09:00:00 PM","11/08/2024 11:49:57 AM","Mayor's Office of Media & Entertainment","DWIGHT STREET between DIKEMAN STREET and VAN DYKE STREET","Brooklyn","6,","76,","Film","Feature","United States of America","11231,"
"818860","Shooting Permit","11/16/2024 06:00:00 AM","11/16/2024 11:59:00 PM","11/08/2024 08:34:45 AM","Mayor's Office of Media & Entertainment","BUTLER STREET between 3 AVENUE and 4 AVENUE,  BUTLER STREET between NEVINS STREET and 3 AVENUE,  3 AVENUE between BALTIC STREET and DEGRAW STREET,  3 AVENUE between SAINT MARKS PLACE and WARREN STREET,  DOUGLASS STREET between NEVINS STREET and 3 AVENUE","Brooklyn","2, 6,","78, 84,","Film","Feature","United States of America","11217,"
"818859","Shooting Permit","11/13/2024 07:00:00 AM","11/14/2024 01:00:00 AM","11/08/2024 08:17:40 AM","Mayor's Office of Media & Entertainment","SHELL ROAD between AVENUE X and BOUCK COURT,  SHELL ROAD between BOUCK COURT and AVENUE Y,  BOUCK COURT between SHELL ROAD and WEST    3 STREET,  AVENUE X between WEST    3 STREET and WEST STREET,  AVENUE X between SHELL ROAD and WEST    3 STREET,  STRYKER STREET between AVENUE X and SOUTHGATE COURT,  WEST   15 STREET between MERMAID AVENUE and SURF AVENUE,  WEST    3 STREET between AVENUE X and BOUCK COURT,  SURF AVENUE between WEST   15 STREET and STILLWELL AVENUE","Brooklyn","13, 15,","60, 61,","Film","Feature","United States of America","11223, 11224,"
"818801","Shooting Permit","11/12/2024 07:00:00 AM","11/12/2024 08:00:00 PM","11/07/2024 02:55:03 PM","Mayor's Office of Media & Entertainment","CALYER STREET between NEWEL STREET and JEWEL STREET,  CALYER STREET between JEWEL STREET and RUSSELL STREET,  JEWEL STREET between CALYER STREET and MESEROLE AVENUE,  HUMBOLDT STREET between CALYER STREET and MESEROLE AVENUE","Brooklyn","1,","94,","Film","Feature","United States of America","11222,"
"818732","Shooting Permit","11/12/2024 07:00:00 AM","11/12/2024 11:59:00 PM","11/07/2024 11:02:53 AM","Mayor's Office of Media & Entertainment","EAGLE STREET between WEST STREET and FRANKLIN STREET,  WEST STREET between EAGLE STREET and GREEN STREET,  FREEMAN STREET between WEST STREET and FRANKLIN STREET","Brooklyn","1,","94,","Film","Feature","United States of America","11222,"
"818728","Shooting Permit","11/09/2024 05:00:00 AM","11/09/2024 10:00:00 PM","11/07/2024 10:50:11 AM","Mayor's Office of Media & Entertainment","ROOSEVELT AVENUE between STADIUM PLACE SOUTH and SEAVER WAY","Queens","3, 4, 6, 7, 8, 81,","110,","Film","Feature","United States of America","11354, 11355, 11367, 11368,"
"818635","Rigging Permit","11/14/2024 06:00:00 AM","11/14/2024 07:00:00 PM","11/06/2024 01:45:19 PM","Mayor's Office of Media & Entertainment","SHELL ROAD between AVENUE X and BOUCK COURT","Brooklyn","13, 15,","60, 61,","Film","Feature","United States of America","11223,"
"818633","Rigging Permit","11/12/2024 06:00:00 AM","11/12/2024 07:00:00 PM","11/06/2024 01:39:34 PM","Mayor's Office of Media & Entertainment","SHELL ROAD between AVENUE X and BOUCK COURT","Brooklyn","13, 15,","60, 61,","Film","Feature","United States of America","11223,"
"818598","Shooting Permit","11/12/2024 07:00:00 AM","11/12/2024 06:00:00 PM","11/06/2024 11:28:31 AM","Mayor's Office of Media & Entertainment","ST EDWARDS STREET between WILLOUGHBY STREET and MYRTLE AVENUE","Brooklyn","2,","88,","Film","Feature","United States of America","11201,"
"818365","Shooting Permit","11/10/2024 06:00:00 AM","11/10/2024 10:00:00 PM","11/04/2024 10:45:45 AM","Mayor's Office of Media & Entertainment","VAN SIDEREN AVENUE between DUMONT AVENUE and NEW LOTS AVENUE,  LIVONIA AVENUE between VAN SIDEREN AVENUE and SNEDIKER AVENUE,  BELMONT AVENUE between WILLIAMS AVENUE and GEORGIA AVENUE,  BELMONT AVENUE between GEORGIA AVENUE and SHEFFIELD AVENUE,  GEORGIA AVENUE between PITKIN AVENUE and SUTTER AVENUE,  SUTTER AVENUE between GEORGIA AVENUE and PENNSYLVANIA AVENUE,  LIVONIA AVENUE between SNEDIKER AVENUE and HINSDALE STREET,  LIVONIA AVENUE between SNEDIKER AVENUE and HINSDALE STREET,  SNEDIKER AVENUE between DUMONT AVENUE and LIVONIA AVENUE,  SNEDIKER AVENUE between LIVONIA AVENUE and RIVERDALE AVENUE,  HINSDALE STREET between DUMONT AVENUE and LIVONIA AVENUE,  RIVERDALE AVENUE between VAN SINDEREN AVENUE and SNEDIKER AVENUE,  LIVONIA AVENUE between HINSDALE STREET and WILLIAMS AVENUE","Brooklyn","16, 5,","73, 75,","Film","Feature","United States of America","11207,"
"818350","Shooting Permit","11/11/2024 08:00:00 AM","11/11/2024 06:00:00 PM","11/04/2024 10:15:33 AM","Mayor's Office of Media & Entertainment","NOSTRAND AVENUE between PACIFIC STREET and DEAN STREET","Brooklyn","8,","77,","Film","Feature","United States of America","11216,"
"818248","Shooting Permit","11/08/2024 07:00:00 AM","11/08/2024 06:00:00 PM","11/01/2024 02:11:50 PM","Mayor's Office of Media & Entertainment","MYRTLE AVENUE between ST EDWARDS STREET and NORTH PORTLAND AVENUE","Brooklyn","2,","88,","Film","Feature","United States of America","11205,"
"818112","Shooting Permit","11/04/2024 06:00:00 AM","11/04/2024 10:00:00 PM","10/31/2024 11:56:30 AM","Mayor's Office of Media & Entertainment","BRIGHTON    6 STREET between OCEANVIEW AVENUE and BRIGHTWATER COURT,  BRIGHTON    5 STREET between BRIGHTON BEACH AVENUE and BRIGHTWATER COURT,  BRIGHTON    5 STREET between OCEANVIEW AVENUE and BRIGHTWATER COURT,  BRIGHTON BEACH AVENUE between BRIGHTON    5 STREET and BRIGHTON    7 STREET,  OCEANVIEW AVENUE between BRIGHTON    5 STREET and BRIGHTON    6 STREET,  BRIGHTWATER COURT between BRIGHTON    5 STREET and BRIGHTON    6 STREET,  BRIGHTON    7 STREET between BRIGHTON BEACH AVENUE and BRIGHTON    8 STREET,  BRIGHTON BEACH AVENUE between BRIGHTON    2 STREET and BRIGHTON    3 STREET,  CONEY ISLAND AVENUE between BRIGHTON BEACH AVENUE and RIEGELMANN BOARDWALK","Brooklyn","13,","60,","Film","Feature","United States of America","11235,"
"818087","Shooting Permit","11/04/2024 07:00:00 AM","11/04/2024 08:00:00 PM","10/31/2024 08:57:53 AM","Mayor's Office of Media & Entertainment","MONITOR STREET between GREENPOINT AVENUE and NORMAN AVENUE,  KINGSLAND AVENUE between GREENPOINT AVENUE and NORMAN AVENUE","Brooklyn","1,","94,","Film","Feature","United States of America","11222,"
"818036","Shooting Permit","11/01/2024 07:00:00 AM","11/01/2024 06:00:00 PM","10/30/2024 03:12:53 PM","Mayor's Office of Media & Entertainment","GRAND AVENUE between CLIFTON PLACE and GREENE AVENUE","Brooklyn","2,","88,","Film","Feature","United States of America","11238,"
"818000","Rigging Permit","11/04/2024 06:00:00 AM","11/04/2024 07:00:00 PM","10/30/2024 01:04:17 PM","Mayor's Office of Media & Entertainment","WEST   15 STREET between MERMAID AVENUE and SURF AVENUE,  MERMAID AVENUE between WEST   15 STREET and STILLWELL AVENUE","Brooklyn","13,","60,","Film","Feature","United States of America","11224,"
"817942","Shooting Permit","11/02/2024 06:00:00 AM","11/02/2024 11:00:00 PM","10/29/2024 07:53:16 PM","Mayor's Office of Media & Entertainment","BRIGHTON BEACH AVENUE between BRIGHTON    4 STREET and CONEY ISLAND AVENUE,  BRIGHTON    6 STREET between OCEANVIEW AVENUE and BRIGHTWATER COURT,  BRIGHTON    5 STREET between OCEANVIEW AVENUE and BRIGHTWATER COURT,  OCEANVIEW AVENUE between BRIGHTON    5 STREET and BRIGHTON    6 STREET,  BRIGHTWATER COURT between BRIGHTON    5 STREET and BRIGHTON    6 STREET,  BRIGHTON    7 STREET between BRIGHTON BEACH AVENUE and BRIGHTON    8 STREET,  BRIGHTON BEACH AVENUE between BRIGHTON    2 STREET and BRIGHTON    3 STREET,  CONEY ISLAND AVENUE between BRIGHTON BEACH AVENUE and RIEGELMANN BOARDWALK,  WEST   15 STREET between SURF AVENUE and MERMAID AVENUE,  STILLWELL AVENUE between SURF AVENUE and MERMAID AVENUE,  SURF AVENUE between WEST   15 STREET and STILLWELL AVENUE","Brooklyn","13,","60,","Film","Feature","United States of America","11224, 11235,"
"817921","Shooting Permit","11/03/2024 06:00:00 AM","11/03/2024 11:00:00 PM","10/29/2024 04:32:54 PM","Mayor's Office of Media & Entertainment","BRIGHTON BEACH AVENUE between BRIGHTON    4 STREET and CONEY ISLAND AVENUE,  BRIGHTON    6 STREET between OCEANVIEW AVENUE and BRIGHTWATER COURT,  BRIGHTON    5 STREET between OCEANVIEW AVENUE and BRIGHTWATER COURT,  OCEANVIEW AVENUE between BRIGHTON    5 STREET and BRIGHTON    6 STREET,  BRIGHTWATER COURT between BRIGHTON    5 STREET and BRIGHTON    6 STREET,  BRIGHTON    7 STREET between BRIGHTON BEACH AVENUE and BRIGHTON    8 STREET,  BRIGHTON BEACH AVENUE between BRIGHTON    2 STREET and BRIGHTON    3 STREET,  CONEY ISLAND AVENUE between BRIGHTON BEACH AVENUE and RIEGELMANN BOARDWALK,  WEST   15 STREET between SURF AVENUE and MERMAID AVENUE,  STILLWELL AVENUE between SURF AVENUE and MERMAID AVENUE,  SURF AVENUE between WEST   15 STREET and STILLWELL AVENUE","Brooklyn","13,","60,","Film","Feature","United States of America","11224, 11235,"
"817662","Shooting Permit","10/31/2024 07:00:00 AM","10/31/2024 07:00:00 PM","10/27/2024 10:14:35 PM","Mayor's Office of Media & Entertainment","ST FELIX STREET between FULTON STREET and DEKALB AVENUE,  DEKALB AVENUE between ST FELIX STREET and ASHLAND PLACE,  COURT STREET between 3 PLACE and LUQUER STREET,  SMITH STREET between 9 STREET and GARNET STREET","Brooklyn","2, 6,","76, 78, 88,","Film","Feature","United States of America","11201, 11215, 11217, 11231,"
"817585","Rigging Permit","11/01/2024 06:00:00 AM","11/01/2024 07:00:00 PM","10/25/2024 03:13:44 PM","Mayor's Office of Media & Entertainment","WEST   15 STREET between MERMAID AVENUE and SURF AVENUE,  MERMAID AVENUE between WEST   15 STREET and STILLWELL AVENUE","Brooklyn","13,","60,","Film","Feature","United States of America","11224,"
"817518","Shooting Permit","10/29/2024 07:00:00 AM","10/29/2024 10:00:00 PM","10/25/2024 08:07:59 AM","Mayor's Office of Media & Entertainment","MONITOR STREET between GREENPOINT AVENUE and NORMAN AVENUE,  KINGSLAND AVENUE between GREENPOINT AVENUE and NORMAN AVENUE","Brooklyn","1,","94,","Film","Feature","United States of America","11222,"
"817486","Shooting Permit","10/30/2024 08:00:00 AM","10/31/2024 12:00:00 PM","10/24/2024 04:22:33 PM","Mayor's Office of Media & Entertainment","EAGLE STREET between WEST STREET and FRANKLIN STREET,  WEST STREET between EAGLE STREET and GREEN STREET,  FREEMAN STREET between WEST STREET and FRANKLIN STREET","Brooklyn","1,","94,","Film","Feature","United States of America","11222,"
"817202","Shooting Permit","11/02/2024 09:00:00 AM","11/02/2024 10:00:00 PM","10/22/2024 04:09:50 PM","Mayor's Office of Media & Entertainment","EAST   19 STREET between DITMAS AVENUE and DORCHESTER ROAD","Brooklyn","14,","70,","Film","Short","United States of America","11226,"
"817199","Shooting Permit","11/01/2024 09:00:00 AM","11/01/2024 09:30:00 PM","10/22/2024 04:05:04 PM","Mayor's Office of Media & Entertainment","EAST   19 STREET between DITMAS AVENUE and DORCHESTER ROAD","Brooklyn","14,","70,","Film","Short","United States of America","11226,"
"817198","Shooting Permit","10/31/2024 09:00:00 AM","10/31/2024 06:00:00 PM","10/22/2024 04:01:58 PM","Mayor's Office of Media & Entertainment","EAST   19 STREET between DITMAS AVENUE and DORCHESTER ROAD","Brooklyn","14,","70,","Film","Short","United States of America","11226,"
"817195","Shooting Permit","10/30/2024 09:00:00 AM","10/30/2024 09:30:00 PM","10/22/2024 03:58:45 PM","Mayor's Office of Media & Entertainment","EAST   19 STREET between DITMAS AVENUE and DORCHESTER ROAD","Brooklyn","14,","70,","Film","Short","United States of America","11226,"
"817193","Shooting Permit","10/29/2024 09:00:00 AM","10/29/2024 09:30:00 PM","10/22/2024 03:53:00 PM","Mayor's Office of Media & Entertainment","EAST   19 STREET between DITMAS AVENUE and DORCHESTER ROAD","Brooklyn","14,","70,","Film","Short","United States of America","11226,"
"817192","Rigging Permit","10/28/2024 09:00:00 AM","10/28/2024 09:00:00 PM","10/22/2024 03:48:20 PM","Mayor's Office of Media & Entertainment","EAST   19 STREET between DITMAS AVENUE and DORCHESTER ROAD","Brooklyn","14,","70,","Film","Short","United States of America","11226,"
"817150","Shooting Permit","10/28/2024 06:00:00 AM","10/28/2024 10:00:00 PM","10/22/2024 01:26:57 PM","Mayor's Office of Media & Entertainment","CROWN STREET between NEW YORK AVENUE and BROOKLYN AVENUE,  CROWN STREET between BROOKLYN AVENUE and ALBANY AVENUE,  BROOKLYN AVENUE between CARROLL STREET and MONTGOMERY STREET,  KINGSTON AVENUE between CARROLL STREET and CROWN STREET,  CARROLL STREET between BROOKLYN AVENUE and KINGSTON AVENUE,  BROOKLYN AVENUE between PRESIDENT STREET and CARROLL STREET,  UNION STREET between BROOKLYN AVENUE and KINGSTON AVENUE,  BROOKLYN AVENUE between PRESIDENT STREET and UNION STREET","Brooklyn","9,","71,","Film","Feature","United States of America","11213, 11225,"
"817148","Shooting Permit","10/24/2024 06:00:00 AM","10/24/2024 08:00:00 PM","10/22/2024 01:25:02 PM","Mayor's Office of Media & Entertainment","RIVER STREET between GRAND STREET and NORTH    1 STREET","Brooklyn","1,","90,","Film","Feature","United States of America","11249,"
"817029","Rigging Permit","11/01/2024 06:00:00 AM","11/01/2024 08:00:00 PM","10/21/2024 03:38:03 PM","Mayor's Office of Media & Entertainment","BRIGHTON BEACH AVENUE between BRIGHTON    5 STREET and BRIGHTON    6 STREET,  BRIGHTON    6 STREET between BRIGHTON BEACH AVENUE and OCEAN VIEW AVENUE","Brooklyn","13,","60,","Film","Feature","United States of America","11235,"
"817024","Rigging Permit","10/31/2024 06:00:00 AM","10/31/2024 08:00:00 PM","10/21/2024 03:27:13 PM","Mayor's Office of Media & Entertainment","BRIGHTON BEACH AVENUE between BRIGHTON    5 STREET and BRIGHTON    6 STREET,  BRIGHTON    6 STREET between BRIGHTON BEACH AVENUE and OCEAN VIEW AVENUE","Brooklyn","13,","60,","Film","Feature","United States of America","11235,"
"817016","Rigging Permit","10/30/2024 06:00:00 AM","10/30/2024 08:00:00 PM","10/21/2024 03:18:13 PM","Mayor's Office of Media & Entertainment","BRIGHTON BEACH AVENUE between BRIGHTON    5 STREET and BRIGHTON    6 STREET,  BRIGHTON    6 STREET between BRIGHTON BEACH AVENUE and OCEAN VIEW AVENUE","Brooklyn","13,","60,","Film","Feature","United States of America","11235,"
"817013","Rigging Permit","10/29/2024 06:00:00 AM","10/29/2024 08:00:00 PM","10/21/2024 03:07:46 PM","Mayor's Office of Media & Entertainment","BRIGHTON BEACH AVENUE between BRIGHTON    5 STREET and BRIGHTON    6 STREET,  BRIGHTON    6 STREET between BRIGHTON BEACH AVENUE and OCEAN VIEW AVENUE","Brooklyn","13,","60,","Film","Feature","United States of America","11235,"
"817010","Shooting Permit","10/28/2024 06:00:00 AM","10/28/2024 08:00:00 PM","10/21/2024 03:05:28 PM","Mayor's Office of Media & Entertainment","VERNON BOULEVARD between 47 AVENUE and 47 ROAD,  47 AVENUE between 11 STREET and VERNON BOULEVARD,  30 AVENUE between 35 STREET and 36 STREET,  36 STREET between 30 AVENUE and 31 AVENUE","Queens","1, 2,","108, 114,","Film","Feature","United States of America","11101, 11103,"
"817003","Rigging Permit","10/28/2024 06:00:00 AM","10/28/2024 08:00:00 PM","10/21/2024 02:54:11 PM","Mayor's Office of Media & Entertainment","BRIGHTON BEACH AVENUE between BRIGHTON    5 STREET and BRIGHTON    6 STREET,  BRIGHTON    6 STREET between BRIGHTON BEACH AVENUE and OCEAN VIEW AVENUE","Brooklyn","13,","60,","Film","Feature","United States of America","11235,"
"817002","Rigging Permit","10/25/2024 06:00:00 AM","10/25/2024 08:00:00 PM","10/21/2024 02:52:08 PM","Mayor's Office of Media & Entertainment","BRIGHTON BEACH AVENUE between BRIGHTON    5 STREET and BRIGHTON    6 STREET,  BRIGHTON    6 STREET between BRIGHTON BEACH AVENUE and OCEAN VIEW AVENUE","Brooklyn","13,","60,","Film","Feature","United States of America","11235,"
"816806","Rigging Permit","10/24/2024 06:00:00 AM","10/24/2024 08:00:00 PM","10/18/2024 03:47:49 PM","Mayor's Office of Media & Entertainment","BRIGHTON BEACH AVENUE between BRIGHTON    5 STREET and BRIGHTON    6 STREET,  BRIGHTON    6 STREET between BRIGHTON BEACH AVENUE and OCEAN VIEW AVENUE","Brooklyn","13,","60,","Film","Feature","United States of America","11235,"
"816777","Shooting Permit","10/22/2024 06:00:00 AM","10/22/2024 08:00:00 PM","10/18/2024 01:07:57 PM","Mayor's Office of Media & Entertainment","CENTER BOULEVARD between BORDEN AVENUE and 54 AVENUE","Queens","2,","108,","Film","Feature","United States of America","11101,"
"816761","Rigging Permit","10/21/2024 06:00:00 AM","10/21/2024 07:00:00 PM","10/18/2024 11:35:04 AM","Mayor's Office of Media & Entertainment","EMMONS AVENUE between FORD STREET and HARING STREET","Brooklyn","15,","61,","Film","Feature","United States of America","11235,"
"816663","Shooting Permit","10/23/2024 07:00:00 AM","10/24/2024 12:01:00 PM","10/17/2024 03:51:09 PM","Mayor's Office of Media & Entertainment","SURF AVENUE between WEST    5 STREET and WEST   12 STREET,  WEST   10 STREET between SURF AVENUE and RIEGELMANN BOARDWALK,  WEST   15 STREET between SURF AVENUE and RIEGELMANN BOARDWALK,  WEST   15 STREET between SURF AVENUE and MERMAID AVENUE,  EMMONS AVENUE between HARING STREET and FORD STREET,  WEST 12 STREET between SURF AVENUE and RIEGELMANN BOARDWALK,  WEST   12 STREET between SURF AVENUE and NEPTUNE AVENUE,  SURF AVENUE between STILLWELL AVENUE and JONES WALK,  EMMONS AVENUE between NOSTRAND AVENUE and HARING STREET,  BRIGHTON   15 STREET between BRIGHTON   14 STREET and BRIGHTON BEACH AVENUE","Brooklyn","13, 15,","60, 61,","Film","Feature","United States of America","11224, 11235,"
"816585","Shooting Permit",,"10/26/2024 01:00:00 AM","10/17/2024 11:23:12 AM","Mayor's Office of Media & Entertainment","COURT STREET between BERGEN STREET and WYCKOFF STREET","Brooklyn","2, 6,","76, 84,","Film","Feature","United States of America","11201,"
"816567","Shooting Permit","10/22/2024 06:00:00 AM","10/22/2024 10:00:00 PM","10/17/2024 10:26:01 AM","Mayor's Office of Media & Entertainment","EMMONS AVENUE between HARING STREET and FORD STREET,  WEST   12 STREET between SURF AVENUE and BOWERY STREET,  WEST   12 STREET between SURF AVENUE and NEPTUNE AVENUE,  SURF AVENUE between WEST   10 STREET and WEST   15 STREET,  STILLWELL AVENUE between SURF AVENUE and BOWERY STREET,  STILLWELL AVENUE between SURF AVENUE and MERMAID AVENUE,  SURF AVENUE between WEST 10TH STREET and WEST 5TH STREET,  WEST   10 STREET between SURF AVENUE and RIEGELMANN BOARDWALK,  WEST   15 STREET between SURF AVENUE and RIEGELMANN BOARDWALK,  WEST   15 STREET between SURF AVENUE and MERMAID AVENUE,  EMMONS AVENUE between NOSTRAND AVENUE and HARING STREET,  SURF AVENUE between WEST   15 STREET and WEST   16 STREET","Brooklyn","13, 15,","60, 61,","Film","Feature","United States of America","11224, 11235,"
"816560","Shooting Permit","10/21/2024 09:00:00 AM","10/21/2024 09:00:00 PM","10/17/2024 09:55:45 AM","Mayor's Office of Media & Entertainment","MARLBOROUGH ROAD between DITMAS AVENUE and DORCHESTER ROAD","Brooklyn","14,","70,","Film","Feature","United States of America","11226,"
"816553","Shooting Permit","10/21/2024 08:00:00 AM","10/21/2024 11:00:00 PM","10/17/2024 09:01:41 AM","Mayor's Office of Media & Entertainment","CALYER STREET between NEWEL STREET and JEWEL STREET,  CALYER STREET between JEWEL STREET and RUSSELL STREET,  JEWEL STREET between CALYER STREET and MESEROLE AVENUE,  HUMBOLDT STREET between CALYER STREET and MESEROLE AVENUE","Brooklyn","1,","94,","Film","Feature","United States of America","11222,"
"816485","Shooting Permit","10/20/2024 03:00:00 AM","10/20/2024 07:00:00 PM","10/16/2024 03:55:51 PM","Mayor's Office of Media & Entertainment","EVERIT STREET between OLD FULTON STREET and DOUGHTY STREET,  VINE STREET between COLUMBIA HEIGHTS and MCKENNY STREET,  NEW DOCK STREET between WATER STREET and DEAD END,  DOCK STREET between WATER STREET and FRONT STREET,  WATER STREET between DOCK STREET and MAIN STREET,  FRONT STREET between DOCK STREET and MAIN STREET","Brooklyn","2,","84,","Film","Feature","United States of America","11201,"
"816426","Shooting Permit","10/20/2024 05:00:00 AM","10/20/2024 10:00:00 AM","10/16/2024 01:40:17 PM","Mayor's Office of Media & Entertainment","WATER STREET between JAY STREET and BRIDGE STREET","Brooklyn","2,","84,","Film","Short","United States of America","11201,"
"816384","Shooting Permit","10/21/2024 06:00:00 AM","10/21/2024 10:00:00 PM","10/16/2024 11:04:37 AM","Mayor's Office of Media & Entertainment","EAGLE STREET between WEST STREET and FRANKLIN STREET,  WEST STREET between EAGLE STREET and GREEN STREET,  FREEMAN STREET between WEST STREET and FRANKLIN STREET","Brooklyn","1,","94,","Film","Feature","United States of America","11222,"
"816316","Shooting Permit","10/19/2024 03:00:00 AM","10/19/2024 06:30:00 PM","10/15/2024 07:15:18 PM","Mayor's Office of Media & Entertainment","EVERIT STREET between OLD FULTON STREET and DOUGHTY STREET,  VINE STREET between COLUMBIA HEIGHTS and MCKENNY STREET,  NEW DOCK STREET between WATER STREET and DEAD END,  DOCK STREET between WATER STREET and FRONT STREET,  WATER STREET between DOCK STREET and MAIN STREET,  FRONT STREET between DOCK STREET and MAIN STREET","Brooklyn","2,","84,","Film","Feature","United States of America","11201,"
"816238","Shooting Permit","10/23/2024 09:00:00 AM","10/24/2024 12:00:00 PM","10/15/2024 01:22:13 PM","Mayor's Office of Media & Entertainment","MARLBOROUGH ROAD between DITMAS AVENUE and DORCHESTER ROAD","Brooklyn","14,","70,","Film","Feature","United States of America","11226, 11230,"
"815714","Shooting Permit","10/27/2024 06:00:00 AM","10/27/2024 10:00:00 PM","10/11/2024 02:28:21 PM","Mayor's Office of Media & Entertainment","44 STREET between 1 AVENUE and 2 AVENUE,  2 AVENUE between 44 STREET and 45 STREET","Brooklyn","7,","72,","Film","Feature","United States of America","11232,"
"815713","Shooting Permit","10/26/2024 06:00:00 AM","10/26/2024 09:00:00 PM","10/11/2024 02:28:06 PM","Mayor's Office of Media & Entertainment","44 STREET between 1 AVENUE and 2 AVENUE,  2 AVENUE between 44 STREET and 45 STREET","Brooklyn","7,","72,","Film","Feature","United States of America","11232,"
"815627","Shooting Permit","10/18/2024 07:00:00 AM","10/18/2024 11:00:00 PM","10/11/2024 09:07:26 AM","Mayor's Office of Media & Entertainment","EAGLE STREET between WEST STREET and FRANKLIN STREET,  WEST STREET between EAGLE STREET and GREEN STREET,  FREEMAN STREET between WEST STREET and FRANKLIN STREET","Brooklyn","1,","94,","Film","Feature","United States of America","11222,"
"815615","Shooting Permit","10/18/2024 10:00:00 AM","10/19/2024 01:00:00 AM","10/10/2024 09:16:11 PM","Mayor's Office of Media & Entertainment","COURT STREET between WYCKOFF STREET and WARREN STREET","Brooklyn","2, 6,","76, 84,","Film","Feature","United States of America","11201,"
"815495","Shooting Permit","10/17/2024 10:30:00 AM","10/18/2024 12:30:00 PM","10/10/2024 01:18:59 PM","Mayor's Office of Media & Entertainment","COURT STREET between WYCKOFF STREET and WARREN STREET","Brooklyn","2, 6,","76, 84,","Film","Feature","United States of America","11201,"
"815494","Shooting Permit","10/16/2024 09:00:00 AM","10/16/2024 11:00:00 PM","10/10/2024 01:13:56 PM","Mayor's Office of Media & Entertainment","COURT STREET between WYCKOFF STREET and WARREN STREET","Brooklyn","2, 6,","76, 84,","Film","Feature","United States of America","11201,"
"815422","Shooting Permit","10/15/2024 08:00:00 AM","10/15/2024 10:00:00 PM","10/09/2024 09:10:18 PM","Mayor's Office of Media & Entertainment","COURT STREET between WYCKOFF STREET and WARREN STREET","Brooklyn","2, 6,","76, 84,","Film","Feature","United States of America","11201,"
"815385","Shooting Permit","10/13/2024 10:00:00 AM","10/13/2024 09:00:00 PM","10/09/2024 05:25:27 PM","Mayor's Office of Media & Entertainment","MADISON STREET between WOODWARD AVENUE and ONDERDONK AVENUE,  WOODBINE STREET between WOODWARD AVENUE and ONDERDONK AVENUE,  WOODBINE STREET between FAIRVIEW AVENUE and WOODWARD AVENUE","Queens","5,","104,","Film","Feature","United States of America","11385, 11432,"
"815317","Shooting Permit","10/13/2024 05:00:00 PM","10/14/2024 07:00:00 AM","10/09/2024 01:31:12 PM","Mayor's Office of Media & Entertainment","BRIGHTON BEACH AVENUE between CONEY ISLAND AVENUE and OCEAN PARKWAY,  WEST BRIGHTON AVENUE between OCEAN PARKWAY and WEST    3 STREET,  WEST    3 STREET between WEST    2 PLACE and WEST BRIGHTON AVENUE,  WEST    2 STREET between WEST    2 PLACE and WEST BRIGHTON AVENUE,  WEST    1 STREET between WEST BRIGHTON AVENUE and SEA BREEZE AVENUE,  CONEY ISLAND AVE between BRIGHTWATER COURT and DEAD END,  OCEAN PARKWAY between OCEAN VIEW AVENUE and WEST BRIGHTON AVENUE,  OCEAN PARKWAY between WEST BRIGHTON AVENUE and SEA BREEZE AVENUE,  OCEAN PARKWAY between BRIGHTON BEACH AVENUE and OCEANVIEW AVENUE,  OCEAN PARKWAY between BRIGHTON BEACH AVENUE and SEA BREEZE AVENUE,  BRIGHTON    1 STREET between BRIGHTON    2 LANE and BRIGHTON    1 COURT","Brooklyn","13,","60,","Film","Feature","United States of America","11224, 11235,"
"815006","Shooting Permit","10/11/2024 06:00:00 AM","10/11/2024 10:00:00 PM","10/07/2024 06:05:28 PM","Mayor's Office of Media & Entertainment","EAGLE STREET between WEST STREET and FRANKLIN STREET,  WEST STREET between EAGLE STREET and GREEN STREET,  FREEMAN STREET between WEST STREET and FRANKLIN STREET","Brooklyn","1,","94,","Film","Feature","United States of America","11222,"
"814894","Shooting Permit","10/11/2024 01:00:00 PM","10/12/2024 04:00:00 AM","10/07/2024 10:51:25 AM","Mayor's Office of Media & Entertainment","70 STREET between 18 AVENUE and 19 AVENUE,  18 AVENUE between 72 STREET and BAY RIDGE AVENUE","Brooklyn","11,","62,","Film","Feature","United States of America","11204,"
"814875","Shooting Permit","10/10/2024 01:00:00 PM","10/11/2024 03:00:00 AM","10/07/2024 09:56:24 AM","Mayor's Office of Media & Entertainment","70 STREET between 18 AVENUE and 19 AVENUE,  18 AVENUE between 72 STREET and BAY RIDGE AVENUE","Brooklyn","11,","62,","Film","Feature","United States of America","11204,"
"814774","Shooting Permit","10/09/2024 11:00:00 AM","10/10/2024 01:00:00 AM","10/04/2024 06:11:42 PM","Mayor's Office of Media & Entertainment","EAST   13 STREET between AVENUE U and AVENUE V,  AVENUE U between EAST   12 STREET and EAST   14 STREET","Brooklyn","15,","61,","Film","Feature","United States of America","11229,"
"814764","Shooting Permit","10/09/2024 06:00:00 AM","10/09/2024 10:00:00 PM","10/04/2024 04:57:13 PM","Mayor's Office of Media & Entertainment","WALLABOUT STREET between CLASSON AVENUE and KENT AVENUE,  KENT AVENUE between WILLIAMSBURG STREET WEST and PARK AVENUE,  FLUSHING AVENUE between TAAFFE PLACE and FRANKLIN AVENUE,  WALLABOUT STREET between KENT AVENUE and FRANKLIN AVENUE,  WEST STREET between MILTON STREET and GREENPOINT AVENUE,  WEST STREET between MILTON STREET and GREENPOINT AVENUE,  GREENPOINT AVENUE between DEAD END and FRANKLIN STREET,  WEST STREET between MILTON STREET and NOBLE STREET,  MILTON STREET between WEST STREET and FRANKLIN STREET,  FRANKLIN STREET between MILTON STREET and NOBLE STREET,  NOBLE STREET between WEST STREET and FRANKLIN STREET,  PARK AVENUE between CLASSON AVENUE and FRANKLIN AVENUE","Brooklyn","1, 3,","79, 90, 94,","Film","Feature","United States of America","11205, 11222, 11249,"
"814745","Shooting Permit","10/08/2024 11:00:00 AM","10/09/2024 03:00:00 AM","10/04/2024 03:34:58 PM","Mayor's Office of Media & Entertainment","WEST STREET between GRAVESEND NECK ROAD and VILLAGE ROAD EAST,  GRAVESEND NECK ROAD between MACDONALD AVENUE and WEST STREET","Brooklyn","15,","61,","Film","Feature","United States of America","11223,"
"814722","Shooting Permit","10/10/2024 06:00:00 AM","10/10/2024 10:00:00 PM","10/04/2024 01:46:35 PM","Mayor's Office of Media & Entertainment","EAGLE STREET between WEST STREET and FRANKLIN STREET,  WEST STREET between EAGLE STREET and GREEN STREET,  FREEMAN STREET between WEST STREET and FRANKLIN STREET","Brooklyn","1,","94,","Film","Feature","United States of America","11222,"
"814626","Shooting Permit","10/07/2024 10:00:00 AM","10/08/2024 12:00:00 PM","10/03/2024 06:17:32 PM","Mayor's Office of Media & Entertainment","12 VILLAGE EAST RD between VILLAGE RD N and GRAVESEND NECK RD,  GRAVESEND NECK ROAD between MCDONALD AVENUE and WEST STREET","Brooklyn","15,","61,","Film","Feature","United States of America","11223,"
"814343","Shooting Permit","10/07/2024 06:00:00 AM","10/07/2024 10:00:00 PM","10/02/2024 11:16:48 AM","Mayor's Office of Media & Entertainment","EAGLE STREET between WEST STREET and FRANKLIN STREET,  WEST STREET between EAGLE STREET and GREEN STREET,  FREEMAN STREET between WEST STREET and FRANKLIN STREET","Brooklyn","1,","94,","Film","Feature","United States of America","11222,"
"814058","Shooting Permit","10/04/2024 05:00:00 PM","10/05/2024 05:00:00 AM","09/30/2024 07:18:25 PM","Mayor's Office of Media & Entertainment","WEST STREET between GRAVESEND NECK ROAD and AVENUE U,  GRAVESEND NECK ROAD between WEST STREET and MCDONALD AVENUE","Brooklyn","15,","61,","Film","Feature","United States of America","11223,"
"814027","Shooting Permit","10/04/2024 06:00:00 AM","10/04/2024 09:00:00 PM","09/30/2024 04:59:18 PM","Mayor's Office of Media & Entertainment","GRANDVIEW AVENUE between STANHOPE STREET and HIMROD STREET,  HIMROD STREET between GRANDVIEW AVENUE and TONSOR STREET","Queens","5,","104,","Film","Feature","United States of America","11385,"
"813944","Shooting Permit","10/03/2024 06:00:00 AM","10/03/2024 09:00:00 PM","09/30/2024 02:15:53 PM","Mayor's Office of Media & Entertainment","HIMROD STREET between GRANDVIEW AVENUE and TONSOR STREET,  GRANDVIEW AVENUE between STANHOPE STREET and HIMROD STREET","Queens","5,","104,","Film","Feature","United States of America","11385,"
"813840","Shooting Permit","10/02/2024 07:00:00 AM","10/02/2024 09:00:00 PM","09/30/2024 07:36:17 AM","Mayor's Office of Media & Entertainment","GRAHAM AVENUE between BROADWAY and DEBEVOISE STREET,  GRAHAM AVENUE between DEBEVOISE STREET and COOK STREET,  DEBEVOISE STREET between GRAHAM AVENUE and HUMBOLT STREET","Brooklyn","1, 3,","81, 90,","Film","Feature","United States of America","11206,"
"813442","Shooting Permit","09/28/2024 08:00:00 AM","09/28/2024 10:00:00 PM","09/25/2024 08:11:55 PM","Mayor's Office of Media & Entertainment","BEDFORD AVENUE between GRAND STREET and METROPOLITAN AVENUE,  NORTH    1 STREET between BERRY STREET and BEDFORD AVENUE","Brooklyn","1,","90,","Film","Feature","United States of America","11211, 11249,"
"813438","Shooting Permit","09/27/2024 09:00:00 AM","09/27/2024 09:00:00 PM","09/25/2024 07:54:49 PM","Mayor's Office of Media & Entertainment","BEDFORD AVENUE between GRAND STREET and METROPOLITAN AVENUE,  NORTH    1 STREET between BERRY STREET and BEDFORD AVENUE","Brooklyn","1,","90,","Film","Feature","United States of America","11211, 11249,"
"813028","Shooting Permit","09/27/2024 05:00:00 PM","09/28/2024 05:00:00 AM","09/23/2024 11:41:52 PM","Mayor's Office of Media & Entertainment","WEST   10 STREET between SURF AVENUE and BOARDWALK","Brooklyn","13,","60,","Film","Feature","United States of America","11224,"
"812941","Shooting Permit","10/06/2024 08:00:00 AM","10/06/2024 10:00:00 PM","09/23/2024 01:56:35 PM","Mayor's Office of Media & Entertainment","INGRAHAM STREET between STEWART AVENUE and GARDNER AVENUE","Brooklyn","1,","90,","Film","Feature","United States of America","11237,"
"812731","Shooting Permit","09/25/2024 07:00:00 AM","09/25/2024 08:00:00 PM","09/20/2024 06:46:30 PM","Mayor's Office of Media & Entertainment","BEARD STREET between VAN BRUNT STREET and DWIGHT STREET,  VAN BRUNT STREET between REED STREET and REDHOOK SHORE LINE","Brooklyn","6,","76,","Film","Feature","United States of America","11231,"
"812641","Shooting Permit","09/26/2024 10:00:00 AM","09/27/2024 01:00:00 AM","09/20/2024 02:47:57 PM","Mayor's Office of Media & Entertainment","NORTH    1 STREET between BEDFORD AVENUE and BERRY STREET","Brooklyn","1,","90,","Film","Feature","United States of America","11249,"
"812618","Shooting Permit","09/25/2024 09:00:00 AM","09/26/2024 01:00:00 AM","09/20/2024 01:32:53 PM","Mayor's Office of Media & Entertainment","NORTH    1 STREET between BERRY STREET and BEDFORD AVENUE","Brooklyn","1,","90,","Film","Feature","United States of America","11249,"
"812460","Shooting Permit","09/24/2024 01:00:00 PM","09/25/2024 01:00:00 AM","09/19/2024 03:54:17 PM","Mayor's Office of Media & Entertainment","VAN SICKLEN STREET between KINGS HIGHWAY and LLOYD COURT,  VAN SICKLEN STREET between LLOYD COURT and AVENUE S","Brooklyn","11,","62,","Film","Feature","United States of America","11223,"
"812280","Shooting Permit","09/23/2024 10:00:00 AM","09/23/2024 10:00:00 PM","09/19/2024 11:42:50 AM","Mayor's Office of Media & Entertainment","WEST   10 STREET between SURF AVENUE and BOARDWALK","Brooklyn","13,","60,","Film","Feature","United States of America","11224,"
"812204","Shooting Permit","09/23/2024 11:00:00 AM","09/24/2024 01:00:00 AM","09/19/2024 08:45:55 AM","Mayor's Office of Media & Entertainment","VAN DYKE STREET between FERRIS STREET and CONOVER STREET,  DIKEMAN STREET between VAN BRUNT STREET and RICHARDS STREET,  VAN BRUNT STREET between DIKEMAN STREET and COFFEY STREET","Brooklyn","6,","76,","Film","Short","United States of America","11231,"
"811927","Shooting Permit","09/24/2024 08:00:00 AM","09/24/2024 10:00:00 PM","09/17/2024 07:14:49 PM","Mayor's Office of Media & Entertainment","STEWART AVENUE between JOHNSON AVENUE and FLUSHING AVENUE","Brooklyn","1,","90,","Film","Feature","United States of America","11237,"
"811926","Shooting Permit","09/23/2024 08:00:00 AM","09/23/2024 10:00:00 PM","09/17/2024 07:04:49 PM","Mayor's Office of Media & Entertainment","STEWART AVENUE between JOHNSON AVENUE and FLUSHING AVENUE","Brooklyn","1,","90,","Film","Feature","United States of America","11237,"
"811922","Shooting Permit","09/22/2024 08:00:00 AM","09/22/2024 10:00:00 PM","09/17/2024 06:24:47 PM","Mayor's Office of Media & Entertainment","STEWART AVENUE between JOHNSON AVENUE and FLUSHING AVENUE","Brooklyn","1,","90,","Film","Feature","United States of America","11237,"
"811918","Shooting Permit","09/21/2024 07:00:00 AM","09/21/2024 10:00:00 PM","09/17/2024 06:07:16 PM","Mayor's Office of Media & Entertainment","GARDNER AVENUE between INGRAHAM STREET and FLUSHING AVENUE","Brooklyn","1,","90,","Film","Feature","United States of America","11237,"
"811877","Shooting Permit","09/22/2024 09:00:00 AM","09/23/2024 08:00:00 PM","09/17/2024 03:58:58 PM","Mayor's Office of Media & Entertainment","41 STREET between 12 AVENUE and 13 AVENUE,  EAST   83 STREET between CHASE COURT and PRESTON COURT","Brooklyn","12, 18,","66, 69,","Film","Short","United States of America","11218, 11236,"
"811735","Shooting Permit","09/20/2024 05:00:00 PM","09/21/2024 05:00:00 AM","09/17/2024 10:52:43 AM","Mayor's Office of Media & Entertainment","WEST STREET between GRAVESEND NECK ROAD and AVENUE U,  GRAVESEND NECK ROAD between EAST    1 STREET and MCDONALD AVENUE","Brooklyn","15,","61,","Film","Feature","United States of America","11223,"
"811620","Shooting Permit","09/22/2024 09:00:00 AM","09/22/2024 11:00:00 PM","09/16/2024 04:24:16 PM","Mayor's Office of Media & Entertainment","190 STREET between RADNOR ROAD and ABERDEEN ROAD,  ABERDEEN ROAD between 190 STREET and 189 STREET","Queens","8,","107,","Film","Feature","United States of America","11423,"
"811618","Shooting Permit","09/21/2024 10:00:00 AM","09/22/2024 02:00:00 AM","09/16/2024 04:18:22 PM","Mayor's Office of Media & Entertainment","190 STREET between RADNOR ROAD and ABERDEEN ROAD,  ABERDEEN ROAD between 189 STREET and 190 STREET","Queens","8,","107,","Film","Feature","United States of America","11423,"
"811616","Shooting Permit","09/20/2024 10:00:00 AM","09/21/2024 01:00:00 AM","09/16/2024 04:12:42 PM","Mayor's Office of Media & Entertainment","190 STREET between RADNOR ROAD and ABERDEEN ROAD,  ABERDEEN ROAD between 190 STREET and 189 STREET","Queens","8,","107,","Film","Feature","United States of America","11423,"
"811614","Shooting Permit","09/19/2024 09:00:00 AM","09/19/2024 11:00:00 PM","09/16/2024 04:01:51 PM","Mayor's Office of Media & Entertainment","190 STREET between RADNOR ROAD and ABERDEEN ROAD,  ABERDEEN ROAD between 190 STREET and 189 STREET","Queens","8,","107,","Film","Feature","United States of America","11423,"
"811613","Shooting Permit","09/18/2024 09:00:00 AM","09/18/2024 10:00:00 PM","09/16/2024 03:54:41 PM","Mayor's Office of Media & Entertainment","190 STREET between RADNOR ROAD and ABERDEEN ROAD,  ABERDEEN ROAD between 189 STREET and 190 STREET","Queens","8,","107,","Film","Feature","United States of America","11423,"
"811579","Shooting Permit","09/18/2024 07:00:00 AM","09/18/2024 10:00:00 PM","09/16/2024 02:45:29 PM","Mayor's Office of Media & Entertainment","WEIRFIELD STREET between WYCKOFF AVENUE and CYPRESS AVENUE","Queens","5,","104,","Film","Feature","United States of America","11385,"
"811253","Shooting Permit","09/17/2024 07:00:00 AM","09/17/2024 10:00:00 PM","09/14/2024 09:58:44 AM","Mayor's Office of Media & Entertainment","WEIRFIELD STREET between WYCKOFF AVENUE and CYPRESS AVENUE","Queens","5,","104,","Film","Feature","United States of America","11385,"
"811031","Shooting Permit","09/16/2024 10:00:00 AM","09/17/2024 01:00:00 AM","09/13/2024 09:38:16 AM","Mayor's Office of Media & Entertainment","POLY PLACE between 14 AVENUE and 7 AVENUE","Brooklyn","10, 11,","62, 68,","Film","Feature","United States of America","11209, 11228,"
"810681","Shooting Permit","09/19/2024 10:00:00 AM","09/20/2024 02:00:00 AM","09/11/2024 01:56:59 PM","Mayor's Office of Media & Entertainment","EAGLE STREET between FRANKLIN STREET and WEST STREET,  WEST STREET between EAGLE STREET and GREEN STREET,  FREEMAN STREET between WEST STREET and FRANKLIN STREET","Brooklyn","1,","94,","Film","Feature","United States of America","11222,"
"810664","Shooting Permit","09/18/2024 09:00:00 AM","09/19/2024 01:00:00 AM","09/11/2024 01:00:37 PM","Mayor's Office of Media & Entertainment","EAGLE STREET between FRANKLIN STREET and WEST STREET,  WEST STREET between EAGLE STREET and GREEN STREET,  FREEMAN STREET between WEST STREET and FRANKLIN STREET","Brooklyn","1,","94,","Film","Feature","United States of America","11222,"
"810328","Shooting Permit","09/17/2024 07:00:00 AM","09/17/2024 11:00:00 PM","09/10/2024 10:10:45 AM","Mayor's Office of Media & Entertainment","EAGLE STREET between FRANKLIN STREET and WEST STREET,  WEST STREET between EAGLE STREET and GREEN STREET,  FREEMAN STREET between WEST STREET and FRANKLIN STREET","Brooklyn","1,","94,","Film","Feature","United States of America","11222,"
"809889","Shooting Permit","09/16/2024 06:00:00 AM","09/16/2024 10:00:00 PM","09/06/2024 05:54:54 PM","Mayor's Office of Media & Entertainment","EAGLE STREET between FRANKLIN STREET and WEST STREET,  WEST STREET between EAGLE STREET and GREEN STREET,  FREEMAN STREET between WEST STREET and FRANKLIN STREET","Brooklyn","1,","94,","Film","Feature","United States of America","11222,"
"809871","Shooting Permit","09/13/2024 07:00:00 AM","09/13/2024 11:00:00 PM","09/06/2024 04:47:52 PM","Mayor's Office of Media & Entertainment","EAGLE STREET between FRANKLIN STREET and WEST STREET,  WEST STREET between EAGLE STREET and FREEMAN STREET,  FREEMAN STREET between FRANKLIN STREET and WEST STREET","Brooklyn","1,","94,","Film","Feature","United States of America","11222,"
"809870","Shooting Permit","09/12/2024 07:00:00 AM","09/12/2024 11:00:00 PM","09/06/2024 04:45:39 PM","Mayor's Office of Media & Entertainment","EAGLE STREET between FRANKLIN STREET and WEST STREET,  WEST STREET between EAGLE STREET and FREEMAN STREET,  FREEMAN STREET between WEST STREET and FRANKLIN STREET","Brooklyn","1,","94,","Film","Feature","United States of America","11222,"
"809732","Shooting Permit","09/11/2024 07:00:00 AM","09/11/2024 11:00:00 PM","09/06/2024 11:21:18 AM","Mayor's Office of Media & Entertainment","EAGLE STREET between FRANKLIN STREET and WEST STREET,  WEST STREET between EAGLE STREET and FREEMAN STREET,  FREEMAN STREET between FRANKLIN STREET and WEST STREET","Brooklyn","1,","94,","Film","Feature","United States of America","11222,"
"809516","Shooting Permit","09/16/2024 06:00:00 AM","09/16/2024 11:30:00 PM","09/05/2024 03:33:30 PM","Mayor's Office of Media & Entertainment","MADISON STREET between NOSTRAND AVENUE and MARCY AVENUE","Brooklyn","3,","79,","Film","Short","United States of America","11216,"
"809208","Shooting Permit","09/10/2024 06:00:00 AM","09/10/2024 10:00:00 PM","09/04/2024 01:56:19 PM","Mayor's Office of Media & Entertainment","EAGLE STREET between FRANKLIN STREET and WEST STREET,  WEST STREET between EAGLE STREET and FREEMAN STREET,  FREEMAN STREET between FRANKLIN STREET and WEST STREET","Brooklyn","1,","94,","Film","Feature","United States of America","11222,"
"809126","Shooting Permit","09/09/2024 06:00:00 AM","09/09/2024 10:00:00 PM","09/04/2024 10:45:13 AM","Mayor's Office of Media & Entertainment","EAGLE STREET between FRANKLIN STREET and WEST STREET,  WEST STREET between EAGLE STREET and FREEMAN STREET,  FREEMAN STREET between WEST STREET and FRANKLIN STREET","Brooklyn","1,","94,","Film","Feature","United States of America","11222,"
"808983","Shooting Permit","09/26/2024 07:00:00 AM","09/26/2024 08:00:00 PM","09/03/2024 05:19:27 PM","Mayor's Office of Media & Entertainment","DEAN STREET between CLASSON AVENUE and FRANKLIN AVENUE","Brooklyn","8,","77,","Film","Feature","United States of America","11238,"
"808227","Shooting Permit","09/04/2024 06:30:00 AM","09/04/2024 06:00:00 PM","08/30/2024 03:00:16 PM","Mayor's Office of Media & Entertainment","19 STREET between 23 AVENUE and 23 DRIVE","Queens","1,","114,","Film","Short","United States of America","11105,"
"808178","Shooting Permit","09/01/2024 06:00:00 AM","09/01/2024 08:00:00 PM","08/30/2024 11:40:24 AM","Mayor's Office of Media & Entertainment","HALSEY STREET between BEDFORD AVENUE and NOSTRAND AVENUE","Brooklyn","3,","79,","Film","Short","United States of America","11216,"
"808093","Shooting Permit","09/04/2024 07:00:00 AM","09/04/2024 09:00:00 PM","08/29/2024 05:54:00 PM","Mayor's Office of Media & Entertainment","KINGSLAND AVENUE between GREENPOINT AVENUE and NORMAN AVENUE,  MONITOR STREET between GREENPOINT AVENUE and NORMAN AVENUE","Brooklyn","1,","94,","Film","Feature","United States of America","11222,"
"807366","Shooting Permit","09/02/2024 08:00:00 AM","09/02/2024 06:00:00 PM","08/26/2024 10:25:07 AM","Mayor's Office of Media & Entertainment","SEAVIEW AVENUE between DEAD END and EAST  108 STREET","Brooklyn","18,","69,","Film","Short","United States of America","11236,"
"807362","Shooting Permit","09/01/2024 08:00:00 AM","09/01/2024 06:00:00 PM","08/26/2024 10:20:43 AM","Mayor's Office of Media & Entertainment","SEAVIEW AVENUE between DEAD END and EAST  108 STREET","Brooklyn","18,","69,","Film","Short","United States of America","11236,"
"807360","Shooting Permit","08/31/2024 08:00:00 AM","08/31/2024 04:00:00 PM","08/26/2024 10:12:37 AM","Mayor's Office of Media & Entertainment","SEAVIEW AVENUE between DEAD END and EAST  108 STREET","Brooklyn","18,","69,","Film","Short","United States of America","11236,"
"806796","Shooting Permit","08/25/2024 07:00:00 AM","08/25/2024 09:00:00 PM","08/21/2024 03:09:43 PM","Mayor's Office of Media & Entertainment","14 STREET between 4 AVENUE and 3 AVENUE","Brooklyn","6, 7,","72, 78,","Film","Short","United States of America","11215, 11218,"
"806358","Shooting Permit","08/28/2024 10:00:00 AM","08/28/2024 10:00:00 PM","08/19/2024 05:06:07 PM","Mayor's Office of Media & Entertainment","KINGSTON AVENUE between LINCOLN PLACE and EASTERN PARKWAY","Brooklyn","8,","77,","Film","Short","United States of America","11213,"
"805181","Shooting Permit","08/15/2024 06:00:00 AM","08/15/2024 08:00:00 PM","08/12/2024 06:11:57 PM","Mayor's Office of Media & Entertainment","EMMONS AVENUE between HARING STREET and FORD STREET","Brooklyn","15,","61,","Film","Feature","United States of America","11235,"
"804041","Shooting Permit","08/09/2024 11:00:00 AM","08/10/2024 02:00:00 AM","08/06/2024 01:36:59 PM","Mayor's Office of Media & Entertainment","NORTHERN BOULEVARD between LINDEN PLACE and LEAVITT STREET,  CARLTON PLACE between LEAVITT STREET and LINDEN PLACE","Queens","7,","109,","Film","Feature","United States of America","11354,"
"803542","Rigging Permit","08/04/2024 06:00:00 AM","08/05/2024 07:00:00 PM","08/02/2024 02:24:51 PM","Mayor's Office of Media & Entertainment","NORTH HENRY STREET between MESEROLE AVENUE and GREENPOINT AVENUE","Brooklyn","1,","94,","Film","Feature","United States of America","11222,"
"803110","Shooting Permit","08/01/2024 01:00:00 PM","08/02/2024 03:00:00 AM","07/31/2024 03:24:25 PM","Mayor's Office of Media & Entertainment","NORTH HENRY STREET between MESEROLE AVENUE and GREENPOINT AVENUE","Brooklyn","1,","94,","Film","Feature","United States of America","11222,"
"802608","Shooting Permit","08/05/2024 08:00:00 AM","08/05/2024 11:00:00 PM","07/29/2024 02:30:45 PM","Mayor's Office of Media & Entertainment","BELL BOULEVARD between 47 AVENUE and 48 AVENUE,  BROADWAY between PETTIT AVENUE and BRITTON AVENUE","Queens","11, 4,","110, 111,","Film","Feature","United States of America","11361, 11373,"
"802506","Shooting Permit","07/31/2024 06:00:00 AM","07/31/2024 08:00:00 PM","07/29/2024 01:02:28 AM","Mayor's Office of Media & Entertainment","EAST   23 STREET between OLEAN STREET and BAY AVENUE","Brooklyn","14,","70,","Film","Short","United States of America","11210,"
"802356","Shooting Permit","08/01/2024 06:00:00 AM","08/01/2024 08:00:00 PM","07/26/2024 05:14:40 PM","Mayor's Office of Media & Entertainment","PARK AVENUE between FRANKLIN AVENUE and SKILLMAN STREET,  RUTLEDGE STREET between LEE AVENUE and BEDFORD AVENUE,  MARCY AVENUE between KEAP STREET and HEWES STREET","Brooklyn","1, 3,","79, 90,","Film","Short","United States of America","11205, 11211,"
"801779","Shooting Permit","08/04/2024 07:00:00 AM","08/04/2024 11:55:00 PM","07/24/2024 11:12:07 AM","Mayor's Office of Media & Entertainment","WYCKOFF STREET between SMITH STREET and HOYT STREET","Brooklyn","2,","84,","Film","Feature","United States of America","11201,"
"801661","Rigging Permit","08/01/2024 07:00:00 AM","08/02/2024 09:00:00 PM","07/23/2024 04:38:53 PM","Mayor's Office of Media & Entertainment","NORTH HENRY STREET between GREENPOINT AVENUE and MESEROLE AVENUE","Brooklyn","1,","94,","Film","Feature","United States of America","11222,"
"801660","Shooting Permit","07/31/2024 07:00:00 AM","07/31/2024 09:00:00 PM","07/23/2024 04:33:22 PM","Mayor's Office of Media & Entertainment","NORTH HENRY STREET between GREENPOINT AVENUE and MESEROLE AVENUE","Brooklyn","1,","94,","Film","Feature","United States of America","11222,"
"801659","Shooting Permit","07/30/2024 07:00:00 AM","07/30/2024 09:00:00 PM","07/23/2024 04:29:23 PM","Mayor's Office of Media & Entertainment","NORTH HENRY STREET between GREENPOINT AVENUE and MESEROLE AVENUE","Brooklyn","1,","94,","Film","Feature","United States of America","11222,"
"801656","Shooting Permit","07/29/2024 07:00:00 AM","07/29/2024 09:00:00 PM","07/23/2024 04:25:21 PM","Mayor's Office of Media & Entertainment","NORTH HENRY STREET between GREENPOINT AVENUE and MESEROLE AVENUE","Brooklyn","1,","94,","Film","Feature","United States of America","11222,"
"801362","Shooting Permit","08/03/2024 02:00:00 AM","08/03/2024 02:00:00 PM","07/22/2024 02:32:57 PM","Mayor's Office of Media & Entertainment","COLUMBIA HEIGHTS between DOUGHTY STREET and VINE STREET","Brooklyn","2,","84,","Film","Short","United States of America","11201,"
"801353","Shooting Permit","08/02/2024 09:00:00 AM","08/02/2024 09:00:00 PM","07/22/2024 02:05:17 PM","Mayor's Office of Media & Entertainment","COLUMBIA HEIGHTS between DOUGHTY STREET and VINE STREET","Brooklyn","2,","84,","Film","Short","United States of America","11201,"
"801332","Rigging Permit","07/23/2024 07:00:00 AM","07/26/2024 08:00:00 PM","07/22/2024 01:26:38 PM","Mayor's Office of Media & Entertainment","NORTH HENRY STREET between GREENPOINT AVENUE and MESEROLE AVENUE","Brooklyn","1,","94,","Film","Feature","United States of America","11222,"
"801154","Shooting Permit","07/30/2024 09:15:00 PM","07/31/2024 05:15:00 AM","07/22/2024 07:16:29 AM","Mayor's Office of Media & Entertainment","WYCKOFF AVENUE between TROUTMAN STREET and JEFFERSON STREET","Brooklyn","4,","83,","Film","Feature","United States of America","11237,"
"799774","Shooting Permit","07/22/2024 11:00:00 AM","07/22/2024 11:00:00 PM","07/18/2024 01:12:50 PM","Mayor's Office of Media & Entertainment","WYCKOFF STREET between BOND STREET and HOYT STREET","Brooklyn","2, 6,","76, 84,","Film","Short","United States of America","11217,"
"799521","Shooting Permit","07/20/2024 08:00:00 AM","07/20/2024 08:00:00 PM","07/17/2024 02:30:14 PM","Mayor's Office of Media & Entertainment","BAY STREET between OTSEGO STREET and COLUMBIA STREET","Brooklyn","6,","76,","Film","Short","United States of America","11231,"
"799376","Shooting Permit","07/21/2024 08:00:00 AM","07/21/2024 10:00:00 PM","07/16/2024 10:06:32 PM","Mayor's Office of Media & Entertainment","9 AVENUE between 39 STREET and 40 STREET","Brooklyn","12,","66,","Film","Feature","United States of America","11219, 11232,"
"798145","Shooting Permit","07/21/2024 08:00:00 AM","07/21/2024 08:00:00 PM","07/10/2024 07:21:38 PM","Mayor's Office of Media & Entertainment","COFFEY STREET between OTSEGO STREET and DWIGHT STREET","Brooklyn","6,","76,","Film","Short","United States of America","11231,"
"798144","Shooting Permit","07/19/2024 10:00:00 AM","07/19/2024 10:00:00 PM","07/10/2024 07:13:07 PM","Mayor's Office of Media & Entertainment","EAST   22 STREET between BEVERLY ROAD and DURYEA PLACE","Brooklyn","14,","70,","Film","Short","United States of America","11226,"
"796054","Shooting Permit","06/30/2024 09:00:00 AM",,"06/28/2024 10:44:39 AM","Mayor's Office of Media & Entertainment","GARDNER AVENUE between GRAND STREET and METROPOLITAN AVENUE","Brooklyn","1,","90,","Film","Short","United States of America","11211,"
"795990","Shooting Permit","07/01/2024 01:00:00 AM","07/01/2024 07:00:00 PM","06/27/2024 05:30:07 PM","Mayor's Office of Media & Entertainment","HOOPER STREET between SOUTH    1 STREET and CARLOS M MORALES WAY","Brooklyn","1,","90,","Film","Short","United States of America","11211,"
"795181","Shooting Permit","07/01/2024 06:00:00 AM","07/01/2024 09:00:00 PM","06/24/2024 02:06:33 PM","Mayor's Office of Media & Entertainment","DRIGGS AVENUE between NORTH    5 STREET and NORTH    6 STREET,  DRIGGS AVENUE between NORTH    4 STREET and NORTH    5 STREET","Brooklyn","1,","94,","Film","Feature","United States of America","11211,"
"794698","Shooting Permit","06/26/2024 05:00:00 PM","06/27/2024 07:00:00 AM","06/21/2024 11:06:53 AM","Mayor's Office of Media & Entertainment","211 STREET between 45 ROAD and 45 DRIVE","Queens","11,","111,","Film","Feature","United States of America","11361,"
"794465","Shooting Permit","06/27/2024 08:00:00 AM","06/27/2024 11:00:00 PM","06/20/2024 10:49:37 AM","Mayor's Office of Media & Entertainment","WILLOUGHBY AVENUE between WYCKOFF AVENUE and IRVING AVENUE","Brooklyn","4,","83,","Film","Feature","United States of America","11237,"
"794464","Shooting Permit","06/26/2024 07:00:00 AM","06/26/2024 09:00:00 PM","06/20/2024 10:44:20 AM","Mayor's Office of Media & Entertainment","WILLOUGHBY AVENUE between IRVING AVENUE and WYCKOFF AVENUE","Brooklyn","4,","83,","Film","Feature","United States of America","11237,"
"793722","Shooting Permit",,"06/20/2024 04:00:00 AM","06/17/2024 11:01:29 AM","Mayor's Office of Media & Entertainment","BUTLER STREET between 3 AVENUE and 4 AVENUE,  BALTIC STREET between 3 AVENUE and 4 AVENUE,  DOUGLASS STREET between NEVINS STREET and 3 AVENUE,  4 AVENUE between BALTIC STREET and DOUGLASS STREET,  3 AVENUE between BALTIC STREET and DOUGLASS STREET","Brooklyn","6,","78,","Film","Feature","United States of America","11217,"
"793379","Shooting Permit","06/20/2024 06:30:00 AM","06/20/2024 08:30:00 PM","06/14/2024 05:12:25 PM","Mayor's Office of Media & Entertainment","INGRAHAM STREET between PORTER AVENUE and KNICKERBOCKER AVENUE,  PORTER AVENUE between INGRAHAM STREET and HARRISON PLACE","Brooklyn","1,","90,","Film","Feature","United States of America","11237,"
"792845","Shooting Permit",,"06/16/2024 03:00:00 AM","06/13/2024 02:38:38 PM","Mayor's Office of Media & Entertainment","BUTLER STREET between 3 AVENUE and 4 AVENUE,  BALTIC STREET between 3 AVENUE and 4 AVENUE,  BUTLER STREET between NEVINS STREET and 3 AVENUE,  DOUGLASS STREET between NEVINS STREET and 3 AVENUE,  3 AVENUE between BALTIC STREET and DOUGLASS STREET,  4 AVENUE between BALTIC STREET and DOUGLASS STREET","Brooklyn","6,","78,","Film","Feature","United States of America","11217,"
"792682","Shooting Permit","06/18/2024 10:00:00 AM","06/19/2024 03:00:00 AM","06/12/2024 09:18:53 PM","Mayor's Office of Media & Entertainment","BUTLER STREET between NEVINS STREET and 4 AVENUE,  BALTIC STREET between 3 AVENUE and 4 AVENUE,  DOUGLASS STREET between NEVINS STREET and 3 AVENUE,  3 AVENUE between BALTIC STREET and DOUGLASS STREET,  4 AVENUE between BALTIC STREET and DOUGLASS STREET","Brooklyn","6,","78,","Film","Feature","United States of America","11217,"
"792681","Shooting Permit","06/17/2024 10:00:00 AM","06/18/2024 03:00:00 AM","06/12/2024 09:09:59 PM","Mayor's Office of Media & Entertainment","BUTLER STREET between NEVINS STREET and 4 AVENUE,  BALTIC STREET between 3 AVENUE and 4 AVENUE,  DOUGLASS STREET between NEVINS STREET and 3 AVENUE,  3 AVENUE between BALTIC STREET and DOUGLASS STREET,  4 AVENUE between BALTIC STREET and DOUGLASS STREET","Brooklyn","6,","78,","Film","Feature","United States of America","11217,"
"792201","Shooting Permit","06/22/2024 07:00:00 AM","06/22/2024 09:00:00 PM","06/11/2024 02:40:04 PM","Mayor's Office of Media & Entertainment","EAST   17 STREET between AVENUE M and AVENUE N","Brooklyn","14,","70,","Film","Short","United States of America","11230,"
"791207","Shooting Permit","06/11/2024 08:00:00 AM","06/11/2024 09:00:00 PM","06/06/2024 10:29:59 PM","Mayor's Office of Media & Entertainment","WILLOUGHBY AVENUE between WYCKOFF AVENUE and IRVING AVENUE","Brooklyn","4,","83,","Film","Feature","United States of America","11237,"
"791202","Shooting Permit","06/10/2024 07:00:00 AM","06/10/2024 10:00:00 PM","06/06/2024 10:14:39 PM","Mayor's Office of Media & Entertainment","WILLOUGHBY AVENUE between WYCKOFF AVENUE and IRVING AVENUE","Brooklyn","4,","83,","Film","Feature","United States of America","11237,"
"788311","Shooting Permit","06/05/2024 09:00:00 AM","06/05/2024 10:00:00 PM","05/30/2024 10:01:05 AM","Mayor's Office of Media & Entertainment","DEVOE STREET between MORGAN AVENUE and CATHERINE STREET","Brooklyn","1,","90,","Film","Feature","United States of America","11211,"
"788113","Shooting Permit","06/08/2024 07:00:00 AM","06/08/2024 08:00:00 PM","05/29/2024 02:25:18 PM","Mayor's Office of Media & Entertainment","PARK LN SOUTH between MYRTLE AVENUE and PARK LN SOUTH","Queens","5, 6, 82, 9,","102, 75,","Film","Short","United States of America","11375, 11385, 11415, 11418, 11421,"
"788054","Shooting Permit","06/03/2024 07:00:00 AM","06/03/2024 09:00:00 PM","05/29/2024 11:58:35 AM","Mayor's Office of Media & Entertainment","CONSELYEA STREET between MANHATTAN AVENUE and LEONARD STREET","Brooklyn","1,","94,","Film","Feature","United States of America","11211,"
"788003","Shooting Permit","06/05/2024 08:30:00 AM","06/05/2024 10:00:00 PM","05/29/2024 10:41:40 AM","Mayor's Office of Media & Entertainment","6 AVENUE between 55 STREET and 56 STREET,  55 STREET between 5 AVENUE and 6 AVENUE,  6 AVENUE between 56 STREET and 57 STREET,  6 AVENUE between 45 STREET and 46 STREET,  46 STREET between 6 AVENUE and 7 AVENUE,  45 STREET between 6 AVENUE and 7 AVENUE,  6 AVENUE between 45 STREET and 44 STREET,  44 STREET between 6 AVENUE and 7 AVENUE","Brooklyn","7,","72,","Film","Feature","United States of America","11220,"
"787987","Shooting Permit","06/07/2024 08:30:00 AM","06/07/2024 08:30:00 PM","05/29/2024 10:06:45 AM","Mayor's Office of Media & Entertainment","WEST   21 STREET between SURF AVENUE and BOARDWALK WEST","Brooklyn","13,","60,","Film","Short","United States of America","11224,"
"787799","Shooting Permit","05/31/2024 11:00:00 AM","05/31/2024 11:59:00 PM","05/28/2024 03:57:02 PM","Mayor's Office of Media & Entertainment","NEVINS STREET between BUTLER STREET and BERGEN STREET,  WARREN STREET between BOND STREET and NEVINS STREET,  3 AVENUE between DEGRAW STREET and BUTLER STREET,  3 AVENUE between WARREN STREET and BALTIC STREET,  BUTLER STREET between 3 AVENUE and 4 AVENUE,  BALTIC STREET between 3 AVENUE and 4 AVENUE,  4 AVENUE between DOUGLASS STREET and BALTIC STREET","Brooklyn","2, 6,","76, 78, 84,","Film","Feature","United States of America","11217,"
"787223","Shooting Permit","05/29/2024 07:00:00 AM","05/29/2024 07:00:00 PM","05/24/2024 03:05:15 PM","Mayor's Office of Media & Entertainment","PALMETTO STREET between ONDERDONK AVE and SENECA AVE","Queens","5,","104,","Film","Short","United States of America","11385,"
"787222","Shooting Permit","05/30/2024 07:00:00 AM","05/30/2024 08:00:00 PM","05/24/2024 03:05:13 PM","Mayor's Office of Media & Entertainment","MADISON STREET between FAIRVIEW AVENUE and WOODWARD AVENUE","Queens","5,","104,","Film","Short","United States of America","11385,"
"787221","Shooting Permit","05/31/2024 07:00:00 AM","05/31/2024 08:00:00 PM","05/24/2024 03:05:12 PM","Mayor's Office of Media & Entertainment","MADISON STREET between FAIRVIEW AVENUE and WOODWARD AVENUE","Queens","5,","104,","Film","Short","United States of America","11385,"
"787220","Shooting Permit","06/01/2024 07:00:00 AM","06/01/2024 09:00:00 PM","05/24/2024 03:05:10 PM","Mayor's Office of Media & Entertainment","CYPRESS AVENUE between STARR STREET and WILLOUGHBY AVENUE,  INGRAHAM STREET between STEWART AVENUE and GARDNER AVENUE","Queens","1, 4, 5,","104, 83, 90,","Film","Short","United States of America","11237, 11385,"
"787219","Shooting Permit","06/02/2024 07:00:00 AM","06/02/2024 09:00:00 PM","05/24/2024 03:05:09 PM","Mayor's Office of Media & Entertainment","INGRAHAM STREET between GARDNER AVENUE and STEWART AVENUE","Brooklyn","1,","90,","Film","Short","United States of America","11237,"
"787218","Shooting Permit","06/03/2024 07:00:00 AM","06/03/2024 09:00:00 PM","05/24/2024 03:05:08 PM","Mayor's Office of Media & Entertainment","INGRAHAM STREET between STEWART AVENUE and GARDNER AVENUE","Brooklyn","1,","90,","Film","Short","United States of America","11237,"
"786902","Shooting Permit","05/30/2024 01:00:00 PM","05/31/2024 03:00:00 AM","05/23/2024 02:00:32 PM","Mayor's Office of Media & Entertainment","JORALEMON STREET between CLINTON STREET and SIDNEY PLACE,  CLINTON STREET between LIVINGSTON STREET and JORALEMON STREET,  CLINTON STREET between JORALEMON STREET and REMSEN STREET,  CLINTON STREET between REMSEN STREET and MONTAGUE STREET,  REMSEN STREET between CLINTON STREET and COURT STREET,  CADMAN PLAZA WEST between TILLARY STREET and MIDDAGH STREET","Brooklyn","2,","84,","Film","Feature","United States of America","11201,"
"786420","Shooting Permit","05/31/2024 10:00:00 AM","05/31/2024 10:00:00 PM","05/21/2024 10:38:44 PM","Mayor's Office of Media & Entertainment","34 AVENUE between 81 STREET and 82 STREET","Queens","3,","115,","Film","Feature","United States of America","11372,"
"785916","Shooting Permit","05/28/2024 07:00:00 AM","05/28/2024 07:00:00 PM","05/20/2024 01:02:40 PM","Mayor's Office of Media & Entertainment","METROPOLITAN AVENUE between 72 AVENUE and 72 ROAD","Queens","6,","112,","Film","Feature","United States of America","11375,"
"785469","Shooting Permit","05/22/2024 07:00:00 AM","05/22/2024 09:00:00 PM","05/17/2024 02:06:45 PM","Mayor's Office of Media & Entertainment","34 AVENUE between 81 STREET and 82 STREET","Queens","3,","115,","Film","Feature","United States of America","11372,"
"785461","Shooting Permit","05/19/2024 05:00:00 AM",,"05/17/2024 01:56:13 PM","Mayor's Office of Media & Entertainment","CADMAN PLAZA WEST between MIDDAGH STREET and TILLARY STREET,  TILLARY STREET between CADMAN PLAZA WEST and CADMAN PLAZA EAST,  EAST  135 STREET between ALEXANDER AVENUE and BROWN PLACE","Brooklyn","1, 2,","40, 84,","Film","Feature","United States of America","10454, 11201,"
"784707","Shooting Permit","05/20/2024 07:00:00 AM","05/20/2024 08:00:00 PM","05/15/2024 10:26:18 AM","Mayor's Office of Media & Entertainment","WOODHULL STREET between HENRY STREET and HICKS STREET","Brooklyn","6,","76,","Film","Short","United States of America","11231,"
"784246","Shooting Permit","05/21/2024 07:00:00 AM","05/21/2024 07:00:00 PM","05/13/2024 05:06:06 PM","Mayor's Office of Media & Entertainment","81 STREET between 34 AVENUE and 35 AVENUE","Queens","3,","115,","Film","Feature","United States of America","11372,"
"784245","Shooting Permit","05/20/2024 07:00:00 AM","05/20/2024 07:00:00 PM","05/13/2024 05:06:04 PM","Mayor's Office of Media & Entertainment","81 STREET between 34 AVENUE and 35 AVENUE","Queens","3,","115,","Film","Feature","United States of America","11370, 11372,"
"784032","Shooting Permit","05/15/2024 07:00:00 AM","05/15/2024 07:00:00 PM","05/13/2024 11:09:26 AM","Mayor's Office of Media & Entertainment","WILLOUGHBY STREET between FLEET PLACE and ASHLAND PLACE,  ASHLAND PLACE between WILLOUGHBY STREET and DEKALB AVENUE,  ASHLAND PLACE between WILLOUGHBY STREET and MYRTLE AVENUE,  LAFAYETTE AVENUE between VANDERBILT AVENUE and CLERMONT AVENUE,  CLERMONT AVENUE between LAFAYETTE AVENUE and DEKALB AVENUE","Brooklyn","2,","88,","Film","Feature","United States of America","11201, 11205, 11238,"
"783722","Shooting Permit","05/21/2024 07:00:00 AM","05/21/2024 08:00:00 PM","05/10/2024 02:58:11 PM","Mayor's Office of Media & Entertainment","WEST   27 STREET between SURF AVENUE and BOARDWALK WEST","Brooklyn","13,","60,","Film","Short","United States of America","11224,"
"783461","Shooting Permit","05/14/2024 07:00:00 PM","05/15/2024 02:00:00 AM","05/09/2024 03:24:25 PM","Mayor's Office of Media & Entertainment","CONEY ISLAND AVENUE between CORTELYOU ROAD and DORCHESTER ROAD,  CONEY ISLAND AVENUE between DORCHESTER ROAD and DITMAS AVENUE","Brooklyn","12, 14, 6,","66, 70, 78,","Film","Feature","United States of America","11215, 11218,"
"783161","Shooting Permit","05/14/2024 06:00:00 AM","05/14/2024 08:00:00 PM","05/08/2024 04:01:48 PM","Mayor's Office of Media & Entertainment","10 STREET between 43 ROAD and 44 AVENUE,  9 STREET between 43 ROAD and 44 AVENUE,  44 AVENUE between 9 STREET and 10 STREET,  10 STREET between 43 ROAD and 43 AVENUE,  21 STREET between 44 ROAD and 44 AVENUE,  21 STREET between 44 AVENUE and 43 AVENUE,  43 AVENUE between 13 STREET and 21 STREET,  21 STREET between QUEENS PLAZA SOUTH and 43 AVENUE","Queens","2,","108,","Film","Feature","United States of America","11101,"
"783160","Shooting Permit","05/13/2024 06:00:00 AM","05/13/2024 08:00:00 PM","05/08/2024 04:01:33 PM","Mayor's Office of Media & Entertainment","10 STREET between 43 ROAD and 44 AVENUE,  9 STREET between 43 ROAD and 44 AVENUE,  44 AVENUE between 10 STREET and 9 STREET,  10 STREET between 43 ROAD and 43 AVENUE,  21 STREET between 44 ROAD and 44 AVENUE,  21 STREET between 44 AVENUE and 43 AVENUE,  43 AVENUE between 13 STREET and 21 STREET,  21 STREET between QUEENS PLAZA SOUTH and 43 AVENUE","Queens","2,","108,","Film","Feature","United States of America","11101,"
"783023","Shooting Permit","05/17/2024 06:00:00 AM","05/17/2024 09:00:00 PM","05/08/2024 11:50:45 AM","Mayor's Office of Media & Entertainment","WILLOUGHBY AVENUE between WYCKOFF AVENUE and IRVING AVENUE","Brooklyn","4,","83,","Film","Short","United States of America","11237,"
"782505","Shooting Permit","05/10/2024 09:00:00 AM","05/10/2024 10:00:00 PM","05/06/2024 05:19:14 PM","Mayor's Office of Media & Entertainment","35 AVENUE between 71 STREET and 72 STREET,  31 STREET between DITMARS BOULEVARD and 21 AVENUE","Queens","1, 3,","114, 115,","Film","Short","Canada","11105, 11372,"
"782299","Shooting Permit","05/08/2024 07:00:00 AM","05/08/2024 08:00:00 PM","05/06/2024 11:51:31 AM","Mayor's Office of Media & Entertainment","DEKALB AVENUE between FORT GREENE PLACE and ASHLAND PLACE,  WILLOUGHBY STREET between FLEET PLACE and ASHLAND PLACE,  ASHLAND PLACE between WILLOUGHBY STREET and DEKALB AVENUE,  WILLOUGHBY STREET between ASHLAND PLACE and ST EDWARDS STREET,  ASHLAND PLACE between WILLOUGHBY STREET and MYRTLE AVENUE,  ST EDWARDS STREET between WILLOUGHBY STREET and MYRTLE AVENUE,  MYRTLE AVENUE between ST EDWARDS STREET and WASHINGTON PARK,  LAFAYETTE AVENUE between VANDERBILT AVENUE and CLERMONT AVENUE,  CLERMONT AVENUE between LAFAYETTE AVENUE and DEKALB AVENUE,  DEKALB AVENUE between FORT GREENE PLACE and SOUTH ELLIOTT PLACE","Brooklyn","2,","88,","Film","Feature","United States of America","11201, 11205, 11217, 11238,"
"781590","Shooting Permit","05/07/2024 08:00:00 AM","05/07/2024 09:00:00 PM","05/02/2024 05:09:46 PM","Mayor's Office of Media & Entertainment","INGRAHAM STREET between STEWART AVENUE and GARDNER AVENUE","Brooklyn","1,","90,","Film","Short","United States of America","11237,"
"781147","Shooting Permit","05/07/2024 07:00:00 AM","05/07/2024 07:00:00 PM","05/01/2024 03:13:01 PM","Mayor's Office of Media & Entertainment","ASHLAND PLACE between DEKALB AVENUE and WILLOUGHBY STREET,  WILLOUGHBY STREET between FLEET PLACE and ASHLAND PLACE,  WILLOUGHBY STREET between ASHLAND PLACE and ST EDWARDS STREET,  ASHLAND PLACE between WILLOUGHBY STREET and MYRTLE AVENUE,  ST EDWARDS STREET between WILLOUGHBY STREET and MYRTLE AVENUE,  MYRTLE AVENUE between ST EDWARDS STREET and WASHINGTON PARK,  LAFAYETTE AVENUE between VANDERBILT AVENUE and CLERMONT AVENUE,  CLERMONT AVENUE between LAFAYETTE AVENUE and DEKALB AVENUE","Brooklyn","2,","88,","Film","Feature","United States of America","11201, 11205, 11238,"
"780828","Shooting Permit","05/06/2024 07:00:00 AM","05/06/2024 07:00:00 PM","04/30/2024 03:59:04 PM","Mayor's Office of Media & Entertainment","ASHLAND PLACE between DEKALB AVENUE and WILLOUGHBY STREET,  WILLOUGHBY STREET between FLEET PLACE and ASHLAND PLACE,  WILLOUGHBY STREET between ASHLAND PLACE and ST EDWARDS STREET,  ASHLAND PLACE between WILLOUGHBY STREET and MYRTLE AVENUE,  ST EDWARDS STREET between WILLOUGHBY STREET and MYRTLE AVENUE,  MYRTLE AVENUE between ST EDWARDS STREET and WASHINGTON PARK,  DEKALB AVENUE between SOUTH ELLIOTT PLACE and FORT GREENE PLACE,  LAFAYETTE AVENUE between VANDERBILT AVENUE and CLERMONT AVENUE,  CLERMONT AVENUE between LAFAYETTE AVENUE and DEKALB AVENUE","Brooklyn","2,","88,","Film","Feature","United States of America","11201, 11205, 11217, 11238,"
"780568","Shooting Permit","05/10/2024 09:00:00 PM","05/11/2024 11:00:00 AM","04/29/2024 11:54:27 PM","Mayor's Office of Media & Entertainment","164 STREET between 84 ROAD and 84 DRIVE","Queens","8,","107,","Film","Short","United States of America","11432,"
"780011","Shooting Permit",,"05/02/2024 03:00:00 AM","04/26/2024 05:49:20 PM","Mayor's Office of Media & Entertainment","MONITOR STREET between GREENPOINT AVENUE and NORMAN AVENUE","Brooklyn","1,","94,","Film","Feature","United States of America","11222,"
"779823","Shooting Permit","05/03/2024 03:00:00 PM","05/04/2024 06:00:00 AM","04/26/2024 09:39:45 AM","Mayor's Office of Media & Entertainment","BALTIC STREET between 3 AVENUE and 4 AVENUE,  BUTLER STREET between 4 AVENUE and 3 AVENUE,  4 AVENUE between BUTLER STREET and DOUGLASS STREET,  5 AVENUE between DOUGLASS STREET and LINCOLN PLACE,  5 AVENUE between LINCOLN PLACE and BERKELEY PLACE,  5 AVENUE between BERKELEY PLACE and UNION STREET,  5 AVENUE between UNION STREET and PRESIDENT STREET,  5 AVENUE between PRESIDENT STREET and CARROLL STREET","Brooklyn","6,","78,","Film","Feature","United States of America","11215, 11217,"
"779606","Shooting Permit","04/30/2024 07:00:00 AM","04/30/2024 11:00:00 PM","04/25/2024 01:48:23 PM","Mayor's Office of Media & Entertainment","ADELPHI STREET between WILLOUGHBY AVENUE and DEKALB AVENUE,  DEKALB AVENUE between CLERMONT AVENUE and VANDERBILT AVENUE,  CLERMONT AVENUE between WILLOUGHBY AVENUE and DEKALB AVENUE,  CLERMONT AVENUE between MYRTLE AVENUE and WILLOUGHBY AVENUE,  ADELPHI STREET between MYRTLE AVENUE and WILLOUGHBY AVENUE,  CARLTON AVENUE between WILLOUGHBY AVENUE and DEKALB AVENUE,  CARLTON AVENUE between DEKALB AVENUE and LAFAYETTE AVENUE,  DEKALB AVENUE between CARLTON AVENUE and ADELPHI STREET,  ADELPHI STREET between DEKALB AVENUE and LAFAYETTE AVENUE,  DEKALB AVENUE between CARLTON AVENUE and ADELPHI STREET,  DEKALB AVENUE between ADELPHI STREET and CLERMONT AVENUE,  VANDERBILT AVENUE between WILLOUGHBY AVENUE and DEKALB AVENUE,  CLERMONT AVENUE between DEKALB AVENUE and LAFAYETTE AVENUE,  DEKALB AVENUE between VANDERBILT AVENUE and CLINTON AVENUE,  MYRTLE AVENUE between ST EDWARDS STREET and CARLTON AVENUE","Brooklyn","2,","88,","Film","Feature","United States of America","11205,"
"779524","Shooting Permit","04/30/2024 11:00:00 AM","05/01/2024 01:00:00 AM","04/25/2024 10:40:03 AM","Mayor's Office of Media & Entertainment","MONITOR STREET between GREENPOINT AVENUE and NORMAN AVENUE","Brooklyn","1,","94,","Film","Feature","United States of America","11222,"
"779506","Shooting Permit","05/03/2024 03:30:00 PM","05/04/2024 05:30:00 AM","04/25/2024 09:50:34 AM","Mayor's Office of Media & Entertainment","INGRAHAM STREET between STEWART AVENUE and GARDNER AVENUE,  STEWART AVENUE between HARRISON PLACE and JOHNSON AVENUE,  JOHNSON AVENUE between STEWART AVENUE and GARDNER AVENUE,  JOHNSON AVENUE between STEWART AVENUE and VARICK AVENUE,  GARDNER AVENUE between JOHNSON AVENUE and FLUSHING AVENUE,  INGRAHAM STREET between GARDNER AVENUE and FLUSHING AVENUE,  MYRTLE AVENUE between CHARLES PLACE and BUSHWICK AVENUE,  CHARLES PLACE between MYRTLE AVENUE and DEAD END,  WILLOUGHBY AVENUE between MYRTLE AVENUE and EVERGREEN AVENUE,  EVERGREEN AVENUE between WILLOUGHBY AVENUE and MYRTLE AVENUE,  MYRTLE AVENUE between SUYDAM STREET and WILLOUGHBY AVENUE,  KNICKERBOCKER AVENUE between TROUTMAN STREET and STARR STREET,  KNICKERBOCKER AVENUE between STARR STREET and HART STREET","Brooklyn","1, 4,","83, 90,","Film","Feature","United States of America","11221, 11237,"
"779477","Shooting Permit","04/29/2024 06:00:00 AM","04/29/2024 10:00:00 PM","04/25/2024 08:09:09 AM","Mayor's Office of Media & Entertainment","ADELPHI STREET between WILLOUGHBY AVENUE and DEKALB AVENUE,  CLERMONT AVENUE between WILLOUGHBY AVENUE and DEKALB AVENUE,  CLERMONT AVENUE between MYRTLE AVENUE and WILLOUGHBY AVENUE,  ADELPHI STREET between MYRTLE AVENUE and WILLOUGHBY AVENUE,  CARLTON AVENUE between WILLOUGHBY AVENUE and DEKALB AVENUE,  CARLTON AVENUE between DEKALB AVENUE and LAFAYETTE AVENUE,  DEKALB AVENUE between CARLTON AVENUE and ADELPHI STREET,  ADELPHI STREET between DEKALB AVENUE and LAFAYETTE AVENUE,  DEKALB AVENUE between CLERMONT AVENUE and CLINTON AVENUE,  DEKALB AVENUE between ADELPHI STREET and CLERMONT AVENUE,  ADELPHI STREET between DEKALB AVENUE and LAFAYETTE AVENUE,  DEKALB AVENUE between CARLTON AVENUE and ADELPHI STREET,  MYRTLE AVENUE between ST EDWARDS STREET and CARLTON AVENUE","Brooklyn","2,","88,","Film","Feature","United States of America","11205, 11217,"
"779173","Shooting Permit","04/26/2024 06:00:00 AM","04/26/2024 10:00:00 PM","04/24/2024 09:51:33 AM","Mayor's Office of Media & Entertainment","ADELPHI STREET between WILLOUGHBY AVENUE and DEKALB AVENUE,  CLERMONT AVENUE between WILLOUGHBY AVENUE and DEKALB AVENUE,  CLERMONT AVENUE between MYRTLE AVENUE and WILLOUGHBY AVENUE,  ADELPHI STREET between MYRTLE AVENUE and WILLOUGHBY AVENUE,  VANDERBILT AVENUE between WILLOUGHBY AVENUE and DEKALB AVENUE,  CARLTON AVENUE between WILLOUGHBY AVENUE and DEKALB AVENUE,  CARLTON AVENUE between DEKALB AVENUE and LAFAYETTE AVENUE,  DEKALB AVENUE between CARLTON AVENUE and ADELPHI STREET,  ADELPHI STREET between DEKALB AVENUE and LAFAYETTE AVENUE,  DEKALB AVENUE between CLERMONT AVENUE and CLINTON AVENUE,  DEKALB AVENUE between ADELPHI STREET and CLERMONT AVENUE,  DEKALB AVENUE between CARLTON AVENUE and ADELPHI STREET,  MYRTLE AVENUE between NORTH PORTLAND AVENUE and WASHINGTON PARK,  WASHINGTON PARK between MYRTLE AVENUE and DEKALB AVENUE","Brooklyn","2,","88,","Film","Feature","United States of America","11205,"
"779048","Shooting Permit","04/29/2024 09:00:00 AM","04/30/2024 01:00:00 AM","04/23/2024 03:54:08 PM","Mayor's Office of Media & Entertainment","WYTHE AVENUE between NORTH    3 STREET and METROPOLITAN AVENUE,  WYTHE AVENUE between NORTH    4 STREET and NORTH    3 STREET,  NORTH    3 STREET between KENT AVENUE and WYTHE AVENUE,  NORTH    3 STREET between WYTHE AVENUE and BERRY STREET,  METROPOLITAN AVENUE between KENT AVENUE and WYTHE AVENUE,  METROPOLITAN AVENUE between WYTHE AVENUE and BERRY STREET,  METROPOLITAN AVENUE between BERRY STREET and BEDFORD AVENUE,  HANOVER STREET between WALL STREET and EXCHANGE PLACE,  HANOVER STREET between BEAVER STREET and PEARL STREET,  BEAVER STREET between HANOVER STREET and PEARL STREET,  BEAVER STREET between WILLIAM STREET and HANOVER STREET,  EXCHANGE PLACE between WILLIAM STREET and HANOVER STREET,  EXCHANGE PLACE between WILLIAM STREET and BROAD STREET,  WILLIAM STREET between EXCHANGE PLACE and BEAVER STREET,  PEARL STREET between HANOVER SQUARE and COENTIES SLIP,  PEARL STREET between HANOVER SQUARE and WALL STREET,  WATER STREET between OLD SLIP and COENTIES SLIP,  SOUTH STREET between BROAD STREET and OLD SLIP","Brooklyn","1,","1, 90, 94,","Film","Feature","United States of America","10004, 10005, 10041, 11249,"
"778882","Shooting Permit","04/27/2024 06:00:00 AM","04/27/2024 10:00:00 PM","04/23/2024 09:14:44 AM","Mayor's Office of Media & Entertainment","ADELPHI STREET between WILLOUGHBY AVENUE and DEKALB AVENUE,  CLERMONT AVENUE between WILLOUGHBY AVENUE and DEKALB AVENUE,  CLERMONT AVENUE between MYRTLE AVENUE and WILLOUGHBY AVENUE,  ADELPHI STREET between MYRTLE AVENUE and WILLOUGHBY AVENUE,  CARLTON AVENUE between WILLOUGHBY AVENUE and DEKALB AVENUE,  CARLTON AVENUE between DEKALB AVENUE and LAFAYETTE AVENUE,  DEKALB AVENUE between CARLTON AVENUE and ADELPHI STREET,  ADELPHI STREET between DEKALB AVENUE and LAFAYETTE AVENUE,  DEKALB AVENUE between CLERMONT AVENUE and CLINTON AVENUE,  DEKALB AVENUE between ADELPHI STREET and CLERMONT AVENUE,  DEKALB AVENUE between CARLTON AVENUE and ADELPHI STREET,  MYRTLE AVENUE between ST EDWARDS STREET and CARLTON AVENUE","Brooklyn","2,","88,","Film","Feature","United States of America","11205,"
"778880","Shooting Permit","04/25/2024 06:00:00 AM","04/25/2024 10:00:00 PM","04/23/2024 09:00:35 AM","Mayor's Office of Media & Entertainment","ADELPHI STREET between WILLOUGHBY AVENUE and DEKALB AVENUE,  CLERMONT AVENUE between WILLOUGHBY AVENUE and DEKALB AVENUE,  ADELPHI STREET between MYRTLE AVENUE and WILLOUGHBY AVENUE,  DEKALB AVENUE between CARLTON AVENUE and ADELPHI STREET","Brooklyn","2,","88,","Film","Feature","United States of America","11205,"
"778878","Shooting Permit","04/25/2024 06:00:00 AM","04/25/2024 10:00:00 PM","04/23/2024 08:56:00 AM","Mayor's Office of Media & Entertainment","CLERMONT AVENUE between MYRTLE AVENUE and WILLOUGHBY AVENUE,  VANDERBILT AVENUE between WILLOUGHBY AVENUE and DEKALB AVENUE,  CARLTON AVENUE between WILLOUGHBY AVENUE and DEKALB AVENUE,  DEKALB AVENUE between SOUTH OXFORD STREET and WASHINGTON PARK,  CARLTON AVENUE between DEKALB AVENUE and LAFAYETTE AVENUE,  DEKALB AVENUE between CARLTON AVENUE and ADELPHI STREET,  ADELPHI STREET between DEKALB AVENUE and LAFAYETTE AVENUE,  DEKALB AVENUE between CLERMONT AVENUE and CLINTON AVENUE,  DEKALB AVENUE between ADELPHI STREET and CLERMONT AVENUE,  MYRTLE AVENUE between NORTH PORTLAND AVENUE and WASHINGTON PARK,  WASHINGTON PARK between MYRTLE AVENUE and DEKALB AVENUE","Brooklyn","2,","88,","Film","Feature","United States of America","11205, 11217,"
"778867","Shooting Permit","05/23/2024 08:30:00 AM","05/24/2024 01:00:00 AM","04/23/2024 08:00:36 AM","Mayor's Office of Media & Entertainment","NORTH    1 STREET between BEDFORD AVENUE and BERRY STREET","Brooklyn","1,","90,","Film","Feature","United States of America","11249,"
"778865","Shooting Permit","05/22/2024 08:00:00 AM","05/22/2024 11:30:00 PM","04/23/2024 07:57:16 AM","Mayor's Office of Media & Entertainment","BERRY STREET between NORTH    1 STREET and METROPOLITAN AVENUE","Brooklyn","1,","90,","Film","Feature","United States of America","11249,"
"778863","Shooting Permit","05/20/2024 01:00:00 AM","05/20/2024 01:00:00 PM","04/23/2024 07:53:54 AM","Mayor's Office of Media & Entertainment","NORTH    1 STREET between BEDFORD AVENUE and BERRY STREET","Brooklyn","1,","90,","Film","Feature","United States of America","11249,"
"778862","Shooting Permit","05/21/2024 07:00:00 AM","05/21/2024 10:30:00 PM","04/23/2024 07:51:14 AM","Mayor's Office of Media & Entertainment","BERRY STREET between NORTH    1 STREET and METROPOLITAN AVENUE","Brooklyn","1,","90,","Film","Feature","United States of America","11249,"
"778608","Shooting Permit","04/26/2024 10:00:00 AM","04/27/2024 01:00:00 AM","04/22/2024 11:09:39 AM","Mayor's Office of Media & Entertainment","162 STREET between 46 AVENUE and 45 AVENUE,  162 STREET between 45 AVENUE and 43 AVENUE,  162 STREET between 43 AVENUE and SANFORD AVENUE,  PIDGEON MEADOW ROAD between 46TH AVENUE and 164TH STREET,  46TH AVENUE between PIDGEON MEADOW ROAD and 164TH STREET,  160 STREET between NORTHERN BOULEVARD and 35 AVENUE,  45 AVENUE between 160 STREET and 162 STREET,  45 AVENUE between 162 STREET and 163 STREET,  32 AVENUE between 155 STREET and 159 STREET","Queens","7,","109,","Film","Feature","United States of America","11354, 11358,"
"778549","Shooting Permit","04/24/2024 06:00:00 AM","04/24/2024 10:00:00 PM","04/22/2024 08:45:17 AM","Mayor's Office of Media & Entertainment","CLERMONT AVENUE between WILLOUGHBY AVENUE and DEKALB AVENUE,  CLERMONT AVENUE between MYRTLE AVENUE and WILLOUGHBY AVENUE,  VANDERBILT AVENUE between WILLOUGHBY AVENUE and DEKALB AVENUE,  CARLTON AVENUE between WILLOUGHBY AVENUE and DEKALB AVENUE,  DEKALB AVENUE between SOUTH OXFORD STREET and WASHINGTON PARK,  CARLTON AVENUE between DEKALB AVENUE and LAFAYETTE AVENUE,  DEKALB AVENUE between CARLTON AVENUE and ADELPHI STREET,  ADELPHI STREET between DEKALB AVENUE and LAFAYETTE AVENUE,  DEKALB AVENUE between CLERMONT AVENUE and CLINTON AVENUE,  DEKALB AVENUE between ADELPHI STREET and CLERMONT AVENUE,  MYRTLE AVENUE between NORTH PORTLAND AVENUE and WASHINGTON PARK,  WASHINGTON PARK between MYRTLE AVENUE and DEKALB AVENUE","Brooklyn","2,","88,","Film","Feature","United States of America","11205, 11217,"
"778545","Shooting Permit","04/24/2024 06:00:00 AM","04/24/2024 10:00:00 PM","04/22/2024 08:38:14 AM","Mayor's Office of Media & Entertainment","ADELPHI STREET between WILLOUGHBY AVENUE and DEKALB AVENUE,  ADELPHI STREET between MYRTLE AVENUE and WILLOUGHBY AVENUE,  DEKALB AVENUE between CARLTON AVENUE and ADELPHI STREET","Brooklyn","2,","88,","Film","Feature","United States of America","11205,"
"778542","Shooting Permit","05/17/2024 09:00:00 AM","05/18/2024 12:30:00 PM","04/22/2024 08:04:23 AM","Mayor's Office of Media & Entertainment","BERRY STREET between NORTH    1 STREET and METROPOLITAN AVENUE","Brooklyn","1,","90,","Film","Feature","United States of America","11249,"
"778541","Shooting Permit","05/16/2024 08:00:00 AM","05/16/2024 11:30:00 PM","04/22/2024 07:56:42 AM","Mayor's Office of Media & Entertainment","NORTH    1 STREET between BEDFORD AVENUE and BERRY STREET","Brooklyn","1,","90,","Film","Feature","United States of America","11249,"
"778540","Shooting Permit","05/15/2024 06:00:00 AM","05/15/2024 09:00:00 PM","04/22/2024 07:52:14 AM","Mayor's Office of Media & Entertainment","NORTH    1 STREET between BERRY STREET and BEDFORD AVENUE","Brooklyn","1,","90,","Film","Feature","United States of America","11249,"
"778538","Shooting Permit","05/13/2024 06:00:00 AM","05/13/2024 09:00:00 PM","04/22/2024 07:43:27 AM","Mayor's Office of Media & Entertainment","86 STREET between 10 AVENUE and 11 AVENUE","Brooklyn","10,","68,","Film","Feature","United States of America","11228,"
"778536","Shooting Permit","05/08/2024 06:00:00 AM","05/08/2024 09:00:00 PM","04/22/2024 07:32:20 AM","Mayor's Office of Media & Entertainment","44 STREET between 1 AVENUE and 2 AVENUE","Brooklyn","7,","72,","Film","Feature","United States of America","11232,"
"778186","Shooting Permit","04/25/2024 08:30:00 AM","04/25/2024 10:00:00 PM","04/19/2024 01:16:08 PM","Mayor's Office of Media & Entertainment","37 AVENUE between PRINCE STREET and MAIN STREET,  BARCLAY AVENUE between UNION STREET and KISSENA BOULEVARD,  SANFORD AVENUE between MAIN STREET and KISSENA BOULEVARD,  KISSENA BOULEVARD between SANFORD AVENUE and MAPLE AVENUE,  117 STREET between 85 AVENUE and BABBAGE STREET,  117 STREET between 84 AVENUE and 85 AVENUE,  BABBAGE STREET between 117 STREET and 84 AVENUE,  BESSEMER STREET between 116 STREET and 84 AVENUE,  PARK LN SOUTH between FOREST PARKWAY and 86 STREET,  BARBEY STREET between HIGHLAND BOULEVARD and SUNNYSIDE AVENUE,  HIGHLAND BOULEVARD between BULWER PLACE and VERMONT PLACE,  SUNNYSIDE AVENUE between BARBEY STREET and HENDRIX STREET,  NORTHERN BOULEVARD between MAIN STREET and LINDEN PLACE,  MAIN STREET between KISSENA BOULEVARD and SANFORD AVENUE","Queens","5, 7, 82, 9,","102, 104, 109, 75,","Film","Feature","United States of America","11207, 11354, 11355, 11385, 11418, 11421,"
"778064","Shooting Permit","04/23/2024 07:00:00 AM","04/23/2024 07:00:00 PM","04/19/2024 09:03:50 AM","Mayor's Office of Media & Entertainment","DUFFIELD STREET between FULTON STREET and WILLOUGHBY STREET","Brooklyn","2,","84, 88,","Film","Feature","United States of America","11201, 11251,"
"778063","Shooting Permit","04/23/2024 06:00:00 AM","04/23/2024 10:00:00 PM","04/19/2024 09:02:20 AM","Mayor's Office of Media & Entertainment","ADELPHI STREET between WILLOUGHBY AVENUE and DEKALB AVENUE,  CLERMONT AVENUE between WILLOUGHBY AVENUE and DEKALB AVENUE,  CLERMONT AVENUE between MYRTLE AVENUE and WILLOUGHBY AVENUE,  ADELPHI STREET between MYRTLE AVENUE and WILLOUGHBY AVENUE,  VANDERBILT AVENUE between WILLOUGHBY AVENUE and DEKALB AVENUE,  CARLTON AVENUE between WILLOUGHBY AVENUE and DEKALB AVENUE,  DEKALB AVENUE between SOUTH OXFORD STREET and CUMBERLAND STREET,  CARLTON AVENUE between DEKALB AVENUE and LAFAYETTE AVENUE,  DEKALB AVENUE between CARLTON AVENUE and ADELPHI STREET,  ADELPHI STREET between DEKALB AVENUE and LAFAYETTE AVENUE,  DEKALB AVENUE between CLERMONT AVENUE and CLINTON AVENUE,  DEKALB AVENUE between ADELPHI STREET and CLERMONT AVENUE,  DEKALB AVENUE between CARLTON AVENUE and ADELPHI STREET,  MYRTLE AVENUE between NORTH PORTLAND AVENUE and WASHINGTON PARK,  WASHINGTON PARK between MYRTLE AVENUE and DEKALB AVENUE","Brooklyn","2,","88,","Film","Feature","United States of America","11205, 11217,"
"777889","Shooting Permit","04/26/2024 10:00:00 AM","04/26/2024 10:00:00 PM","04/18/2024 02:19:15 PM","Mayor's Office of Media & Entertainment","9 STREET between 7 AVENUE and 8 AVENUE,  8 AVENUE between 9 STREET and 11 STREET,  PROSPECT PARK WEST between 3 STREET and 10 STREET","Brooklyn","55, 6,","78,","Film","Feature","United States of America","11215,"
"777758","Shooting Permit","04/24/2024 11:30:00 AM","04/25/2024 01:00:00 AM","04/18/2024 10:15:52 AM","Mayor's Office of Media & Entertainment","OCEAN AVENUE between CORTELYOU ROAD and DORCHESTER ROAD,  EAST   19 STREET between CORTELYOU ROAD and DORCHESTER ROAD,  DORCHESTER ROAD between EAST   21 STREET and OCEAN AVENUE,  DORCHESTER ROAD between OCEAN AVENUE and EAST   18 STREET,  EAST   18 STREET between DORCHESTER ROAD and DITMAS AVENUE,  EAST   19 STREET between DORCHESTER ROAD and DITMAS AVENUE,  RUGBY ROAD between CHURCH AVENUE and ALBEMARLE ROAD,  RUGBY ROAD between ALBEMARLE ROAD and BEVERLEY ROAD,  BUCKINGHAM ROAD between ALBEMARLE ROAD and CHURCH AVENUE","Brooklyn","14,","70,","Film","Feature","United States of America","11218, 11226,"
"777751","Shooting Permit","04/23/2024 06:00:00 PM","04/24/2024 05:00:00 AM","04/18/2024 10:06:11 AM","Mayor's Office of Media & Entertainment","VERNON AVENUE between STUYVESANT AVENUE and LEWIS AVENUE","Brooklyn","3, 4,","81, 83,","Film","Short","United States of America","11206, 11221,"
"777741","Shooting Permit","04/22/2024 06:00:00 PM","04/22/2024 11:59:00 PM","04/18/2024 09:50:27 AM","Mayor's Office of Media & Entertainment","TROUTMAN STREET between MYRTLE AVENUE and BUSHWICK AVENUE","Brooklyn","3, 4,","81, 83,","Film","Short","United States of America","11206, 11221,"
"777726","Shooting Permit","04/24/2024 06:00:00 AM","04/24/2024 10:00:00 PM","04/18/2024 09:17:14 AM","Mayor's Office of Media & Entertainment","41 AVENUE between MAIN STREET and UNION STREET,  KISSENA BOULEVARD between 41 AVENUE and BARCLAY AVENUE,  KISSENA BOULEVARD between BARCLAY AVENUE and SANFORD AVENUE,  BARCLAY AVENUE between KISSENA BOULEVARD and UNION STREET","Queens","7,","109,","Film","Feature","United States of America","11355,"
"777723","Shooting Permit","04/23/2024 06:00:00 AM","04/23/2024 10:00:00 PM","04/18/2024 09:14:26 AM","Mayor's Office of Media & Entertainment","41 AVENUE between MAIN STREET and UNION STREET,  41 AVENUE between MAIN STREET and UNION STREET,  KISSENA BOULEVARD between 41 AVENUE and BARCLAY AVENUE,  KISSENA BOULEVARD between BARCLAY AVENUE and SANFORD AVENUE,  BARCLAY AVENUE between KISSENA BOULEVARD and UNION STREET","Queens","7,","109,","Film","Feature","United States of America","11355,"
"777589","Shooting Permit","04/22/2024 06:00:00 AM","04/22/2024 08:00:00 PM","04/17/2024 05:09:10 PM","Mayor's Office of Media & Entertainment","MAIN STREET between 41 ROAD and SANFORD AVENUE,  41 ROAD between MAIN STREET and FRAME PLACE,  SANFORD AVENUE between KISSENA BOULEVARD and MAIN STREET,  BARCLAY AVENUE between KISSENA BOULEVARD and UNION STREET,  41 AVENUE between KISSENA BOULEVARD and UNION STREET,  MAIN STREET between KISSENA BOULEVARD and SANFORD AVENUE,  37 AVENUE between PRINCE STREET and MAIN STREET","Queens","7,","109,","Film","Feature","United States of America","11354, 11355,"
"777569","Shooting Permit","04/22/2024 06:00:00 AM","04/22/2024 10:00:00 PM","04/17/2024 04:14:22 PM","Mayor's Office of Media & Entertainment","CLERMONT AVENUE between MYRTLE AVENUE and WILLOUGHBY AVENUE,  VANDERBILT AVENUE between WILLOUGHBY AVENUE and DEKALB AVENUE,  CARLTON AVENUE between WILLOUGHBY AVENUE and DEKALB AVENUE,  DEKALB AVENUE between SOUTH OXFORD STREET and WASHINGTON PARK,  CARLTON AVENUE between DEKALB AVENUE and LAFAYETTE AVENUE,  DEKALB AVENUE between CARLTON AVENUE and ADELPHI STREET,  ADELPHI STREET between DEKALB AVENUE and LAFAYETTE AVENUE,  DEKALB AVENUE between CLERMONT AVENUE and CLINTON AVENUE,  DEKALB AVENUE between ADELPHI STREET and CLERMONT AVENUE,  DEKALB AVENUE between CARLTON AVENUE and ADELPHI STREET,  MYRTLE AVENUE between NORTH PORTLAND AVENUE and WASHINGTON PARK,  WASHINGTON PARK between MYRTLE AVENUE and DEKALB AVENUE","Brooklyn","2,","88,","Film","Feature","United States of America","11205, 11217,"
"777562","Shooting Permit","04/22/2024 06:00:00 AM","04/22/2024 10:00:00 PM","04/17/2024 04:03:57 PM","Mayor's Office of Media & Entertainment","ADELPHI STREET between WILLOUGHBY AVENUE and DEKALB AVENUE,  CLERMONT AVENUE between WILLOUGHBY AVENUE and DEKALB AVENUE","Brooklyn","2,","88,","Film","Feature","United States of America","11205,"
"777475","Shooting Permit","04/25/2024 07:00:00 AM","04/25/2024 09:30:00 PM","04/17/2024 01:22:50 PM","Mayor's Office of Media & Entertainment","MCDONALD AVENUE between CHURCH AVENUE and ALBEMARLE ROAD,  MCDONALD AVENUE between LAWRENCE AVENUE and PARKVILLE AVENUE,  MCDONALD AVENUE between FORT HAMILTON PARKWAY and TERRACE PLACE","Brooklyn","12, 14, 7,","66, 70, 72,","Film","Feature","United States of America","11218, 11230,"
"777331","Rigging Permit","04/19/2024 07:00:00 AM","04/20/2024 06:00:00 AM","04/17/2024 09:52:14 AM","Mayor's Office of Media & Entertainment","ADELPHI STREET between MYRTLE AVENUE and WILLOUGHBY AVENUE","Brooklyn","2,","88,","Film","Feature","United States of America","11205,"
"777323","Shooting Permit","04/20/2024 06:00:00 AM","04/20/2024 10:00:00 PM","04/17/2024 09:33:54 AM","Mayor's Office of Media & Entertainment","ADELPHI STREET between WILLOUGHBY AVENUE and DEKALB AVENUE,  CLERMONT AVENUE between WILLOUGHBY AVENUE and DEKALB AVENUE,  CLERMONT AVENUE between MYRTLE AVENUE and WILLOUGHBY AVENUE,  ADELPHI STREET between MYRTLE AVENUE and WILLOUGHBY AVENUE,  VANDERBILT AVENUE between WILLOUGHBY AVENUE and DEKALB AVENUE,  CARLTON AVENUE between WILLOUGHBY AVENUE and DEKALB AVENUE,  DEKALB AVENUE between SOUTH OXFORD STREET and CUMBERLAND STREET,  CARLTON AVENUE between DEKALB AVENUE and LAFAYETTE AVENUE,  DEKALB AVENUE between CARLTON AVENUE and ADELPHI STREET,  ADELPHI STREET between DEKALB AVENUE and LAFAYETTE AVENUE,  DEKALB AVENUE between CLERMONT AVENUE and CLINTON AVENUE,  DEKALB AVENUE between ADELPHI STREET and CLERMONT AVENUE,  DEKALB AVENUE between CARLTON AVENUE and ADELPHI STREET,  MYRTLE AVENUE between ST EDWARDS STREET and WASHINGTON PARK,  WASHINGTON PARK between MYRTLE AVENUE and WILLOUGHBY AVENUE","Brooklyn","2,","88,","Film","Feature","United States of America","11205, 11217,"
"776931","Shooting Permit","04/21/2024 04:00:00 PM","04/22/2024 04:00:00 AM","04/16/2024 10:49:05 AM","Mayor's Office of Media & Entertainment","JEFFERSON AVENUE between NOSTRAND AVENUE and MARCY AVENUE","Brooklyn","3,","79,","Film","Short","United States of America","11216,"
"776652","DCAS Prep/Shoot/Wrap Permit","04/23/2024 07:00:00 AM","04/23/2024 08:00:00 PM","04/15/2024 02:50:52 PM","Mayor's Office of Media & Entertainment","COURT STREET between CADMAN PLAZA EAST and MONTAGUE STREET,  REMSEN STREET between CLINTON STREET and COURT STREET,  JORALEMON STREET between COURT STREET and CLINTON STREET,  CLINTON STREET between STATE STREET and ATLANTIC AVENUE,  CLINTON STREET between JORALEMON STREET and LIVINGSTON STREET","Brooklyn","2,","84,","Film","Feature","United States of America","11201,"
"776616","Shooting Permit","04/20/2024 04:00:00 PM","04/21/2024 04:00:00 AM","04/15/2024 01:30:42 PM","Mayor's Office of Media & Entertainment","CONSELYEA STREET between MANHATTAN AVENUE and LEONARD STREET","Brooklyn","1,","94,","Film","Short","United States of America","11211,"
"776490","Shooting Permit","04/19/2024 02:00:00 PM","04/20/2024 12:00:00 PM","04/15/2024 11:14:35 AM","Mayor's Office of Media & Entertainment","FRONT STREET between YORK STREET and WASHINGTON STREET,  WATER STREET between DOCK STREET and MAIN STREET,  YORK STREET between FRONT STREET and ADAMS STREET,  WASHINGTON STREET between PLYMOUTH STREET and WATER STREET,  DOUGHTY STREET between FURMAN STREET and COLUMBIA HEIGHTS","Brooklyn","2,","84,","Film","Feature","United States of America","11201,"
"776476","Shooting Permit","04/23/2024 11:00:00 AM","04/24/2024 02:00:00 AM","04/15/2024 10:53:00 AM","Mayor's Office of Media & Entertainment","OCEAN AVENUE between CORTELYOU ROAD and DORCHESTER ROAD,  EAST   19 STREET between CORTELYOU ROAD and DORCHESTER ROAD,  DORCHESTER ROAD between EAST   21 STREET and OCEAN AVENUE,  DORCHESTER ROAD between OCEAN AVENUE and EAST   18 STREET,  EAST   19 STREET between DORCHESTER ROAD and DITMAS AVENUE,  EAST   18 STREET between DORCHESTER ROAD and DITMAS AVENUE","Brooklyn","14,","70,","Film","Feature","United States of America","11226,"
"776383","Shooting Permit","04/17/2024 04:00:00 PM","04/18/2024 12:00:00 PM","04/15/2024 09:44:31 AM","Mayor's Office of Media & Entertainment","WATER STREET between OLD DOCK STREET and MAIN STREET,  FRONT STREET between YORK STREET and WASHINGTON STREET,  YORK STREET between FRONT STREET and WASHINGTON STREET,  DOUGHTY STREET between FURMAN STREET and COLUMBIA HEIGHTS","Brooklyn","2,","84,","Film","Feature","United States of America","11201,"
"775434","Shooting Permit","04/12/2024 01:00:00 PM","04/13/2024 03:00:00 AM","04/10/2024 04:41:20 PM","Mayor's Office of Media & Entertainment","7 AVENUE between BERKELEY PLACE and UNION STREET,  7 AVENUE between UNION STREET and CARROLL STREET,  UNION STREET between 7 AVENUE and 8 AVENUE,  PRESIDENT STREET between 7 AVENUE and 8 AVENUE,  PRESIDENT STREET between 8 AVENUE and PROSPECT PARK WEST","Brooklyn","6,","78,","Film","Feature","United States of America","11215, 11217,"
"775319","Shooting Permit",,"04/12/2024 02:00:00 AM","04/10/2024 01:23:13 PM","Mayor's Office of Media & Entertainment","MONITOR STREET between GREENPOINT AVENUE and NORMAN AVENUE","Brooklyn","1,","94,","Film","Feature","United States of America","11222,"
"775216","Shooting Permit","04/15/2024 07:00:00 AM","04/15/2024 11:00:00 PM","04/10/2024 09:14:31 AM","Mayor's Office of Media & Entertainment","STATE STREET between GARDEN PLACE and HENRY STREET,  STATE STREET between HICKS STREET and GARDEN PLACE,  HENRY STREET between STATE STREET and ATLANTIC AVENUE,  HICKS STREET between STATE STREET and JORALEMON STREET,  ATLANTIC AVENUE between HICKS STREET and COURT STREET,  REMSEN STREET between HENRY STREET and CLINTON STREET,  GARDEN PLACE between STATE STREET and JORALEMON STREET","Brooklyn","2, 6,","76, 84,","Film","Feature","United States of America","11201,"
"775205","Shooting Permit","04/12/2024 10:00:00 AM","04/13/2024 02:00:00 AM","04/10/2024 08:31:22 AM","Mayor's Office of Media & Entertainment","STATE STREET between GARDEN PLACE and HENRY STREET,  GARDEN PLACE between STATE STREET and JORALEMON STREET,  STATE STREET between HICKS STREET and GARDEN PLACE,  HENRY STREET between STATE STREET and ATLANTIC AVENUE,  HICKS STREET between STATE STREET and JORALEMON STREET,  ATLANTIC AVENUE between HICKS STREET and CLINTON STREET,  REMSEN STREET between HENRY STREET and CLINTON STREET","Brooklyn","2, 6,","76, 84,","Film","Feature","United States of America","11201,"
"774891","Shooting Permit","04/11/2024 09:00:00 AM","04/12/2024 01:00:00 AM","04/09/2024 09:05:28 AM","Mayor's Office of Media & Entertainment","STATE STREET between GARDEN PLACE and HENRY STREET,  GARDEN PLACE between STATE STREET and JORALEMON STREET,  STATE STREET between HICKS STREET and GARDEN PLACE,  HENRY STREET between STATE STREET and ATLANTIC AVENUE,  HICKS STREET between ATLANTIC AVENUE and STATE STREET,  HICKS STREET between STATE STREET and JORALEMON STREET,  ATLANTIC AVENUE between HICKS STREET and COURT STREET,  CLINTON STREET between PACIFIC STREET and SCHERMERHORN STREET,  ATLANTIC AVENUE between CLINTON STREET and COURT STREET,  REMSEN STREET between HENRY STREET and CLINTON STREET,  HENRY STREET between STATE STREET and JORALEMON STREET","Brooklyn","2, 6,","76, 84,","Film","Feature","United States of America","11201,"
"774787","Shooting Permit","04/18/2024 07:00:00 AM","04/19/2024 12:00:00 PM","04/08/2024 04:17:45 PM","Mayor's Office of Media & Entertainment","WATER STREET between DOCK STREET and MAIN STREET,  FRONT STREET between YORK STREET and WASHINGTON STREET,  YORK STREET between FRONT STREET and WASHINGTON STREET,  DOUGHTY STREET between FURMAN STREET and COLUMBIA HEIGHTS","Brooklyn","2,","84,","Film","Feature","United States of America","11201,"
"774645","Shooting Permit","04/16/2024 06:00:00 AM","04/16/2024 10:00:00 PM","04/08/2024 09:49:33 AM","Mayor's Office of Media & Entertainment","WASHINGTON AVENUE between EASTERN PARKWAY and SULLIVAN PLACE,  EASTERN PARKWAY between UNDERHILL AVENUE and WASHINGTON AVENUE,  STERLING PLACE between CLASSON AVENUE and FRANKLIN AVENUE","Brooklyn","55, 8, 9,","71, 77, 78,","Film","Feature","United States of America","11225, 11238,"
"774198","Shooting Permit",,"04/20/2024 02:00:00 AM","04/05/2024 08:38:23 AM","Mayor's Office of Media & Entertainment","COLLEGE POINT BOULEVARD between 37 AVENUE and 39 AVENUE,  JANET PLACE between 39 AVENUE and ROOSEVELT AVENUE,  39 AVENUE between COLLEGE POINT BOULEVARD and PRINCE STREET,  COLLEGE POINT BLVD between 39 AVENUE and ROOSEVELT AVENUE","Queens","7,","109,","Film","Feature","United States of America","11354, 11355,"
"774170","Shooting Permit","04/16/2024 06:00:00 AM","04/16/2024 09:00:00 PM","04/04/2024 10:34:50 PM","Mayor's Office of Media & Entertainment","12 STREET between 31 DRIVE and 31 AVENUE,  31 DRIVE between 12 STREET and 14 STREET,  31 DRIVE between VERNON BOULEVARD and 12 STREET,  31 AVENUE between 12 STREET and 14 STREET,  31 AVENUE between VERNON BOULEVARD and 12 STREET,  VERNON BOULEVARD between 31 AVENUE and 30 DRIVE,  VERNON BOULEVARD between BROADWAY and 31 DRIVE,  BROADWAY between VERNON BOULEVARD and 12 STREET,  BROADWAY between 12 STREET and 14 STREET,  VERNON BLVD between 31TH DR and 31ST AVE","Queens","1,","114,","Film","Feature","United States of America","11102, 11106,"
"774167","Shooting Permit","04/15/2024 06:00:00 AM","04/15/2024 08:00:00 PM","04/04/2024 09:50:38 PM","Mayor's Office of Media & Entertainment","GREENE AVENUE between CYPRESS AVENUE and ST NICHOLAS AVENUE,  CYPRESS AVENUE between GREENE AVENUE and HARMAN STREET,  HARMAN STREET between CYPRESS AVENUE and ST NICHOLAS AVENUE,  HARMAN STREET between CYPRESS AVENUE and SENECA AVENUE,  STANHOPE STREET between ST NICHOLAS AVENUE and CYPRESS AVENUE,  STANHOPE STREET between CYPRESS AVENUE and SENECA AVENUE","Brooklyn","4, 5,","104, 83,","Film","Feature","United States of America","11237, 11385,"
"773692","Rigging Permit","04/13/2024 07:00:00 AM","04/13/2024 07:00:00 PM","04/03/2024 03:38:56 PM","Mayor's Office of Media & Entertainment","STATE STREET between HICKS STREET and GARDEN PLACE,  ATLANTIC AVENUE between HICKS STREET and HENRY STREET","Brooklyn","2, 6,","76, 84,","Film","Feature","United States of America","11201,"
"773687","Rigging Permit","04/10/2024 07:00:00 AM","04/10/2024 07:00:00 PM","04/03/2024 03:32:04 PM","Mayor's Office of Media & Entertainment","STATE STREET between HICKS STREET and GARDEN PLACE","Brooklyn","2,","84,","Film","Feature","United States of America","11201,"
"773662","Shooting Permit","04/16/2024 07:00:00 AM","04/16/2024 09:00:00 PM","04/03/2024 02:42:01 PM","Mayor's Office of Media & Entertainment","FRONT STREET between YORK STREET and WASHINGTON STREET,  WATER STREET between DOCK STREET and MAIN STREET,  YORK STREET between FRONT STREET and ADAMS STREET","Brooklyn","2,","84,","Film","Feature","United States of America","11201,"
"773656","Shooting Permit","04/17/2024 07:00:00 AM","04/17/2024 09:00:00 PM","04/03/2024 02:36:32 PM","Mayor's Office of Media & Entertainment","BEDFORD AVENUE between NORTH   12 STREET and LORIMER STREET,  WYTHE AVENUE between NORTH   13 STREET and NORTH   14 STREET,  NORTH   13 STREET between WYTHE AVENUE and BERRY STREET,  NORTH   14 STREET between WYTHE AVENUE and BERRY STREET,  BERRY STREET between NORTH   12 STREET and NORTH   14 STREET","Brooklyn","1,","94,","Film","Feature","United States of America","11222, 11249,"
"773628","Shooting Permit","04/16/2024 06:00:00 AM","04/16/2024 09:00:00 PM","04/03/2024 01:54:17 PM","Mayor's Office of Media & Entertainment","PROSPECT PARK WEST between 12 STREET and 14 STREET,  15 STREET between 8 AVENUE and PROSPECT PARK WEST,  PROSPECT PARK WEST between PROSPECT PARK SOUTHWEST and 15 STREET,  PROSPECT PARK SOUTHWEST between PROSPECT PARK WEST and REEVE PLACE,  FULTON STREET between DOWNING STREET and CLAVER PLACE","Brooklyn","2, 3, 55, 6, 7,","72, 78, 79, 88,","Film","Feature","United States of America","11215, 11218, 11238,"
"773501","Shooting Permit","04/10/2024 06:00:00 AM","04/10/2024 10:00:00 PM","04/03/2024 09:03:08 AM","Mayor's Office of Media & Entertainment","CLERMONT AVENUE between DEKALB AVENUE and LAFAYETTE AVENUE,  LAFAYETTE AVENUE between ADELPHI STREET and VANDERBILT AVENUE,  ADELPHI STREET between WILLOUGHBY AVENUE and DEKALB AVENUE,  CLERMONT AVENUE between WILLOUGHBY AVENUE and DEKALB AVENUE,  DEKALB AVENUE between ADELPHI STREET and VANDERBILT AVENUE,  ADELPHI STREET between DEKALB AVENUE and LAFAYETTE AVENUE,  CARLTON AVENUE between DEKALB AVENUE and LAFAYETTE AVENUE,  WASHINGTON PARK between MYRTLE AVENUE and DEKALB AVENUE","Brooklyn","2,","88,","Film","Feature","United States of America","11205, 11238,"
"773302","Shooting Permit","04/09/2024 09:00:00 AM","04/09/2024 10:30:00 PM","04/02/2024 01:22:13 PM","Mayor's Office of Media & Entertainment","53RD AVENUE between 105TH STREET and 106TH STREET,  106 STREET between 53 AVENUE and MARTENSE AVENUE,  106 STREET between 53 AVENUE and MARTENSE AVENUE,  53 AVENUE between 106 STREET and 108 STREET,  53 AVENUE between 103 STREET and 108 STREET,  108 STREET between 53 AVENUE and MARTENSE AVENUE,  108 STREET between 52 AVENUE and 53 AVENUE,  108 STREET between 51 AVENUE and 52 AVENUE,  52 AVENUE between 103 STREET and 108 STREET,  CORONA AVENUE between 51 AVENUE and 52 AVENUE","Queens","4,","110,","Film","Feature","United States of America","11368,"
"773295","Shooting Permit","04/10/2024 10:00:00 AM","04/11/2024 01:00:00 AM","04/02/2024 01:10:37 PM","Mayor's Office of Media & Entertainment","53 AVENUE between 103 STREET and 108 STREET,  53RD AVENUE between 105TH STREET and 106TH STREET,  53 AVENUE between 106 STREET and 108 STREET,  108 STREET between 53 AVENUE and MARTENSE AVENUE,  108 STREET between 52 AVENUE and 53 AVENUE,  52 AVENUE between 103 STREET and 108 STREET,  CORONA AVENUE between 51 AVENUE and 52 AVENUE,  108 STREET between 51 AVENUE and 52 AVENUE","Queens","4,","110,","Film","Feature","United States of America","11368,"
"773166","Shooting Permit","04/05/2024 06:00:00 AM","04/05/2024 10:00:00 PM","04/02/2024 08:47:25 AM","Mayor's Office of Media & Entertainment","WASHINGTON AVENUE between SULLIVAN PLACE and EASTERN PARKWAY,  STERLING PLACE between CLASSON AVENUE and FRANKLIN AVENUE","Brooklyn","55, 8, 9,","71, 77, 78,","Film","Feature","United States of America","11225, 11238,"
"773165","Shooting Permit","04/04/2024 06:00:00 AM","04/04/2024 10:00:00 PM","04/02/2024 08:39:56 AM","Mayor's Office of Media & Entertainment","WASHINGTON AVENUE between SULLIVAN PLACE and EASTERN PARKWAY,  STERLING PLACE between CLASSON AVENUE and FRANKLIN AVENUE","Brooklyn","55, 8, 9,","71, 77, 78,","Film","Feature","United States of America","11225, 11238,"
"772923","Shooting Permit","04/08/2024 10:00:00 AM","04/08/2024 10:00:00 PM","04/01/2024 11:23:14 AM","Mayor's Office of Media & Entertainment","53 AVENUE between 103 STREET and 108 STREET,  53RD AVENUE between 105TH STREET and 106TH STREET,  53 AVENUE between 106 STREET and 108 STREET,  106 STREET between 53 AVENUE and MARTENSE AVENUE,  106 STREET between 53 AVENUE and MARTENSE AVENUE,  108 STREET between 53 AVENUE and MARTENSE AVENUE,  108 STREET between 52 AVENUE and 53 AVENUE,  52 AVENUE between 103 STREET and 108 STREET,  CORONA AVENUE between 51 AVENUE and 52 AVENUE,  108 STREET between 51 AVENUE and 52 AVENUE","Queens","4,","110,","Film","Feature","United States of America","11368,"
"772857","Shooting Permit","04/03/2024 06:00:00 AM","04/03/2024 10:00:00 PM","04/01/2024 08:46:14 AM","Mayor's Office of Media & Entertainment","WASHINGTON AVENUE between SULLIVAN PLACE and EASTERN PARKWAY,  STERLING PLACE between CLASSON AVENUE and FRANKLIN AVENUE","Brooklyn","55, 8, 9,","71, 77, 78,","Film","Feature","United States of America","11225, 11238,"
"772646","Shooting Permit",,"04/05/2024 11:59:00 PM","03/29/2024 03:10:40 PM","Mayor's Office of Media & Entertainment","BOND STREET between 4 STREET and 3 STREET","Brooklyn","6,","76,","Film","Feature","United States of America","11231,"
"772289","Shooting Permit","04/01/2024 01:00:00 PM","04/01/2024 07:00:00 PM","03/28/2024 10:32:50 AM","Mayor's Office of Media & Entertainment","6 AVENUE between UNION STREET and BERKELEY PLACE,  UNION STREET between 5 AVENUE and 6 AVENUE,  6 AVENUE between UNION STREET and PRESIDENT STREET","Brooklyn","6,","78,","Film","Feature","United States of America","11215, 11217,"
"772143","Shooting Permit","04/05/2024 09:00:00 AM","04/06/2024 12:00:00 PM","03/27/2024 03:47:48 PM","Mayor's Office of Media & Entertainment","DOUGLASS STREET between SMITH STREET and COURT STREET,  COURT STREET between BERGEN STREET and WARREN STREET,  UNION STREET between COURT STREET and SMITH STREET,  HICKS STREET between SUMMIT STREET and CARROLL STREET,  COURT STREET between WARREN STREET and BALTIC STREET,  BALTIC STREET between COURT STREET and CLINTON STREET,  COURT STREET between BALTIC STREET and KANE STREET,  KANE STREET between COURT STREET and TOMPKINS PLACE,  COURT STREET between BALTIC STREET and BUTLER STREET,  COURT STREET between KANE STREET and DEGRAW STREET,  COURT STREET between DEGRAW STREET and SACKETT STREET,  COURT STREET between SACKETT STREET and UNION STREET","Brooklyn","2, 6,","76, 84,","Film","Feature","United States of America","11201, 11231,"
"772099","Shooting Permit","04/03/2024 07:00:00 AM","04/03/2024 09:00:00 PM","03/27/2024 02:04:51 PM","Mayor's Office of Media & Entertainment","89 AVENUE between 153 STREET and PARSONS BOULEVARD,  89 AVENUE between 153 STREET and 150 STREET,  90 AVENUE between PARSONS BOULEVARD and 161 STREET,  160 STREET between 90 AVENUE and JAMAICA AVENUE,  160 STREET between JAMAICA AVENUE and ARCHER AVENUE","Queens","12,","103,","Film","Feature","United States of America","11432, 11433,"
"772095","Shooting Permit","04/02/2024 06:00:00 AM","04/02/2024 08:00:00 PM","03/27/2024 01:51:34 PM","Mayor's Office of Media & Entertainment","89 AVENUE between 153 STREET and PARSONS BOULEVARD,  89 AVENUE between 150 STREET and 153 STREET,  90 AVENUE between PARSONS BOULEVARD and 161 STREET,  160 STREET between 90 AVENUE and JAMAICA AVENUE,  160 STREET between JAMAICA AVENUE and ARCHER AVENUE","Queens","12,","103,","Film","Feature","United States of America","11432, 11433,"
"772087","Shooting Permit","04/02/2024 06:00:00 AM","04/02/2024 10:00:00 PM","03/27/2024 01:27:44 PM","Mayor's Office of Media & Entertainment","WASHINGTON AVENUE between SULLIVAN PLACE and EASTERN PARKWAY,  STERLING PLACE between CLASSON AVENUE and FRANKLIN AVENUE","Brooklyn","55, 8, 9,","71, 77, 78,","Film","Feature","United States of America","11225, 11238,"
"771957","Shooting Permit","04/10/2024 10:00:00 AM","04/11/2024 01:00:00 AM","03/27/2024 09:59:01 AM","Mayor's Office of Media & Entertainment","OCEAN AVENUE between CORTELYOU ROAD and DORCHESTER ROAD,  EAST   19 STREET between CORTELYOU ROAD and DORCHESTER ROAD,  DORCHESTER ROAD between EAST   21 STREET and OCEAN AVENUE,  DORCHESTER ROAD between OCEAN AVENUE and EAST   18 STREET,  EAST   19 STREET between DORCHESTER ROAD and DITMAS AVENUE,  EAST   18 STREET between DORCHESTER ROAD and DITMAS AVENUE","Brooklyn","14,","70,","Film","Feature","United States of America","11226,"
"771949","Shooting Permit","04/09/2024 06:00:00 AM","04/09/2024 08:00:00 PM","03/27/2024 09:42:40 AM","Mayor's Office of Media & Entertainment","OCEAN AVENUE between CORTELYOU ROAD and DORCHESTER ROAD,  EAST   19 STREET between CORTELYOU ROAD and DORCHESTER ROAD,  DORCHESTER ROAD between EAST   21 STREET and OCEAN AVENUE,  DORCHESTER ROAD between OCEAN AVENUE and EAST   18 STREET,  EAST   19 STREET between DORCHESTER ROAD and DITMAS AVENUE,  EAST   18 STREET between DORCHESTER ROAD and DITMAS AVENUE","Brooklyn","14,","70,","Film","Feature","United States of America","11226,"
"771647","Shooting Permit","04/01/2024 06:00:00 AM","04/01/2024 10:00:00 PM","03/26/2024 08:48:43 AM","Mayor's Office of Media & Entertainment","WASHINGTON AVENUE between SULLIVAN PLACE and EASTERN PARKWAY,  STERLING PLACE between CLASSON AVENUE and FRANKLIN AVENUE,  CROWN STREET between WASHINGTON AVENUE and FRANKLIN AVENUE","Brooklyn","55, 8, 9,","71, 77, 78,","Film","Feature","United States of America","11225, 11238,"
"771566","Shooting Permit","04/02/2024 07:00:00 AM","04/02/2024 10:00:00 PM","03/25/2024 04:45:20 PM","Mayor's Office of Media & Entertainment","SMITH STREET between FULTON STREET and LIVINGSTON STREET,  BOERUM PLACE between LIVINGSTON STREET and SCHERMERHORN STREET,  LIVINGSTON STREET between GALLATIN PLACE and SMITH STREET,  GALLATIN PLACE between FULTON STREET and LIVINGSTON STREET,  LAWRENCE STREET between WILLOUGHBY STREET and FULTON STREET,  LIVINGSTON STREET between GALLATIN PLACE and HOYT STREET,  LIVINGSTON STREET between HOYT STREET and ELM PLACE,  LIVINGSTON STREET between ELM PLACE and BOND STREET,  BOND STREET between LIVINGSTON STREET and FULTON STREET,  BOERUM PLACE between LIVINGSTON STREET and JORALEMON STREET,  LIVINGSTON STREET between BOERUM PLACE and COURT STREET,  WILLOUGHBY STREET between LAWRENCE STREET and BRIDGE STREET","Brooklyn","2,","84,","Film","Feature","United States of America","11201,"
"771466","Shooting Permit","04/01/2024 07:00:00 AM","04/01/2024 07:00:00 PM","03/25/2024 01:06:19 PM","Mayor's Office of Media & Entertainment","89 AVENUE between PARSONS BOULEVARD and 153 STREET,  89 AVENUE between 153 STREET and 150 STREET,  90 AVENUE between PARSONS BOULEVARD and 161 STREET,  160 STREET between 90 AVENUE and JAMAICA AVENUE,  160 STREET between JAMAICA AVENUE and ARCHER AVENUE","Queens","12,","103,","Film","Feature","United States of America","11432, 11433,"
"771061","Shooting Permit","04/08/2024 06:00:00 AM","04/08/2024 08:00:00 PM","03/22/2024 02:07:34 PM","Mayor's Office of Media & Entertainment","OCEAN AVENUE between CORTELYOU ROAD and DORCHESTER ROAD,  EAST   19 STREET between CORTELYOU ROAD and DORCHESTER ROAD,  DORCHESTER ROAD between EAST   21 STREET and OCEAN AVENUE,  DORCHESTER ROAD between OCEAN AVENUE and EAST   18 STREET,  EAST   19 STREET between DORCHESTER ROAD and DITMAS AVENUE,  EAST   18 STREET between DORCHESTER ROAD and DITMAS AVENUE","Brooklyn","14,","70,","Film","Feature","United States of America","11226,"
"771043","Shooting Permit","04/01/2024 07:00:00 AM","04/01/2024 10:00:00 PM","03/22/2024 01:39:15 PM","Mayor's Office of Media & Entertainment","WASHINGTON PARK between WILLOUGHBY AVENUE and DEKALB AVENUE,  WASHINGTON PARK between WILLOUGHBY AVENUE and DEKALB AVENUE,  WASHINGTON PARK between WILLOUGHBY AVENUE and MYRTLE AVENUE,  LAFAYETTE AVENUE between SOUTH OXFORD STREET and CUMBERLAND STREET,  SOUTH OXFORD STREET between LAFAYETTE AVENUE and FULTON STREET,  DEKALB AVENUE between CUMBERLAND STREET and SOUTH OXFORD STREET,  DEKALB AVENUE between SOUTH OXFORD STREET and SOUTH ELLIOTT PLACE,  DEKALB AVENUE between SOUTH ELLIOTT PLACE and FT GREENE PLACE","Brooklyn","2,","88,","Film","Feature","United States of America","11205, 11217,"
"771029","Shooting Permit","04/05/2024 12:00:00 PM","04/06/2024 02:00:00 AM","03/22/2024 01:12:47 PM","Mayor's Office of Media & Entertainment","OCEAN AVENUE between CORTELYOU ROAD and DORCHESTER ROAD,  EAST   19 STREET between CORTELYOU ROAD and DORCHESTER ROAD,  DORCHESTER ROAD between EAST   21 STREET and OCEAN AVENUE,  DORCHESTER ROAD between OCEAN AVENUE and EAST   18 STREET,  EAST   19 STREET between DORCHESTER ROAD and DITMAS AVENUE,  EAST   18 STREET between DORCHESTER ROAD and DITMAS AVENUE","Brooklyn","14,","70,","Film","Feature","United States of America","11226,"
"770527","Shooting Permit","04/04/2024 11:00:00 AM","04/05/2024 02:00:00 AM","03/20/2024 05:34:04 PM","Mayor's Office of Media & Entertainment","OCEAN AVENUE between CORTELYOU ROAD and DORCHESTER ROAD,  EAST   19 STREET between CORTELYOU ROAD and DORCHESTER ROAD,  DORCHESTER ROAD between EAST   21 STREET and OCEAN AVENUE,  DORCHESTER ROAD between OCEAN AVENUE and EAST   18 STREET,  EAST   19 STREET between DORCHESTER ROAD and DITMAS AVENUE,  EAST   18 STREET between DORCHESTER ROAD and DITMAS AVENUE","Brooklyn","14,","70,","Film","Feature","United States of America","11226,"
"770513","Rigging Permit","03/27/2024 07:00:00 AM","03/27/2024 07:00:00 PM","03/20/2024 05:03:25 PM","Mayor's Office of Media & Entertainment","6 AVENUE between UNION STREET and BERKELEY PLACE","Brooklyn","6,","78,","Film","Feature","United States of America","11217,"
"770508","Rigging Permit","03/25/2024 07:00:00 AM","03/25/2024 07:00:00 PM","03/20/2024 04:54:50 PM","Mayor's Office of Media & Entertainment","6 AVENUE between UNION STREET and BERKELEY PLACE","Brooklyn","6,","78,","Film","Feature","United States of America","11217,"
"770414","Shooting Permit","03/26/2024 06:00:00 AM","03/26/2024 08:00:00 PM","03/20/2024 01:37:07 PM","Mayor's Office of Media & Entertainment","9 STREET between 43 ROAD and 44 AVENUE,  10 STREET between 43 AVENUE and 44 AVENUE,  44 AVENUE between 9 STREET and 10 STREET","Queens","2,","108,","Film","Feature","United States of America","11101,"
"770405","Shooting Permit","03/25/2024 06:00:00 AM","03/25/2024 08:00:00 PM","03/20/2024 01:13:35 PM","Mayor's Office of Media & Entertainment","9 STREET between 43 ROAD and 44 AVENUE,  10 STREET between 43 AVENUE and 44 AVENUE,  44 AVENUE between 9 STREET and 10 STREET","Queens","2,","108,","Film","Feature","United States of America","11101,"
"770157","Shooting Permit","03/27/2024 09:00:00 AM","03/27/2024 11:30:00 PM","03/19/2024 03:26:37 PM","Mayor's Office of Media & Entertainment","40 ROAD between PRINCE STREET and MAIN STREET,  PRINCE STREET between ROOSEVELT AVENUE and 40 ROAD,  MAIN STREET between 41 AVENUE and SANFORD AVENUE,  41 AVENUE between UNION STREET and KISSENA BOULEVARD,  BARCLAY AVENUE between UNION STREET and KISSENA BOULEVARD,  KISSENA BOULEVARD between BARCLAY AVENUE and MAIN STREET","Queens","7,","109,","Film","Feature","United States of America","11354, 11355,"
"770150","Shooting Permit","03/22/2024 06:00:00 AM","03/22/2024 08:00:00 PM","03/19/2024 03:10:04 PM","Mayor's Office of Media & Entertainment","9 STREET between 43 ROAD and 44 AVENUE,  10 STREET between 43 AVENUE and 44 AVENUE,  44 AVENUE between 9 STREET and 10 STREET","Queens","2,","108,","Film","Feature","United States of America","11101,"
"770149","Shooting Permit","03/24/2024 07:00:00 AM","03/24/2024 07:00:00 PM","03/19/2024 03:09:53 PM","Mayor's Office of Media & Entertainment","COLUMBIA STREET between CONGRESS STREET and WARREN STREET,  COLUMBIA STREET between WARREN STREET and BALTIC STREET,  WARREN STREET between COLUMBIA STREET and HICKS STREET,  DIVISION STREET between BOWERY and MARKET STREET,  JAY STREET between CONCORD STREET and NASSAU STREET,  3 AVENUE between 34 STREET and 35 STREET,  3 AVENUE between 35 STREET and 36 STREET,  66 STREET between 5 AVENUE and 6 AVENUE,  FORT HAMILTON PARKWAY between 92 STREET and 94 STREET","Brooklyn","10, 2, 3, 6, 7,","5, 68, 72, 76, 84,","Film","Feature","United States of America","10002, 11201, 11209, 11220, 11232,"
"769970","Shooting Permit","03/26/2024 06:00:00 AM","03/26/2024 10:00:00 PM","03/19/2024 09:13:40 AM","Mayor's Office of Media & Entertainment","6 AVENUE between UNION STREET and BERKELEY PLACE,  UNION STREET between 6 AVENUE and 7 AVENUE,  UNION STREET between 5 AVENUE and 6 AVENUE,  BERKELEY PLACE between 5 AVENUE and 6 AVENUE,  5 AVENUE between PRESIDENT STREET and UNION STREET,  CARROLL STREET between 6 AVENUE and 7 AVENUE,  7 AVENUE between GARFIELD PLACE and UNION STREET","Brooklyn","6,","78,","Film","Feature","United States of America","11215, 11217,"
"769928","Shooting Permit","03/25/2024 06:00:00 AM","03/25/2024 10:00:00 PM","03/18/2024 08:02:44 PM","Mayor's Office of Media & Entertainment","WATER STREET between DOCK STREET and WASHINGTON STREET,  MAIN STREET between WATER STREET and PLYMOUTH STREET,  WASHINGTON STREET between WATER STREET and PLYMOUTH STREET,  PEARL STREET between PLYMOUTH STREET and WATER STREET,  PLYMOUTH STREET between BRIDGE STREET and JAY STREET,  CADMAN PLAZA WEST between TILLARY STREET and MIDDAGH STREET,  TILLARY STREET between CADMAN PLAZA WEST and CADMAN PLAZA EAST","Brooklyn","2,","84,","Film","Feature","United States of America","11201,"
"769912","Shooting Permit","03/30/2024 04:00:00 PM","03/30/2024 11:59:00 PM","03/18/2024 07:02:05 PM","Mayor's Office of Media & Entertainment","28 STREET between 34 AVENUE and 35 AVENUE","Queens","1,","114,","Film","Short","United States of America","11106,"
"769909","Shooting Permit","03/29/2024 06:00:00 PM","03/30/2024 02:00:00 AM","03/18/2024 06:13:17 PM","Mayor's Office of Media & Entertainment","EVERGREEN AVENUE between CHAUNCEY STREET and PILLING STREET,  CENTRAL AVENUE between PILLING STREET and DEAD END","Brooklyn","4,","83,","Film","Short","United States of America","11207,"
"769894","Shooting Permit","03/26/2024 01:00:00 PM","03/26/2024 07:00:00 PM","03/18/2024 05:06:45 PM","Mayor's Office of Media & Entertainment","DOBBIN STREET between NASSAU AVENUE and NORMAN AVENUE","Brooklyn","1,","94,","Film","Short","United States of America","11222,"
"769879","Shooting Permit","03/26/2024 05:00:00 AM","03/26/2024 02:00:00 PM","03/18/2024 04:40:15 PM","Mayor's Office of Media & Entertainment","GARFIELD PLACE between SEVENTH AVENUE and POLHEMUS PLACE,  POLHEMUS PLACE between GARFIELD PLACE and CARROLL STREET","Brooklyn","6,","78,","Film","Short","United States of America","11215,"
"769690","Shooting Permit","03/25/2024 08:00:00 AM","03/25/2024 09:00:00 PM","03/18/2024 11:17:30 AM","Mayor's Office of Media & Entertainment","39 AVENUE between 138 STREET and UNION STREET,  39 AVENUE between 138 STREET and MAIN STREET,  PRINCE STREET between ROOSEVELT AVENUE and 40 ROAD,  40 ROAD between PRINCE STREET and MAIN STREET,  KISSENA BOULEVARD between MAIN STREET and BARCLAY AVENUE","Queens","7,","109,","Film","Feature","United States of America","11354, 11355,"
"769387","Shooting Permit","03/26/2024 07:00:00 AM","03/26/2024 10:00:00 PM","03/15/2024 05:01:17 PM","Mayor's Office of Media & Entertainment","KISSENA BOULEVARD between 41 AVENUE and SANFORD AVENUE,  BARCLAY AVENUE between KISSENA BOULEVARD and UNION STREET,  41 AVENUE between KISSENA BOULEVARD and UNION STREET","Queens","7,","109,","Film","Feature","United States of America","11355,"
"769243","Rigging Permit","03/18/2024 07:00:00 AM","03/18/2024 07:00:00 PM","03/15/2024 11:09:54 AM","Mayor's Office of Media & Entertainment","INGRAHAM STREET between PORTER AVENUE and KNICKERBOCKER AVENUE","Brooklyn","1,","90,","Film","Feature","United States of America","11237,"
"769228","Shooting Permit","03/21/2024 06:00:00 AM","03/21/2024 08:00:00 PM","03/15/2024 10:38:11 AM","Mayor's Office of Media & Entertainment","9 STREET between 43 ROAD and 44 AVENUE,  10 STREET between 43 AVENUE and 44 AVENUE,  44 AVENUE between 9 STREET and 10 STREET","Queens","2,","108,","Film","Feature","United States of America","11101,"
"769224","Shooting Permit","03/20/2024 06:00:00 AM","03/20/2024 08:00:00 PM","03/15/2024 10:29:14 AM","Mayor's Office of Media & Entertainment","9 STREET between 43 ROAD and 44 AVENUE,  10 STREET between 43 AVENUE and 44 AVENUE,  44 AVENUE between 9 STREET and 10 STREET","Queens","2,","108,","Film","Feature","United States of America","11101,"
"769209","Shooting Permit","03/27/2024 06:00:00 AM","03/27/2024 08:00:00 PM","03/15/2024 09:54:58 AM","Mayor's Office of Media & Entertainment","MONITOR STREET between GREENPOINT AVENUE and NORMAN AVENUE,  KINGSLAND AVENUE between GREENPOINT AVENUE and NORMAN AVENUE","Brooklyn","1,","94,","Film","Feature","United States of America","11222,"
"769204","Shooting Permit","03/26/2024 06:00:00 AM","03/26/2024 08:00:00 PM","03/15/2024 09:50:02 AM","Mayor's Office of Media & Entertainment","MONITOR STREET between GREENPOINT AVENUE and NORMAN AVENUE,  KINGSLAND AVENUE between GREENPOINT AVENUE and NORMAN AVENUE","Brooklyn","1,","94,","Film","Feature","United States of America","11222,"
"769197","Shooting Permit","03/25/2024 06:00:00 AM","03/25/2024 08:00:00 PM","03/15/2024 09:42:17 AM","Mayor's Office of Media & Entertainment","MONITOR STREET between GREENPOINT AVENUE and NORMAN AVENUE,  KINGSLAND AVENUE between GREENPOINT AVENUE and NORMAN AVENUE","Brooklyn","1,","94,","Film","Feature","United States of America","11222,"
"769088","Shooting Permit","03/17/2024 07:30:00 AM","03/17/2024 09:30:00 PM","03/14/2024 04:16:20 PM","Mayor's Office of Media & Entertainment","EAST   19 STREET between FOSTER AVENUE and GLENWOOD ROAD","Brooklyn","13, 14,","60, 70,","Film","Student Film","United States of America","11214, 11230,"
"769022","Shooting Permit","03/19/2024 06:00:00 AM","03/19/2024 08:00:00 PM","03/14/2024 01:30:23 PM","Mayor's Office of Media & Entertainment","9 STREET between 43 ROAD and 44 AVENUE,  10 STREET between 43 AVENUE and 44 AVENUE,  44 AVENUE between 9 STREET and 10 STREET","Queens","2,","108,","Film","Feature","United States of America","11101,"
"768784","Shooting Permit","03/22/2024 07:00:00 AM","03/22/2024 09:00:00 PM","03/13/2024 03:51:27 PM","Mayor's Office of Media & Entertainment","MONITOR STREET between GREENPOINT AVENUE and NORMAN AVENUE,  KINGSLAND AVENUE between GREENPOINT AVENUE and NORMAN AVENUE","Brooklyn","1,","94,","Film","Feature","United States of America","11222,"
"768767","Shooting Permit","03/20/2024 07:00:00 AM","03/20/2024 10:00:00 PM","03/13/2024 03:11:25 PM","Mayor's Office of Media & Entertainment","MYRTLE AVENUE between FREEDOM DRIVE and PARK LN SOUTH,  FREEDOM DRIVE between MYRTLE AVENUE and PARK LN SOUTH,  101 STREET between 86 AVENUE and JAMAICA AVENUE,  86 AVENUE between 101 STREET and 102 STREET,  101 STREET between 85 ROAD and 86 AVENUE,  JAMAICA AVENUE between 96 STREET and 97 STREET,  JAMAICA AVENUE between 98 STREET and 101 STREET","Queens","82, 9,","102,","Film","Feature","United States of America","11385, 11418, 11421,"
"768756","Shooting Permit","03/18/2024 06:00:00 AM","03/18/2024 08:00:00 PM","03/13/2024 02:38:23 PM","Mayor's Office of Media & Entertainment","9 STREET between 43 ROAD and 44 AVENUE,  10 STREET between 43 AVENUE and 44 AVENUE,  44 AVENUE between 9 STREET and 10 STREET","Queens","2,","108,","Film","Feature","United States of America","11101,"
"768619","Shooting Permit","03/15/2024 06:00:00 AM","03/15/2024 10:00:00 PM","03/13/2024 10:18:22 AM","Mayor's Office of Media & Entertainment","29 STREET between 3 AVENUE and 4 AVENUE,  COOPER SQUARE between EAST    5 STREET and EAST    6 STREET","Brooklyn","2, 3, 7,","72, 9,","Film","Student Film","United States of America","10003, 11232,"
"768266","Shooting Permit","03/15/2024 06:00:00 AM","03/15/2024 10:00:00 PM","03/12/2024 09:03:53 AM","Mayor's Office of Media & Entertainment","CRESCENT STREET between DITMARS BOULEVARD and 21 AVENUE,  27 STREET between DITMARS BOULEVARD and 21 AVENUE,  21 AVENUE between CRESCENT STREET and 27 STREET","Queens","1,","114,","Film","Feature","United States of America","11105,"
"768264","Shooting Permit","03/14/2024 06:00:00 AM","03/14/2024 10:00:00 PM","03/12/2024 08:50:25 AM","Mayor's Office of Media & Entertainment","CRESCENT STREET between DITMARS BOULEVARD and 21 AVENUE,  27 STREET between DITMARS BOULEVARD and 21 AVENUE,  21 AVENUE between CRESCENT STREET and 27 STREET","Queens","1,","114,","Film","Feature","United States of America","11105,"
"768145","Rigging Permit","03/16/2024 06:00:00 AM","03/16/2024 08:00:00 PM","03/11/2024 03:51:25 PM","Mayor's Office of Media & Entertainment","MONITOR STREET between GREENPOINT AVENUE and NORMAN AVENUE","Brooklyn","1,","94,","Film","Feature","United States of America","11222,"
"767328","Shooting Permit","03/15/2024 06:00:00 AM","03/15/2024 11:00:00 PM","03/07/2024 10:49:40 AM","Mayor's Office of Media & Entertainment","INGRAHAM STREET between PORTER AVENUE and KNICKERBOCKER AVENUE,  PORTER AVENUE between JOHNSON AVENUE and HARRISON PLACE","Brooklyn","1,","90,","Film","Feature","United States of America","11237,"
"767320","Shooting Permit","03/13/2024 06:00:00 AM","03/13/2024 11:00:00 PM","03/07/2024 10:38:52 AM","Mayor's Office of Media & Entertainment","INGRAHAM STREET between PORTER AVENUE and KNICKERBOCKER AVENUE,  PORTER AVENUE between JOHNSON AVENUE and HARRISON PLACE","Brooklyn","1,","90,","Film","Feature","United States of America","11237,"
"767319","Shooting Permit","03/14/2024 06:00:00 AM","03/14/2024 11:00:00 PM","03/07/2024 10:38:24 AM","Mayor's Office of Media & Entertainment","INGRAHAM STREET between PORTER AVENUE and KNICKERBOCKER AVENUE,  PORTER AVENUE between JOHNSON AVENUE and HARRISON PLACE","Brooklyn","1,","90,","Film","Feature","United States of America","11237,"
"767308","Shooting Permit","03/12/2024 06:00:00 AM","03/12/2024 09:00:00 PM","03/07/2024 10:09:34 AM","Mayor's Office of Media & Entertainment","70 AVENUE between OLCOTT STREET and METROPOLITAN AVENUE,  70 ROAD between METROPOLITAN AVENUE and SYBILLA STREET,  METROPOLITAN AVENUE between 70 AVENUE and 71 AVENUE,  INGRAHAM STREET between PORTER AVENUE and KNICKERBOCKER AVENUE,  PORTER AVENUE between JOHNSON AVENUE and HARRISON PLACE","Queens","1, 6,","112, 90,","Film","Feature","United States of America","11237, 11375,"
"767176","Shooting Permit","03/11/2024 04:00:00 AM","03/11/2024 09:00:00 PM","03/06/2024 03:52:14 PM","Mayor's Office of Media & Entertainment","BOERUM PLACE between JORALEMON STREET and LIVINGSTON STREET,  COURT STREET between LIVINGSTON STREET and JORALEMON STREET,  COURT STREET between JORALEMON STREET and MONTAGUE STREET,  CADMAN PLAZA WEST between MONTAGUE STREET and PIERREPONT STREET,  CADMAN PLAZA WEST between TILLARY STREET and MIDDAGH STREET","Brooklyn","2,","84,","Film","Feature","United States of America","11201,"
"766679","Shooting Permit","03/15/2024 10:00:00 AM","03/15/2024 11:30:00 PM","03/05/2024 09:50:22 AM","Mayor's Office of Media & Entertainment","CLASSON AVENUE between BERGEN STREET and DEAN STREET,  DEAN STREET between CLASSON AVENUE and GRAND AVENUE,  FULTON STREET between CLASSON AVENUE and FRANKLIN AVENUE,  DEAN STREET between CLASSON AVENUE and FRANKLIN AVENUE,  FULTON STREET between GRAND AVENUE and CLASSON AVENUE","Brooklyn","2, 3, 8,","77, 79, 88,","Film","Feature","United States of America","11238,"
"766677","Shooting Permit","03/14/2024 09:00:00 AM","03/14/2024 11:00:00 PM","03/05/2024 09:44:27 AM","Mayor's Office of Media & Entertainment","CLASSON AVENUE between BERGEN STREET and DEAN STREET,  DEAN STREET between CLASSON AVENUE and GRAND AVENUE,  FULTON STREET between CLASSON AVENUE and FRANKLIN AVENUE,  DEAN STREET between CLASSON AVENUE and FRANKLIN AVENUE,  FULTON STREET between GRAND AVENUE and CLASSON AVENUE","Brooklyn","2, 3, 8,","77, 79, 88,","Film","Feature","United States of America","11238,"
"766673","Shooting Permit","03/13/2024 09:00:00 AM","03/13/2024 11:00:00 PM","03/05/2024 09:33:13 AM","Mayor's Office of Media & Entertainment","COLUMBIA STREET between WARREN STREET and PRESIDENT STREET,  UNION STREET between VAN BRUNT STREET and COLUMBIA STREET,  UNION STREET between COLUMBIA STREET and HICKS STREET,  HICKS STREET between SUMMIT STREET and CARROLL STREET","Brooklyn","6,","76,","Film","Feature","United States of America","11201, 11231,"
"766668","Shooting Permit","03/12/2024 08:00:00 AM","03/12/2024 10:00:00 PM","03/05/2024 09:21:45 AM","Mayor's Office of Media & Entertainment","COLUMBIA STREET between WARREN STREET and PRESIDENT STREET,  UNION STREET between VAN BRUNT STREET and COLUMBIA STREET,  UNION STREET between COLUMBIA STREET and HICKS STREET,  HICKS STREET between SUMMIT STREET and CARROLL STREET","Brooklyn","2, 6,","76, 84,","Film","Feature","United States of America","11201, 11231,"
"766653","Rigging Permit","03/09/2024 07:00:00 AM","03/09/2024 07:00:00 PM","03/05/2024 08:50:13 AM","Mayor's Office of Media & Entertainment","NORTH    7 STREET between WYTHE AVENUE and BERRY STREET,  BERRY STREET between NORTH    7 STREET and NORTH    8 STREET","Brooklyn","1,","94,","Film","Feature","United States of America","11249,"
"766652","Rigging Permit","03/07/2024 07:00:00 AM","03/07/2024 07:00:00 PM","03/05/2024 08:48:31 AM","Mayor's Office of Media & Entertainment","NORTH    7 STREET between WYTHE AVENUE and BERRY STREET,  BERRY STREET between NORTH    7 STREET and NORTH    8 STREET","Brooklyn","1,","94,","Film","Feature","United States of America","11249,"
"766651","Shooting Permit","03/11/2024 06:00:00 AM","03/11/2024 08:00:00 PM","03/05/2024 08:43:24 AM","Mayor's Office of Media & Entertainment","COURT STREET between STATE STREET and LIVINGSTON STREET,  SCHERMERHORN STREET between COURT STREET and BOERUM PLACE,  BOERUM PLACE between SCHERMERHORN STREET and LIVINGSTON STREET,  STATE STREET between BOERUM PLACE and COURT STREET,  CADMAN PLAZA WEST between TILLARY STREET and MIDDAGH STREET","Brooklyn","2, 6,","76, 78, 84,","Film","Feature","United States of America","11201, 11215, 11231,"
"766141","Shooting Permit","03/08/2024 10:00:00 AM","03/09/2024 01:00:00 AM","03/01/2024 03:26:19 PM","Mayor's Office of Media & Entertainment","DITMARS BOULEVARD between 102 STREET and 27 AVENUE","Queens","3,","115,","Film","Feature","United States of America","11369,"
"766035","Shooting Permit","03/07/2024 06:00:00 AM","03/07/2024 07:00:00 PM","03/01/2024 11:32:38 AM","Mayor's Office of Media & Entertainment","8 AVENUE between ST JOHNS PLACE and LINCOLN PLACE,  LINCOLN PLACE between 8 AVENUE and PLAZA ST WEST,  ST JOHNS PL between 7 AVENUE and PLAZA ST W,  PLAZA ST W between ST JOHNS PL and BERKELEY PL,  FLATBUSH AVE between GRAND ARMY PLAZA and EMPIRE BLVD,  UNION STREET between 6 AVENUE and 7 AVENUE","Brooklyn","55, 6, 8,","77, 78,","Film","Feature","United States of America","11215, 11217, 11238,"
"766034","Shooting Permit","03/06/2024 06:00:00 AM","03/06/2024 07:00:00 PM","03/01/2024 11:31:47 AM","Mayor's Office of Media & Entertainment","8 AVENUE between ST JOHNS PLACE and LINCOLN PLACE,  LINCOLN PLACE between 8 AVENUE and PLAZA ST WEST,  ST JOHNS PL between 7 AVENUE and PLAZA ST W,  PLAZA ST W between ST JOHNS PL and BERKELEY PL,  FLATBUSH AVE between GRAND ARMY PLAZA and EMPIRE BLVD,  UNION STREET between 6 AVENUE and 7 AVENUE","Brooklyn","55, 6, 8,","77, 78,","Film","Feature","United States of America","11215, 11217, 11225, 11238,"
"765716","Shooting Permit","03/08/2024 06:00:00 AM","03/08/2024 10:00:00 PM","02/29/2024 09:45:26 AM","Mayor's Office of Media & Entertainment","BEDFORD AVENUE between NORTH    8 STREET and NORTH    9 STREET,  BEDFORD AVENUE between NORTH    9 STREET and NORTH   10 STREET,  NORTH    9 STREET between BERRY STREET and BEDFORD AVENUE,  BEDFORD AVENUE between NORTH    6 STREET and NORTH    7 STREET,  BERRY STREET between NORTH    7 STREET and NORTH    8 STREET,  NORTH    8 STREET between WYTHE AVENUE and BERRY STREET,  NORTH    8 STREET between BERRY STREET and BEDFORD AVENUE,  BERRY STREET between NORTH    8 STREET and NORTH    9 STREET,  NORTH    7 STREET between WYTHE AVENUE and BERRY STREET,  NORTH    7 STREET between BERRY STREET and BEDFORD AVENUE,  NICHOLAS POLONSKI WALK between BEDFORD AVENUE and DRIGGS AVENUE,  NORTH    7 STREET between BEDFORD AVENUE and DRIGGS AVENUE,  DRIGGS AVENUE between NORTH    7 STREET and NORTH    8 STREET,  DRIGGS AVENUE between NORTH    8 STREET and NORTH    9 STREET,  NORTH    8 STREET between BEDFORD AVENUE and DRIGGS AVENUE,  NORTH   10 STREET between KENT AVENUE and WYTHE AVENUE,  NORTH   12 STREET between WYTHE AVENUE and BERRY STREET,  NORTH   12 STREET between BERRY STREET and BEDFORD AVENUE,  BERRY STREET between NORTH   12 STREET and NORTH   14 STREET","Brooklyn","1,","94,","Film","Feature","United States of America","11211, 11249,"
"765166","Shooting Permit","02/29/2024 01:00:00 PM","03/01/2024 01:30:00 AM","02/26/2024 05:26:00 PM","Mayor's Office of Media & Entertainment","ALBEMARLE ROAD between DEAD END and BUCKINGHAM ROAD,  MARLBOROUGH ROAD between ALBEMARLE ROAD and CHURCH AVENUE,  MARLBOROUGH ROAD between ALBEMARLE ROAD and CHURCH AVENUE,  CHURCH AVENUE between BUCKINGHAM ROAD and EAST   17 STREET,  CHURCH AVENUE between MARLBOROUGH ROAD and EAST   18 STREET","Brooklyn","14,","70,","Film","Feature","United States of America","11226,"
"765063","Rigging Permit","03/04/2024 06:00:00 AM","03/04/2024 08:00:00 PM","02/26/2024 01:06:03 PM","Mayor's Office of Media & Entertainment","KINGSLAND AVENUE between GREENPOINT AVENUE and NORMAN AVENUE","Brooklyn","1,","94,","Film","Feature","United States of America","11222,"
"764976","Shooting Permit","03/07/2024 06:00:00 AM","03/07/2024 10:00:00 PM","02/26/2024 10:24:47 AM","Mayor's Office of Media & Entertainment","MONTAGUE STREET between HICKS STREET and HENRY STREET,  MONTAGUE STREET between HENRY STREET and COURT STREET,  HICKS STREET between MONTAGUE STREET and PIERREPONT STREET,  CADMAN PLAZA WEST between MIDDAGH STREET and TILLARY STREET,  TILLARY STREET between CADMAN PLAZA WEST and CADMAN PLAZA EAST,  REMSEN STREET between HENRY STREET and CLINTON STREET","Brooklyn","2,","84,","Film","Feature","United States of America","11201,"
"764636","Shooting Permit","03/04/2024 06:00:00 AM","03/04/2024 10:00:00 PM","02/23/2024 08:23:55 AM","Mayor's Office of Media & Entertainment","NORTH   10 STREET between WYTHE AVENUE and BERRY STREET,  WYTHE AVENUE between NORTH   10 STREET and NORTH   11 STREET,  NORTH   11 STREET between WYTHE AVENUE and BERRY STREET,  WYTHE AVENUE between NORTH    9 STREET and NORTH   10 STREET,  NORTH   10 STREET between KENT AVENUE and WYTHE AVENUE,  NORTH   12 STREET between WYTHE AVENUE and BERRY STREET,  NORTH   12 STREET between BERRY STREET and BEDFORD AVENUE,  BEDFORD AVENUE between NORTH   12 STREET and NASSAU AVENUE","Brooklyn","1,","94,","Film","Feature","United States of America","11222, 11249,"
"764595","Shooting Permit","02/28/2024 11:00:00 AM","02/29/2024 03:00:00 AM","02/22/2024 06:14:49 PM","Mayor's Office of Media & Entertainment","ALBEMARLE ROAD between DEAD END and BUCKINGHAM ROAD,  MARLBOROUGH ROAD between ALBEMARLE ROAD and CHURCH AVENUE,  MARLBOROUGH ROAD between ALBEMARLE ROAD and CHURCH AVENUE,  CHURCH AVENUE between MARLBOROUGH ROAD and BUCKINGHAM ROAD,  CHURCH AVENUE between BUCKINGHAM ROAD and EAST   18 STREET","Brooklyn","14,","70,","Film","Feature","United States of America","11226,"
"764593","Shooting Permit","03/03/2024 08:00:00 AM","03/03/2024 06:00:00 PM","02/22/2024 06:02:23 PM","Mayor's Office of Media & Entertainment","FRANKLIN AVENUE between EASTERN PARKWAY and UNION STREET","Brooklyn","9,","71,","Film","Short","United States of America","11225,"
"764350","Shooting Permit","02/27/2024 10:00:00 AM","02/28/2024 02:00:00 AM","02/21/2024 04:58:51 PM","Mayor's Office of Media & Entertainment","ALBEMARLE ROAD between DEAD END and BUCKINGHAM ROAD,  MARLBOROUGH ROAD between ALBEMARLE ROAD and CHURCH AVENUE,  MARLBOROUGH ROAD between ALBEMARLE ROAD and CHURCH AVENUE,  CHURCH AVENUE between MARLBOROUGH ROAD and BUCKINGHAM ROAD,  CHURCH AVENUE between BUCKINGHAM ROAD and EAST   18 STREET","Brooklyn","14,","70,","Film","Feature","United States of America","11226,"
"764314","Shooting Permit","03/01/2024 06:00:00 AM","03/01/2024 07:00:00 PM","02/21/2024 03:19:05 PM","Mayor's Office of Media & Entertainment","SOUTH OXFORD STREET between DEKALB AVENUE and LAFAYETTE AVENUE,  LAFAYETTE AVENUE between SOUTH ELLIOTT PLACE and CUMBERLAND STREET,  SOUTH OXFORD STREET between LAFAYETTE AVENUE and FULTON STREET,  ASHLAND PLACE between DEKALB AVENUE and WILLOUGHBY STREET,  FULTON STREET between FORT GREENE PLACE and SOUTH ELLIOTT PLACE","Brooklyn","0, 2,","0, 88,","Film","Feature","United States of America","0, 11201, 11217,"
"764313","Shooting Permit","02/29/2024 06:00:00 AM","02/29/2024 07:00:00 PM","02/21/2024 03:18:32 PM","Mayor's Office of Media & Entertainment","SOUTH OXFORD STREET between DEKALB AVENUE and LAFAYETTE AVENUE,  LAFAYETTE AVENUE between SOUTH ELLIOTT PLACE and CUMBERLAND STREET,  SOUTH OXFORD STREET between LAFAYETTE AVENUE and FULTON STREET,  ASHLAND PLACE between DEKALB AVENUE and WILLOUGHBY STREET","Brooklyn","2,","88,","Film","Feature","United States of America","11201, 11217,"
"764312","Shooting Permit","02/28/2024 06:00:00 AM","02/28/2024 07:00:00 PM","02/21/2024 03:17:51 PM","Mayor's Office of Media & Entertainment","SOUTH OXFORD STREET between DEKALB AVENUE and LAFAYETTE AVENUE,  LAFAYETTE AVENUE between SOUTH ELLIOTT PLACE and CUMBERLAND STREET,  SOUTH OXFORD STREET between LAFAYETTE AVENUE and FULTON STREET,  ASHLAND PLACE between DEKALB AVENUE and WILLOUGHBY STREET","Brooklyn","2,","88,","Film","Feature","United States of America","11201, 11217,"
"764311","Shooting Permit","02/27/2024 06:00:00 AM","02/27/2024 07:00:00 PM","02/21/2024 03:17:18 PM","Mayor's Office of Media & Entertainment","SOUTH OXFORD STREET between DEKALB AVENUE and LAFAYETTE AVENUE,  LAFAYETTE AVENUE between SOUTH ELLIOTT PLACE and CUMBERLAND STREET,  SOUTH OXFORD STREET between LAFAYETTE AVENUE and FULTON STREET,  ASHLAND PLACE between DEKALB AVENUE and WILLOUGHBY STREET","Brooklyn","2,","88,","Film","Feature","United States of America","11201, 11217,"
"764171","Shooting Permit","02/29/2024 06:00:00 AM","02/29/2024 10:00:00 PM","02/21/2024 08:13:15 AM","Mayor's Office of Media & Entertainment","FURMAN STREET between DOUGHTY STREET and MONTAGUE STREET,  COLUMBIA HEIGHTS between VINE STREET and DOUGHTY STREET,  EVERIT STREET between DOUGHTY STREET and OLD FULTON STREET,  VINE STREET between COLUMBIA HEIGHTS and MCKENNY STREET,  CADMAN PLAZA WEST between MIDDAUGH STREET and TILLARY STREET,  TILLARY STREET between CADMAN PLAZA WEST and CADMAN PLAZA EAST","Brooklyn","2,","84,","Film","Feature","United States of America","11201,"
"764017","Shooting Permit","02/23/2024 06:00:00 AM","02/23/2024 10:00:00 PM","02/20/2024 10:29:51 AM","Mayor's Office of Media & Entertainment","WEST    9 STREET between HICKS STREET and HENRY STREET,  HUNTINGTON STREET between HICKS STREET and HENRY STREET,  HENRY STREET between WEST    9 STREET and HUNTINGTON STREET,  HENRY STREET between WEST    9 STREET and MILL STREET","Brooklyn","6,","76,","Film","Short","United States of America","11231,"
"764009","Shooting Permit","02/22/2024 07:00:00 AM","02/22/2024 10:00:00 PM","02/20/2024 10:02:11 AM","Mayor's Office of Media & Entertainment","VERNON BOULEVARD between 47 ROAD and 49 AVENUE,  47 ROAD between 5 STREET and 11 STREET,  48 AVENUE between VERNON BOULEVARD and 5 STREET,  VERNON BOULEVARD between 47 ROAD and 47 AVENUE","Queens","2,","108,","Film","Feature","United States of America","11101,"
"763990","Shooting Permit","03/05/2024 02:30:00 PM","03/06/2024 12:30:00 PM","02/20/2024 08:59:29 AM","Mayor's Office of Media & Entertainment","KERMIT PLACE between OCEAN PARKWAY and EAST    7 STREET","Brooklyn","7,","72,","Film","Short","United States of America","11218,"
"763959","Shooting Permit","02/22/2024 06:00:00 AM","02/22/2024 09:00:00 PM","02/19/2024 08:27:36 PM","Mayor's Office of Media & Entertainment","BEACH  132 STREET between ROCKAWAY BEACH BOULEVARD and NEWPORT AVENUE,  NEWPORT AVENUE between BEACH  132 STREET and BEACH  131 STREET,  BEACH  131 STREET between ROCKAWAY BEACH BOULEVARD and NEWPORT AVENUE","Queens","14,","100,","Film","Short","United States of America","11694,"
"763932","Shooting Permit","02/22/2024 11:00:00 AM","02/23/2024 02:00:00 AM","02/19/2024 02:45:45 PM","Mayor's Office of Media & Entertainment","ALBEMARLE ROAD between DEAD END and BUCKINGHAM ROAD,  MARLBOROUGH ROAD between ALBEMARLE ROAD and CHURCH AVENUE,  MARLBOROUGH ROAD between ALBEMARLE ROAD and CHURCH AVENUE,  CHURCH AVENUE between MARLBOROUGH ROAD and BUCKINGHAM ROAD,  CHURCH AVENUE between BUCKINGHAM ROAD and EAST   18 STREET","Brooklyn","14,","70,","Film","Feature","United States of America","11226,"
"763711","Shooting Permit","02/26/2024 01:00:00 AM","02/26/2024 02:00:00 PM","02/16/2024 02:56:32 PM","Mayor's Office of Media & Entertainment","MAIN STREET between WATER STREET and PLYMOUTH STREET,  WATER STREET between MAIN STREET and WASHINGTON STREET,  WASHINGTON STREET between PLYMOUTH STREET and WATER STREET,  CADMAN PLAZA WEST between MIDDAGH STREET and CLARK STREET,  PEARL STREET between PLYMOUTH STREET and WATER STREET","Brooklyn","2,","84,","Film","Feature","United States of America","11201,"
"763695","Shooting Permit","02/21/2024 06:00:00 AM","02/21/2024 07:00:00 PM","02/16/2024 02:11:11 PM","Mayor's Office of Media & Entertainment","BEACH  132 STREET between ROCKAWAY BEACH BOULEVARD and NEWPORT AVENUE","Queens","14,","100,","Film","Short","United States of America","11694,"
"763613","Shooting Permit","02/21/2024 05:00:00 AM","02/21/2024 09:00:00 PM","02/16/2024 10:05:34 AM","Mayor's Office of Media & Entertainment","15 AVENUE between 143 STREET and 138 STREET","Queens","7,","109,","Film","Feature","United States of America","11357,"
"763569","Shooting Permit","02/21/2024 07:00:00 AM","02/21/2024 11:00:00 PM","02/15/2024 08:16:56 PM","Mayor's Office of Media & Entertainment","ALBEMARLE ROAD between DEAD END and BUCKINGHAM ROAD,  MARLBOROUGH ROAD between ALBEMARLE ROAD and CHURCH AVENUE,  MARLBOROUGH ROAD between ALBEMARLE ROAD and CHURCH AVENUE,  CHURCH AVENUE between MARLBOROUGH ROAD and BUCKINGHAM ROAD,  CHURCH AVENUE between BUCKINGHAM ROAD and EAST   18 STREET","Brooklyn","14,","70,","Film","Feature","United States of America","11226,"
"763491","Shooting Permit","02/22/2024 08:00:00 AM","02/23/2024 01:00:00 AM","02/15/2024 01:29:18 PM","Mayor's Office of Media & Entertainment","GRANDVIEW AVENUE between STANHOPE STREET and HIMROD STREET,  HIMROD STREET between GRANDVIEW AVENUE and TONSOR STREET","Queens","5,","104,","Film","Feature","United States of America","11385,"
"763488","Shooting Permit","02/21/2024 06:00:00 AM","02/21/2024 09:00:00 PM","02/15/2024 01:22:47 PM","Mayor's Office of Media & Entertainment","GRANDVIEW AVENUE between STANHOPE STREET and HIMROD STREET,  HIMROD STREET between GRANDVIEW AVENUE and TONSOR STREET","Queens","5,","104,","Film","Feature","United States of America","11385,"
"763487","Shooting Permit","02/20/2024 06:00:00 AM","02/20/2024 09:00:00 PM","02/15/2024 01:17:06 PM","Mayor's Office of Media & Entertainment","GRANDVIEW AVENUE between STANHOPE STREET and HIMROD STREET,  HIMROD STREET between GRANDVIEW AVENUE and TONSOR STREET","Queens","5,","104,","Film","Feature","United States of America","11385,"
"763421","Shooting Permit","02/20/2024 05:00:00 AM","02/20/2024 09:00:00 PM","02/15/2024 09:30:59 AM","Mayor's Office of Media & Entertainment","15 AVENUE between 138 STREET and 143 STREET","Queens","7,","109,","Film","Feature","United States of America","11357,"
"763402","Shooting Permit","02/17/2024 09:00:00 AM","02/18/2024 12:00:00 PM","02/15/2024 01:23:50 AM","Mayor's Office of Media & Entertainment","BELL BOULEVARD between 24 AVENUE and 23 AVENUE","Queens","7,","109,","Film","Feature","United States of America","11360,"
"763391","Shooting Permit","02/20/2024 06:00:00 AM","02/20/2024 09:00:00 PM","02/14/2024 07:46:57 PM","Mayor's Office of Media & Entertainment","ALBEMARLE ROAD between DEAD END and BUCKINGHAM ROAD,  MARLBOROUGH ROAD between ALBEMARLE ROAD and CHURCH AVENUE,  MARLBOROUGH ROAD between ALBEMARLE ROAD and CHURCH AVENUE,  CHURCH AVENUE between MARLBOROUGH ROAD and BUCKINGHAM ROAD,  ST PAULS PLACE between ST PAULS COURT and CHURCH AVENUE","Brooklyn","14,","70,","Film","Feature","United States of America","11226,"
"763140","Shooting Permit","02/19/2024 06:00:00 AM","02/19/2024 08:00:00 PM","02/13/2024 02:26:06 PM","Mayor's Office of Media & Entertainment","JEFFERSON STREET between MYRTLE AVENUE and BUSHWICK AVENUE,  BROADWAY between STUYVESANT AVENUE and VERNON AVENUE,  BROADWAY between MYRTLE AVENUE and WILLOUGHBY AVENUE,  TROUTMAN STREET between BUSHWICK AVENUE and MYRTLE AVENUE,  MYRTLE AVENUE between JEFFERSON STREET and TROUTMAN STREET","Brooklyn","3, 4,","81, 83,","Film","Feature","United States of America","11206, 11221,"
"763051","Shooting Permit","02/16/2024 11:00:00 AM","02/17/2024 01:00:00 AM","02/13/2024 08:41:31 AM","Mayor's Office of Media & Entertainment","ALBEMARLE ROAD between DEAD END and BUCKINGHAM ROAD,  MARLBOROUGH ROAD between ALBEMARLE ROAD and CHURCH AVENUE,  MARLBOROUGH ROAD between ALBERMARLE ROAD and CHURCH AVENUE,  CHURCH AVENUE between MARLBOROUGH ROAD and BUCKINGHAM ROAD,  ST PAULS PLACE between ST PAULS COURT and CHURCH AVENUE","Brooklyn","14,","70,","Film","Feature","United States of America","11226,"
"762842","Shooting Permit","02/15/2024 09:00:00 AM","02/16/2024 12:00:00 PM","02/12/2024 08:14:30 AM","Mayor's Office of Media & Entertainment","ALBEMARLE ROAD between DEAD END and BUCKINGHAM ROAD,  MARLBOROUGH ROAD between ALBEMARLE ROAD and CHURCH AVENUE,  MARLBOROUGH ROAD between ALBERMARLE ROAD and CHURCH AVENUE,  CHURCH AVENUE between MARLBOROUGH ROAD and BUCKINGHAM ROAD,  ST PAULS PLACE between ST PAULS COURT and CHURCH AVENUE","Brooklyn","14,","70,","Film","Feature","United States of America","11226,"
"762700","Shooting Permit","02/14/2024 06:00:00 AM","02/14/2024 08:00:00 PM","02/09/2024 04:22:04 PM","Mayor's Office of Media & Entertainment","DEAN STREET between CLASSON AVENUE and FRANKLIN AVENUE","Brooklyn","8,","77,","Film","Feature","United States of America","11238,"
"762335","Shooting Permit","02/14/2024 11:00:00 AM","02/15/2024 01:00:00 AM","02/08/2024 09:46:40 AM","Mayor's Office of Media & Entertainment","54 STREET between FLUSHING AVENUE and GRAND AVENUE,  FLUSHING AVENUE between 54 PLACE and 55 STREET,  54 PLACE between FLUSHING AVENUE and NURGE AVENUE,  53 STREET between FLUSHING AVENUE and NURGE AVENUE,  STARR STREET between METROPOLITAN AVENUE and WOODWARD AVENUE,  WOODWARD AVENUE between STARR STREET and STANHOPE STREET","Queens","5,","104,","Film","Feature","United States of America","11378, 11385,"
"762226","Shooting Permit","02/16/2024 09:00:00 AM","02/17/2024 01:00:00 AM","02/07/2024 02:20:08 PM","Mayor's Office of Media & Entertainment","36 AVENUE between BELL BOULEVARD and CORPORAL STONE STREET,  33 ROAD between 214 PLACE and 215 PLACE,  215 PLACE between 33 AVENUE and 33 ROAD","Queens","11,","111,","Film","Feature","United States of America","11361,"
"762223","Shooting Permit","02/15/2024 07:00:00 AM","02/15/2024 09:00:00 PM","02/07/2024 02:14:40 PM","Mayor's Office of Media & Entertainment","36 AVENUE between BELL BOULEVARD and CORPORAL STONE STREET,  33 ROAD between 214 PLACE and 215 PLACE,  215 PLACE between 33 AVENUE and 33 ROAD","Queens","11,","111,","Film","Feature","United States of America","11361,"
"762221","Shooting Permit","02/14/2024 06:00:00 AM","02/14/2024 09:00:00 PM","02/07/2024 02:09:35 PM","Mayor's Office of Media & Entertainment","36 AVENUE between BELL BOULEVARD and CORPORAL STONE STREET,  33 ROAD between 214 PLACE and 215 PLACE,  215 PLACE between 33 AVENUE and 33 ROAD","Queens","11,","111,","Film","Feature","United States of America","11361,"
"762220","Shooting Permit","02/13/2024 06:00:00 AM","02/13/2024 09:00:00 PM","02/07/2024 02:02:40 PM","Mayor's Office of Media & Entertainment","36 AVENUE between BELL BOULEVARD and CORPORAL STONE STREET,  33 ROAD between 214 PLACE and 215 PLACE,  215 PLACE between 33 ROAD and 33 AVENUE","Queens","11,","111,","Film","Feature","United States of America","11361,"
"762215","Shooting Permit","02/10/2024 11:00:00 AM","02/11/2024 02:00:00 AM","02/07/2024 01:55:51 PM","Mayor's Office of Media & Entertainment","36 AVENUE between BELL BOULEVARD and CORPORAL STONE STREET,  33 ROAD between 214 PLACE and 215 PLACE,  215 PLACE between 33 AVENUE and 33 ROAD","Queens","11,","111,","Film","Feature","United States of America","11361,"
"762211","Shooting Permit","02/09/2024 11:00:00 AM","02/10/2024 02:00:00 AM","02/07/2024 01:47:57 PM","Mayor's Office of Media & Entertainment","36 AVENUE between BELL BOULEVARD and CORPORAL STONE STREET,  33 ROAD between 214 PLACE and 215 PLACE,  215 PLACE between 33 AVENUE and 33 ROAD","Queens","11,","111,","Film","Feature","United States of America","11361,"
"762064","Shooting Permit","02/12/2024 06:00:00 AM","02/12/2024 08:30:00 PM","02/06/2024 07:18:56 PM","Mayor's Office of Media & Entertainment","WASHINGTON AVENUE between MONTGOMERY STREET and SULLIVAN PLACE,  WASHINGTON AVENUE between PRESIDENT STREET and CARROLL STREET,  MEEKER AVENUE between NORTH HENRY STREET and MONITOR STREET,  MEEKER AVENUE between NORTH HENRY STREET and RUSSELL STREET,  MONITOR STREET between ENGERT AVENUE and MEEKER AVENUE","Brooklyn","1, 55, 9,","71, 78, 94,","Film","Feature","United States of America","11222, 11225,"
"761749","Shooting Permit","02/09/2024 07:00:00 AM","02/09/2024 10:00:00 PM","02/05/2024 02:44:59 PM","Mayor's Office of Media & Entertainment","JEFFERSON STREET between MYRTLE AVENUE and BUSHWICK AVENUE,  BROADWAY between MYRTLE AVENUE and DITMARS STREET,  TROUTMAN STREET between BUSHWICK AVENUE and MYRTLE AVENUE","Brooklyn","4,","83,","Film","Feature","United States of America","11206, 11221,"
"761747","Shooting Permit","02/08/2024 10:00:00 AM","02/09/2024 01:00:00 AM","02/05/2024 02:42:47 PM","Mayor's Office of Media & Entertainment","MYRTLE AVENUE between CYPRESS AVENUE and MADISON STREET,  MADISON STREET between MYRTLE AVENUE and CYPRESS AVENUE,  DEAN STREET between CLASSON AVENUE and FRANKLIN AVENUE","Queens","5, 8,","104, 77,","Film","Feature","United States of America","11238, 11385,"
"761735","Shooting Permit","02/08/2024 04:00:00 PM","02/09/2024 04:00:00 AM","02/05/2024 02:25:32 PM","Mayor's Office of Media & Entertainment","EAST   19 STREET between DITMAS AVENUE and DORCHESTER ROAD","Brooklyn","14,","70,","Film","Feature","United States of America","11226,"
"761665","Shooting Permit","02/07/2024 11:00:00 AM","02/08/2024 01:00:00 AM","02/05/2024 11:30:36 AM","Mayor's Office of Media & Entertainment","REEVES AVENUE between 150 STREET and 153 STREET","Queens","8,","107,","Film","Feature","United States of America","11367,"
"761628","Shooting Permit","02/08/2024 06:30:00 AM","02/08/2024 09:00:00 PM","02/05/2024 09:35:32 AM","Mayor's Office of Media & Entertainment","JEFFERSON STREET between MYRTLE AVENUE and BUSHWICK AVENUE,  BROADWAY between MYRTLE AVENUE and DITMARS STREET,  TROUTMAN STREET between BUSHWICK AVENUE and MYRTLE AVENUE,  MYRTLE AVENUE between JEFFERSON STREET and TROUTMAN STREET","Brooklyn","3, 4,","81, 83,","Film","Feature","United States of America","11206, 11221,"
"761472","Shooting Permit","02/07/2024 06:00:00 AM","02/07/2024 07:00:00 PM","02/02/2024 01:57:28 PM","Mayor's Office of Media & Entertainment","BEDFORD AVENUE between CAMPUS ROAD and AVENUE I,  CAMPUS ROAD between EAST   23 STREET and BEDFORD AVENUE","Brooklyn","14,","70,","Film","Feature","United States of America","11210,"
"761259","Shooting Permit","02/03/2024 06:00:00 AM","02/03/2024 07:00:00 PM","02/01/2024 11:06:37 AM","Mayor's Office of Media & Entertainment","40 ROAD between MAIN STREET and PRINCE STREET,  PRINCE STREET between ROOSEVELT AVENUE and 40 ROAD","Queens","7,","109,","Film","Feature","United States of America","11354,"
"760844","Shooting Permit","02/03/2024 06:00:00 AM","02/03/2024 05:00:00 PM","01/29/2024 04:16:09 PM","Mayor's Office of Media & Entertainment","COLUMBIA STREET between CONGRESS STREET and WARREN STREET,  FORT HAMILTON PARKWAY between 92 STREET and 94 STREET,  WARREN STREET between COLUMBIA STREET and HICKS STREET,  MANOR ROAD between BRIELLE AVENUE and ROCKLAND AVENUE,  CHERRY STREET between RUTGERS SLIP and PIKE SLIP,  RUTGERS SLIP between CHERRY STREET and SOUTH STREET","Brooklyn","10, 2, 3, 6,","122, 68, 7, 76, 84,","Film","Feature","United States of America","10002, 10306, 10314, 11201, 11209,"
"760705","Shooting Permit","01/31/2024 06:00:00 AM","01/31/2024 08:00:00 PM","01/29/2024 08:59:29 AM","Mayor's Office of Media & Entertainment","PRINCE STREET between 40 ROAD and ROOSEVELT AVENUE,  40 ROAD between PRINCE STREET and MAIN STREET","Queens","7,","109,","Film","Feature","United States of America","11354,"
"760507","Shooting Permit","01/30/2024 06:00:00 AM","01/30/2024 10:00:00 PM","01/26/2024 02:38:58 PM","Mayor's Office of Media & Entertainment","38 STREET between 34 AVENUE and 36 AVENUE,  35 AVENUE between 37 STREET and STEINWAY STREET,  37 STREET between BROADWAY and 31 AVENUE,  JAMAICA AVENUE between LOGAN STREET and RICHMOND STREET","Queens","1, 5,","114, 75,","Film","Feature","United States of America","11101, 11103, 11208,"
"760304","Shooting Permit","02/02/2024 07:00:00 AM","02/02/2024 11:00:00 PM","01/25/2024 03:37:46 PM","Mayor's Office of Media & Entertainment","JEFFERSON STREET between MYRTLE AVENUE and BUSHWICK AVENUE,  BUSHWICK AVENUE between MELROSE STREET and JEFFERSON STREET,  BUSHWICK AVENUE between TROUTMAN STREET and JEFFERSON STREET,  TROUTMAN STREET between BUSHWICK AVENUE and MYRTLE AVENUE,  BROADWAY between MYRTLE AVENUE and DITMARS STREET","Brooklyn","3, 4,","81, 83,","Film","Feature","United States of America","11206, 11221,"
"760290","Rigging Permit","02/02/2024 06:00:00 AM","02/02/2024 07:00:00 PM","01/25/2024 03:06:09 PM","Mayor's Office of Media & Entertainment","36 STREET between 47 AVENUE and 48 AVENUE","Queens","2,","108,","Film","Feature","United States of America","11101,"
"759676","Rigging Permit","01/30/2024 06:00:00 AM","01/30/2024 07:00:00 PM","01/22/2024 03:38:29 PM","Mayor's Office of Media & Entertainment","36 STREET between 47 AVENUE and 48 AVENUE","Queens","2,","108,","Film","Feature","United States of America","11101,"
"758856","Shooting Permit","01/23/2024 06:00:00 AM","01/23/2024 09:00:00 PM","01/17/2024 10:05:54 AM","Mayor's Office of Media & Entertainment","WILSON AVENUE between JEFFERSON STREET and NOLL STREET,  GEORGE STREET between WILSON AVENUE and CENTRAL AVENUE,  JOHNSON AVENUE between WHITE STREET and BOGART STREET,  BOGART STREET between JOHNSON AVENUE and BOERUM STREET","Brooklyn","1, 4,","83, 90,","Film","Feature","United States of America","11206, 11237,"
"758851","Shooting Permit","01/22/2024 06:00:00 AM","01/22/2024 08:00:00 PM","01/17/2024 09:48:47 AM","Mayor's Office of Media & Entertainment","EAST   55 STREET between AVENUE T and AVENUE U,  EAST   54 STREET between AVENUE T and AVENUE U,  EAST   53 PLACE between AVENUE T and AVENUE U","Brooklyn","18,","63,","Film","Feature","United States of America","11234,"
"753516","Shooting Permit","12/20/2023 05:00:00 PM","12/21/2023 05:00:00 AM","12/15/2023 04:06:28 AM","Mayor's Office of Media & Entertainment","BOERUM STREET between WHITE STREET and BOGART STREET,  WHITE STREET between BOERUM STREET and MCKIBBIN STREET","Brooklyn","1,","90,","Film","Feature","United States of America","11206,"
"753515","Shooting Permit","12/19/2023 05:00:00 PM","12/20/2023 05:00:00 AM","12/15/2023 03:59:07 AM","Mayor's Office of Media & Entertainment","BOERUM STREET between WHITE STREET and BOGART STREET,  WHITE STREET between BOERUM STREET and MCKIBBIN STREET","Brooklyn","1,","90,","Film","Feature","United States of America","11206,"
"753514","Shooting Permit","12/18/2023 05:00:00 PM","12/19/2023 05:00:00 AM","12/15/2023 03:50:55 AM","Mayor's Office of Media & Entertainment","BOERUM STREET between WHITE STREET and BOGART STREET,  WHITE STREET between BOERUM STREET and MCKIBBIN STREET","Brooklyn","1,","90,","Film","Feature","United States of America","11206,"
"753513","Shooting Permit","12/17/2023 05:00:00 PM","12/18/2023 05:00:00 AM","12/15/2023 03:39:36 AM","Mayor's Office of Media & Entertainment","BOERUM STREET between WHITE STREET and BOGART STREET,  WHITE STREET between BOERUM STREET and MCKIBBIN STREET","Brooklyn","1,","90,","Film","Feature","United States of America","11206,"
"753330","Shooting Permit","12/15/2023 06:00:00 AM","12/15/2023 10:00:00 PM","12/13/2023 08:31:00 AM","Mayor's Office of Media & Entertainment","TROUTMAN STREET between IRVING AVENUE and WYCKOFF AVENUE,  EASTERN PARKWAY between TROY AVENUE and SCHENECTADY AVENUE,  BOWERY between CHATHAM SQUARE and PELL STREET","Brooklyn","3, 4, 8, 9,","5, 71, 77, 83,","Film","Short","United States of America","10002, 10013, 11213, 11237,"
"753212","Shooting Permit","12/14/2023 05:00:00 PM","12/15/2023 05:00:00 AM","12/12/2023 03:05:14 AM","Mayor's Office of Media & Entertainment","45 AVENUE between 11 STREET and 21 STREET","Queens","2,","108,","Film","Feature","United States of America","11101,"
"753211","Shooting Permit","12/13/2023 05:00:00 PM","12/14/2023 05:00:00 AM","12/12/2023 02:54:22 AM","Mayor's Office of Media & Entertainment","45 ROAD between 21 STREET and 23 STREET","Queens","2,","108,","Film","Feature","United States of America","11101,"
"752960","Shooting Permit","12/12/2023 05:00:00 PM","12/13/2023 05:00:00 AM","12/08/2023 11:48:56 AM","Mayor's Office of Media & Entertainment","45 ROAD between 23 STREET and 21 STREET","Queens","2,","108,","Film","Feature","United States of America","11101,"
"752796","Shooting Permit","12/11/2023 05:00:00 PM","12/12/2023 05:00:00 AM","12/06/2023 07:43:21 PM","Mayor's Office of Media & Entertainment","45 ROAD between 23 STREET and 21 STREET","Queens","2,","108,","Film","Feature","United States of America","11101,"
"752302","Shooting Permit","12/06/2023 05:00:00 PM","12/07/2023 05:00:00 AM","12/01/2023 02:54:24 PM","Mayor's Office of Media & Entertainment","45 ROAD between 21 STREET and 23 STREET","Queens","2,","108,","Film","Feature","United States of America","11101,"
"752045","Shooting Permit","12/07/2023 05:00:00 PM","12/08/2023 05:00:00 AM","11/30/2023 02:18:33 PM","Mayor's Office of Media & Entertainment","45 ROAD between 21 STREET and 23 STREET","Queens","2,","108,","Film","Feature","United States of America","11101,"
"752034","Shooting Permit","12/05/2023 05:00:00 PM","12/06/2023 05:00:00 AM","11/30/2023 01:04:55 PM","Mayor's Office of Media & Entertainment","45 ROAD between 21 STREET and 23 STREET,  45 ROAD between 21 STREET and 23 STREET","Queens","2,","108,","Film","Feature","United States of America","11101,"
"751988","Shooting Permit","12/03/2023 05:00:00 PM","12/04/2023 05:00:00 AM","11/30/2023 11:14:17 AM","Mayor's Office of Media & Entertainment","45 ROAD between 21 STREET and 23 STREET,  45 ROAD between 21 STREET and 23 STREET","Queens","2,","108,","Film","Feature","United States of America","11101,"
"751986","Shooting Permit","12/04/2023 05:00:00 PM","12/05/2023 05:00:00 AM","11/30/2023 11:00:03 AM","Mayor's Office of Media & Entertainment","45 ROAD between 21 STREET and 23 STREET","Queens","2,","108,","Film","Feature","United States of America","11101,"
"751788","Shooting Permit","12/06/2023 06:00:00 AM","12/06/2023 06:00:00 PM","11/29/2023 03:15:21 AM","Mayor's Office of Media & Entertainment","MESEROLE STREET between GRAHAM AVENUE and MANHATTAN AVENUE","Brooklyn","1,","90,","Film","Short","United States of America","11206,"
"751782","Shooting Permit","12/08/2023 06:00:00 AM","12/08/2023 09:00:00 PM","11/28/2023 11:45:44 PM","Mayor's Office of Media & Entertainment","PORTER AVENUE between FLUSHING AVENUE and THAMES STREET","Brooklyn","1,","90,","Film","Short","United States of America","11237,"
"751781","Shooting Permit","12/07/2023 06:00:00 AM","12/07/2023 08:30:00 PM","11/28/2023 11:28:31 PM","Mayor's Office of Media & Entertainment","MACON STREET between RALPH AVENUE and PATCHEN AVENUE","Brooklyn","3,","81,","Film","Short","United States of America","11233,"
"751630","Shooting Permit","12/02/2023 06:00:00 AM","12/02/2023 06:00:00 PM","11/28/2023 10:03:46 AM","Mayor's Office of Media & Entertainment","MAURICE AVENUE between 53 AVENUE and 54 AVENUE","Queens","2, 5,","104, 108,","Film","Short","United States of America","11378,"
"751628","Shooting Permit","12/03/2023 06:00:00 AM","12/03/2023 06:00:00 PM","11/28/2023 10:03:44 AM","Mayor's Office of Media & Entertainment","MAURICE AVENUE between 53 AVENUE and 54 AVENUE","Queens","2, 5,","104, 108,","Film","Short","United States of America","11378,"
"751604","Shooting Permit","12/06/2023 05:30:00 AM","12/06/2023 05:30:00 PM","11/27/2023 11:43:58 PM","Mayor's Office of Media & Entertainment","WILSON AVENUE between NOLL STREET and FLUSHING AVENUE","Brooklyn","4,","83,","Film","Feature","United States of America","11206, 11237,"
"751585","Shooting Permit","12/08/2023 01:00:00 AM","12/08/2023 11:00:00 PM","11/27/2023 07:43:40 PM","Mayor's Office of Media & Entertainment","41 STREET between 21 AVENUE and DITMARS BOULEVARD","Queens","1,","114,","Film","Short","United States of America","11105,"
"751584","Shooting Permit","12/06/2023 01:00:00 AM","12/06/2023 11:00:00 PM","11/27/2023 07:31:37 PM","Mayor's Office of Media & Entertainment","LEONARD STREET between CALYER STREET and MESEROLE AVENUE","Brooklyn","1,","94,","Film","Short","United States of America","11222,"
"751581","Shooting Permit","12/05/2023 01:00:00 AM","12/05/2023 11:00:00 PM","11/27/2023 07:17:33 PM","Mayor's Office of Media & Entertainment","LEONARD STREET between CALYER STREET and MESEROLE AVENUE","Brooklyn","1,","94,","Film","Short","United States of America","11222,"
"751578","Shooting Permit","12/04/2023 01:00:00 AM","12/04/2023 01:00:00 PM","11/27/2023 07:06:06 PM","Mayor's Office of Media & Entertainment","LEONARD STREET between CALYER STREET and MESEROLE AVENUE","Brooklyn","1,","94,","Film","Short","United States of America","11222,"
"750070","Shooting Permit","11/21/2023 07:00:00 AM","11/21/2023 10:00:00 PM","11/16/2023 11:35:26 AM","Mayor's Office of Media & Entertainment","MILTON STREET between WEST STREET and FRANKLIN STREET","Brooklyn","1,","94,","Film","Feature","United States of America","11222,"
"750063","Shooting Permit","11/20/2023 07:00:00 AM","11/20/2023 10:00:00 PM","11/16/2023 11:29:53 AM","Mayor's Office of Media & Entertainment","MILTON STREET between WEST STREET and FRANKLIN STREET","Brooklyn","1,","94,","Film","Feature","United States of America","11222,"
"749131","Shooting Permit","11/21/2023 09:00:00 AM","11/21/2023 09:00:00 PM","11/14/2023 11:16:07 AM","Mayor's Office of Media & Entertainment","CROPSEY AVENUE between BAY   41 STREET and BAY   40 STREET","Brooklyn","11,","62,","Film","Student Film","United States of America","11214,"
"749126","Shooting Permit","11/17/2023 07:00:00 AM","11/17/2023 10:00:00 PM","11/14/2023 10:25:17 AM","Mayor's Office of Media & Entertainment","MILTON STREET between WEST STREET and FRANKLIN STREET","Brooklyn","1,","94,","Film","Feature","United States of America","11222,"
"749052","Shooting Permit","11/19/2023 05:00:00 AM","11/19/2023 06:00:00 PM","11/13/2023 01:50:31 PM","Mayor's Office of Media & Entertainment","FT HAMILTON PARKWAY between 92 STREET and 90 STREET,  2 AVENUE between EAST    9 STREET and EAST   10 STREET","Brooklyn","10, 3, 95,","120, 68, 9,","Film","Feature","United States of America","10003, 10305, 11209,"
"748978","Shooting Permit","11/16/2023 07:00:00 AM","11/16/2023 10:00:00 PM","11/13/2023 07:22:04 AM","Mayor's Office of Media & Entertainment","GREENPOINT AVENUE between WEST STREET and DEAD END,  MILTON STREET between WEST STREET and FRANKLIN STREET","Brooklyn","1,","94,","Film","Feature","United States of America","11222,"
"748977","Shooting Permit","11/15/2023 07:00:00 AM","11/15/2023 10:00:00 PM","11/13/2023 07:17:54 AM","Mayor's Office of Media & Entertainment","GREENPOINT AVENUE between WEST STREET and DEAD END,  MILTON STREET between WEST STREET and FRANKLIN STREET","Brooklyn","1,","94,","Film","Feature","United States of America","11222,"
"748754","Shooting Permit","11/14/2023 07:00:00 AM","11/14/2023 10:00:00 PM","11/10/2023 08:23:52 AM","Mayor's Office of Media & Entertainment","GREENPOINT AVENUE between WEST STREET and DEAD END,  MILTON STREET between WEST STREET and FRANKLIN STREET","Brooklyn","1,","94,","Film","Feature","United States of America","11222,"
"748726","Shooting Permit","11/16/2023 07:00:00 AM","11/16/2023 06:00:00 PM","11/09/2023 04:03:56 PM","Mayor's Office of Media & Entertainment","BRIGHTON    5 STREET between BRIGHTON BEACH AVENUE and BRIGHTWATER COURT","Brooklyn","13,","60,","Film","Student Film","United States of America","11235,"
"748706","Shooting Permit","11/13/2023 06:00:00 AM","11/13/2023 11:59:00 PM","11/09/2023 02:35:10 PM","Mayor's Office of Media & Entertainment","PATCHEN AVENUE between MONROE STREET and MADISON STREET","Brooklyn","3,","81,","Film","Short","United States of America","11221,"
"748702","Shooting Permit","11/12/2023 06:00:00 AM","11/12/2023 11:59:00 PM","11/09/2023 02:30:11 PM","Mayor's Office of Media & Entertainment","RALPH AVENUE between MONROE STREET and GATES AVENUE,  MONROE STREET between RALPH AVENUE and BROADWAY","Brooklyn","3,","81,","Film","Short","United States of America","11221,"
"748699","Shooting Permit","11/11/2023 06:00:00 AM","11/11/2023 11:59:00 PM","11/09/2023 02:15:20 PM","Mayor's Office of Media & Entertainment","PATCHEN AVENUE between MONROE STREET and GATES AVENUE,  MONROE STREET between PATCHEN AVENUE and RALPH AVENUE","Brooklyn","3,","81,","Film","Short","United States of America","11221,"
"748604","Shooting Permit","11/13/2023 07:00:00 AM","11/13/2023 11:00:00 PM","11/08/2023 04:27:37 PM","Mayor's Office of Media & Entertainment","MCDONALD AVENUE between FORT HAMILTON PARKWAY and VANDERBILT STREET,  MCDONALD AVENUE between CATON AVENUE and ALBEMARLE ROAD,  MCDONALD AVENUE between ALBEMARLE ROAD and CHURCH AVENUE,  CHURCH AVENUE between MCDONALD AVENUE and DAHILL ROAD,  BEVERLY ROAD between OCEAN AVENUE and EAST   21 STREET,  COLUMBIA HEIGHTS between CLARK STREET and PINEAPPLE STREET,  COLUMBIA HEIGHTS between CLARK STREET and PIERREPONT STREET,  CLARK STREET between COLUMBIA HEIGHTS and WILLOW STREET,  PINEAPPLE STREET between COLUMBIA HEIGHTS and HICKS STREET,  WILLOW STREET between PINEAPPLE STREET and CLARK STREET,  HICKS STREET between PINEAPPLE STREET and CLARK STREET,  CRANBERRY STREET between HICKS STREET and HENRY STREET,  CADMAN PLAZA WEST between TILLARY STREET and MIDDAGH STREET,  TILLARY STREET between CADMAN PLAZA WEST and ADAMS STREET","Brooklyn","12, 14, 2, 7,","66, 70, 72, 84,","Film","Feature","United States of America","11201, 11218, 11226,"
"748288","Shooting Permit","11/10/2023 07:00:00 AM","11/10/2023 09:00:00 PM","11/06/2023 02:42:00 PM","Mayor's Office of Media & Entertainment","RUGBY ROAD between ALBEMARLE ROAD and BEVERLY ROAD,  BEVERLY ROAD between WESTMINSTER ROAD and MARLBOROUGH ROAD,  RUGBY ROAD between BEVERLY ROAD and CORTELYOU ROAD,  CONEY ISLAND AVENUE between DITMAS AVENUE and FOSTER AVENUE,  FOSTER AVENUE between CONEY ISLAND AVENUE and WESTMINSTER ROAD,  SURF AVENUE between WEST    8 STREET and WEST   12 STREET,  WEST   10 STREET between BOARDWALK and SURF AVENUE,  WEST   12 STREET between DEAD END and SURF AVENUE,  WEST   15 STREET between SURF AVENUE and MERMAID AVENUE","Brooklyn","13, 14,","60, 70,","Film","Feature","United States of America","11218, 11224, 11226, 11230,"
"748206","Shooting Permit","11/09/2023 11:00:00 AM","11/10/2023 04:00:00 AM","11/05/2023 08:06:15 PM","Mayor's Office of Media & Entertainment","ROOSEVELT AVENUE between PRINCE STREET and MAIN STREET,  PRINCE STREET between ROOSEVELT AVENUE and 40 ROAD,  39 AVENUE between 138 STREET and MAIN STREET","Queens","7,","109,","Film","Feature","United States of America","11354,"
"748052","Shooting Permit","11/11/2023 05:00:00 PM","11/12/2023 06:00:00 AM","11/02/2023 09:56:04 PM","Mayor's Office of Media & Entertainment","FREEMAN STREET between PROVOST STREET and MCGUINNESS BOULEVARD","Brooklyn","1,","94,","Film","Short","United States of America","11222,"
"747990","Shooting Permit","11/08/2023 06:00:00 AM","11/08/2023 10:00:00 PM","11/02/2023 01:57:14 PM","Mayor's Office of Media & Entertainment","ROOSEVELT AVENUE between COLLEGE POINT BOULEVARD and MAIN STREET","Queens","7,","109,","Film","Feature","United States of America","11354,"
"747989","Shooting Permit","11/07/2023 06:00:00 AM","11/07/2023 10:00:00 PM","11/02/2023 01:54:06 PM","Mayor's Office of Media & Entertainment","ROOSEVELT AVENUE between COLLEGE POINT BOULEVARD and MAIN STREET","Queens","7,","109,","Film","Feature","United States of America","11354,"
"747987","Shooting Permit","11/06/2023 07:00:00 AM","11/06/2023 10:00:00 PM","11/02/2023 01:50:29 PM","Mayor's Office of Media & Entertainment","ROOSEVELT AVENUE between PRINCE STREET and MAIN STREET","Queens","7,","109,","Film","Feature","United States of America","11354,"
"747807","Shooting Permit","11/05/2023 06:00:00 AM","11/05/2023 11:00:00 PM","11/01/2023 11:29:24 AM","Mayor's Office of Media & Entertainment","FOSTER AVENUE between EAST   16 STREET and EAST   17 STREET","Brooklyn","14,","70,","Film","Short","United States of America","11230,"
"747803","Shooting Permit","11/04/2023 06:00:00 AM","11/04/2023 11:00:00 PM","11/01/2023 11:22:29 AM","Mayor's Office of Media & Entertainment","FOSTER AVENUE between EAST   16 STREET and EAST   17 STREET","Brooklyn","14,","70,","Film","Short","United States of America","11230,"
"747742","Shooting Permit","11/05/2023 06:00:00 AM","11/05/2023 09:00:00 PM","10/31/2023 05:48:00 PM","Mayor's Office of Media & Entertainment","ROOSEVELT AVENUE between PRINCE STREET and MAIN STREET","Queens","7,","109,","Film","Feature","United States of America","11354,"
"746622","Shooting Permit","11/01/2023 08:00:00 AM","11/01/2023 11:00:00 PM","10/30/2023 03:08:44 PM","Mayor's Office of Media & Entertainment","COLLEGE POINT BOULEVARD between 18 AVENUE and 20 AVENUE","Queens","7,","109,","Film","Feature","United States of America","11356,"
"746343","Shooting Permit","11/01/2023 06:00:00 AM","11/01/2023 08:00:00 PM","10/26/2023 02:42:09 PM","Mayor's Office of Media & Entertainment","KENT AVENUE between GRAND STREET and SOUTH    1 STREET","Brooklyn","1,","90,","Film","Feature","United States of America","11249,"
"746313","Shooting Permit","10/31/2023 08:00:00 AM","10/31/2023 11:00:00 PM","10/26/2023 01:27:11 PM","Mayor's Office of Media & Entertainment","150 STREET between 9 AVENUE and 10 AVENUE,  10 AVENUE between 150 STREET and 149 STREET","Queens","7,","109,","Film","Feature","United States of America","11357,"
"745474","Shooting Permit","10/23/2023 07:00:00 AM","10/23/2023 10:00:00 PM","10/18/2023 02:27:27 PM","Mayor's Office of Media & Entertainment","DEAN STREET between CLASSON AVENUE and FRANKLIN AVENUE","Brooklyn","8,","77,","Film","Feature","United States of America","11238,"
"745157","Shooting Permit","10/26/2023 07:00:00 AM","10/26/2023 05:00:00 PM","10/16/2023 03:49:08 PM","Mayor's Office of Media & Entertainment","71 ROAD between 136 STREET and 141 STREET","Queens","8,","107,","Film","Feature","United States of America","11367,"
"745155","Shooting Permit","10/25/2023 07:00:00 AM","10/25/2023 10:00:00 PM","10/16/2023 03:45:37 PM","Mayor's Office of Media & Entertainment","142 STREET between MAIN STREET and HORACE HARDING EXPRESSWAY,  GATES AVENUE between MARCY AVENUE and NOSTRAND AVENUE","Queens","3, 7,","109, 79,","Film","Feature","United States of America","11216, 11355,"
"745138","Shooting Permit","10/20/2023 10:00:00 AM","10/21/2023 04:00:00 AM","10/16/2023 02:44:23 PM","Mayor's Office of Media & Entertainment","BROADWAY between THORNTON STREET and FLUSHING AVENUE,  MARCUS GARVEY BOULEVARD between BROADWAY and ELLERY STREET,  MARCUS GARVEY BOULEVARD between ELLERY STREET and PARK AVENUE","Brooklyn","1, 3,","79, 81, 90,","Film","Feature","United States of America","11206,"
"745123","Shooting Permit","10/18/2023 10:00:00 AM","10/18/2023 11:59:00 PM","10/16/2023 01:45:25 PM","Mayor's Office of Media & Entertainment","BORDEN AVE between 2 STREET and 5 STREET,  2 STREET between 51 AVENUE and BORDEN AVENUE,  BORDEN AVENUE between 2 STREET and 5 STREET,  2 STREET between BORDEN AVENUE and 54 AVENUE","Queens","2,","108,","Film","Feature","United States of America","11101,"
"745085","Shooting Permit","10/19/2023 10:00:00 AM","10/20/2023 04:00:00 AM","10/16/2023 11:32:28 AM","Mayor's Office of Media & Entertainment","BROADWAY between THORNTON STREET and FLUSHING AVENUE,  MARCUS GARVEY BOULEVARD between BROADWAY and ELLERY STREET,  MARCUS GARVEY BOULEVARD between ELLERY STREET and PARK AVENUE","Brooklyn","1, 3,","79, 81, 90,","Film","Feature","United States of America","11206,"
"744481","Shooting Permit","10/17/2023 07:00:00 AM","10/17/2023 10:00:00 PM","10/11/2023 02:58:44 PM","Mayor's Office of Media & Entertainment","MONTAGUE STREET between MONTAGUE TERRACE and HICKS STREET,  MONTAGUE TERRACE between MONTAGUE STREET and REMSEN STREET","Brooklyn","2,","84,","Film","Feature","United States of America","11201,"
"744477","Shooting Permit","10/16/2023 07:00:00 AM","10/16/2023 10:00:00 PM","10/11/2023 02:45:28 PM","Mayor's Office of Media & Entertainment","MONTAGUE STREET between MONTAGUE TERRACE and HICKS STREET,  MONTAGUE TERRACE between MONTAGUE STREET and REMSEN STREET","Brooklyn","2,","84,","Film","Feature","United States of America","11201,"
"744332","Shooting Permit",,"10/21/2023 03:00:00 AM","10/10/2023 03:23:42 PM","Mayor's Office of Media & Entertainment","57 STREET between 7 AVENUE and 8 AVENUE","Brooklyn","7,","72,","Film","Feature","United States of America","11220,"
"744331","Shooting Permit","10/19/2023 08:00:00 AM","10/19/2023 10:30:00 PM","10/10/2023 03:23:31 PM","Mayor's Office of Media & Entertainment","57 STREET between 7 AVENUE and 8 AVENUE","Brooklyn","7,","72,","Film","Feature","United States of America","11220,"
"744330","Shooting Permit","10/18/2023 06:00:00 AM","10/18/2023 09:00:00 PM","10/10/2023 03:23:18 PM","Mayor's Office of Media & Entertainment","57 STREET between 7 AVENUE and 8 AVENUE","Brooklyn","7,","72,","Film","Feature","United States of America","11220,"
"744329","Shooting Permit","10/17/2023 08:00:00 AM","10/17/2023 11:00:00 PM","10/10/2023 03:23:05 PM","Mayor's Office of Media & Entertainment","57 STREET between 7 AVENUE and 8 AVENUE","Brooklyn","7,","72,","Film","Feature","United States of America","11220,"
"744300","Shooting Permit","10/12/2023 05:00:00 AM","10/12/2023 06:00:00 PM","10/10/2023 02:05:29 PM","Mayor's Office of Media & Entertainment","PROVOST STREET between DUPONT STREET and EAGLE STREET","Brooklyn","1,","94,","Film","Feature","United States of America","11222,"
"744245","Shooting Permit",,"10/14/2023 02:00:00 AM","10/10/2023 10:04:09 AM","Mayor's Office of Media & Entertainment","MONTAGUE TERRACE between MONTAGUE STREET and REMSEN STREET,  REMSEN STREET between MONTAGUE TERRACE and HICKS STREET","Brooklyn","2,","84,","Film","Feature","United States of America","11201,"
"744133","Shooting Permit","10/16/2023 07:30:00 AM","10/16/2023 11:30:00 PM","10/08/2023 09:56:24 PM","Mayor's Office of Media & Entertainment","57 STREET between 7 AVENUE and 8 AVENUE","Brooklyn","7,","72,","Film","Feature","United States of America","11220,"
"744129","Shooting Permit","10/12/2023 07:00:00 AM","10/12/2023 10:00:00 PM","10/08/2023 08:12:51 PM","Mayor's Office of Media & Entertainment","MONTAGUE TERRACE between MONTAGUE STREET and REMSEN STREET,  REMSEN STREET between MONTAGUE TERRACE and HICKS STREET","Brooklyn","2,","84,","Film","Feature","United States of America","11201,"
"743931","Shooting Permit","10/10/2023 06:00:00 AM","10/10/2023 10:00:00 PM","10/05/2023 07:58:44 PM","Mayor's Office of Media & Entertainment","HENRY STREET between 1 PLACE and CARROLL STREET,  CARROLL STREET between HENRY STREET and CLINTON STREET","Brooklyn","6,","76,","Film","Feature","United States of America","11231,"
"743897","Shooting Permit","10/09/2023 06:00:00 AM","10/09/2023 09:00:00 PM","10/05/2023 04:43:17 PM","Mayor's Office of Media & Entertainment","5 AVENUE between 5 STREET and 6 STREET,  5 AVENUE between 6 STREET and 7 STREET","Brooklyn","6,","78,","Film","Feature","United States of America","11215,"
"743479","Shooting Permit","10/06/2023 08:00:00 AM","10/07/2023 01:00:00 AM","10/03/2023 04:33:49 PM","Mayor's Office of Media & Entertainment","BEACH  121 STREET between BEACH CHANNEL DRIVE and NEWPORT AVENUE,  BEACH  121 STREET between NEWPORT AVENUE and MEMORIAL CIRCLE,  BEACH  121 STREET between MEMORIAL CIRCLE and OCEAN PROMENADE,  NEWPORT AVENUE between BEACH  120 STREET and BEACH  119 STREET,  BEACH  120 STREET between NEWPORT AVENUE and MEMORIAL CIRCLE,  BEACH  120 STREET between NEWPORT AVENUE and BEACH CHANNEL DRIVE,  BEACH CHANNEL DRIVE between BEACH  120 STREET and BEACH  122 STREET","Queens","14,","100,","Film","Feature","United States of America","11694,"
"743334","Shooting Permit","10/05/2023 06:00:00 AM","10/06/2023 02:00:00 AM","10/02/2023 05:01:10 PM","Mayor's Office of Media & Entertainment","BEACH  116 STREET between ROCKAWAY BEACH BOULEVARD and DEAD END,  BEACH  116 STREET between ROCKAWAY BEACH BOULEVARD and DEAD END","Queens","14,","100,","Film","Feature","United States of America","11694,"
"743314","Shooting Permit","10/13/2023 05:00:00 PM","10/14/2023 05:00:00 PM","10/02/2023 03:55:49 PM","Mayor's Office of Media & Entertainment","EAST   16 STREET between NEWKIRK AVENUE and DITMAS AVENUE","Brooklyn","14,","70,","Film","Short","United States of America","11226,"
"743312","Shooting Permit","10/12/2023 05:00:00 PM","10/13/2023 05:00:00 AM","10/02/2023 03:50:53 PM","Mayor's Office of Media & Entertainment","EAST   16 STREET between NEWKIRK AVENUE and DITMAS AVENUE","Brooklyn","14,","70,","Film","Short","United States of America","11226,"
"742886","Shooting Permit","10/04/2023 06:00:00 AM","10/04/2023 06:00:00 PM","09/28/2023 02:25:21 PM","Mayor's Office of Media & Entertainment","77 STREET between 34 AVENUE and NORTHERN BOULEVARD","Queens","3,","115,","Film","Student Film","United States of America","11372,"
"741027","Shooting Permit","09/23/2023 09:00:00 AM","09/23/2023 05:00:00 PM","09/15/2023 06:23:47 PM","Mayor's Office of Media & Entertainment","WEST   22 STREET between SURF AVENUE and DEAD END","Brooklyn","13,","60,","Film","Short","United States of America","11224,"
"741026","Shooting Permit","09/22/2023 08:00:00 AM","09/22/2023 08:00:00 PM","09/15/2023 06:12:53 PM","Mayor's Office of Media & Entertainment","WEST   22 STREET between SURF AVENUE and DEAD END","Brooklyn","13,","60,","Film","Short","United States of America","11224,"
"740562","Shooting Permit","09/19/2023 05:00:00 AM","09/19/2023 11:00:00 PM","09/14/2023 12:01:54 PM","Mayor's Office of Media & Entertainment","SMITH STREET between BUTLER STREET and DEGRAW STREET,  LIVINGSTON STREET between COURT STREET and BOERUM PLACE,  BUTLER STREET between SMITH STREET and HOYT STREET","Brooklyn","2, 6,","76, 84,","Film","Feature","United States of America","11201, 11231,"
"740605","Shooting Permit","09/19/2023 06:00:00 AM","09/19/2023 09:00:00 PM","09/14/2023 10:31:39 AM","Mayor's Office of Media & Entertainment","3041 OCEAN PARKWAY between SURF AVE and BEACH WALK,  3299 CONEY ISLAND AVE between BRIGHTWATER CT and OCEAN DR W","Brooklyn","13,","60,","Film","Feature","United States of America","11224, 11235,"
"740390","Shooting Permit","09/18/2023 06:00:00 AM","09/18/2023 08:00:00 PM","09/13/2023 10:01:39 AM","Mayor's Office of Media & Entertainment","3041 OCEAN PARKWAY between SURF AVE and BEACH WALK,  3299 CONEY ISLAND AVE between BRIGHTWATER CT and OCEAN DR W","Brooklyn","13,","60,","Film","Feature","United States of America","11224, 11235,"
"739956","Shooting Permit","09/13/2023 04:00:00 PM","09/14/2023 08:00:00 AM","09/11/2023 11:44:14 AM","Mayor's Office of Media & Entertainment","ROGERS AVENUE between RUTLAND ROAD and MAPLE STREET,  MAPLE STREET between ROGERS AVENUE and BEDFORD AVENUE","Brooklyn","9,","71,","Film","Feature","United States of America","11225,"
"739937","Shooting Permit","09/12/2023 10:00:00 AM","09/13/2023 07:00:00 PM","09/11/2023 11:10:19 AM","Mayor's Office of Media & Entertainment","ROGERS AVENUE between MAPLE STREET and RUTLAND ROAD,  MAPLE STREET between ROGERS AVENUE and BEDFORD AVENUE","Brooklyn","9,","71,","Film","Feature","United States of America","11225,"
"739577","Shooting Permit","09/14/2023 04:00:00 PM","09/14/2023 09:00:00 PM","09/08/2023 10:19:31 AM","Mayor's Office of Media & Entertainment","PROSPECT PARK WEST between 1 STREET and 2 STREET,  PROSPECT PARK WEST between 1 STREET and 2 STREET,  1 STREET between PROSPECT PARK WEST and 8 AVENUE","Brooklyn","55, 6,","78,","Film","Feature","United States of America","11215,"
"739451","Shooting Permit","09/11/2023 06:00:00 AM","09/11/2023 10:00:00 PM","09/07/2023 03:00:36 PM","Mayor's Office of Media & Entertainment","ROGERS AVENUE between MIDWOOD STREET and LINCOLN ROAD","Brooklyn","9,","71,","Film","Feature","United States of America","11225,"
"739249","Shooting Permit","09/08/2023 01:00:00 PM","09/09/2023 08:00:00 AM","09/06/2023 04:30:13 PM","Mayor's Office of Media & Entertainment","PIONEER STREET between VAN BRUNT STREET and RICHARDS STREET,  RICHARDS STREET between KING STREET and VISITATION PLACE","Brooklyn","6,","76,","Film","Feature","United States of America","11231,"
"738035","Shooting Permit","09/01/2023 02:00:00 PM","09/02/2023 07:00:00 AM","08/31/2023 02:01:23 PM","Mayor's Office of Media & Entertainment","SOUTH OXFORD STREET between LAFAYETTE AVENUE and DEKALB AVENUE","Brooklyn","2,","88,","Film","Feature","United States of America","11217,"
"737954","Shooting Permit","09/06/2023 06:00:00 AM","09/06/2023 09:00:00 PM","08/31/2023 07:59:32 AM","Mayor's Office of Media & Entertainment","MAPLE STREET between BEDFORD AVENUE and ROGERS AVENUE","Brooklyn","9,","71,","Film","Feature","United States of America","11225,"
"737952","Shooting Permit","09/05/2023 06:00:00 AM","09/05/2023 09:00:00 PM","08/31/2023 07:26:04 AM","Mayor's Office of Media & Entertainment","MAPLE STREET between ROGERS AVENUE and BEDFORD AVENUE,  MAPLE STREET between ROGERS AVENUE and BEDFORD AVENUE,  BEDFORD AVENUE between LINCOLN ROAD and MAPLE STREET","Brooklyn","9,","71,","Film","Feature","United States of America","11225,"
"737528","Shooting Permit","08/31/2023 10:00:00 AM","09/01/2023 02:00:00 AM","08/28/2023 03:32:42 PM","Mayor's Office of Media & Entertainment","CUMBERLAND STREET between DEKALB AVENUE and LAFAYETTE AVENUE,  CUMBERLAND STREET between DEKALB AVENUE and LAFAYETTE AVENUE,  WASHINGTON PARK between WILLOUGHBY AVENUE and DEKALB AVENUE,  FULTON STREET between SOUTH OXFORD STREET and SOUTH PORTLAND AVENUE,  FULTON STREET between GREENE AVENUE and CUMBERLAND STREET","Brooklyn","2,","88,","Film","Feature","United States of America","11205, 11217, 11238,"
"737244","Shooting Permit","08/30/2023 10:00:00 AM","08/31/2023 06:00:00 PM","08/25/2023 01:45:28 PM","Mayor's Office of Media & Entertainment","CLINTON AVENUE between GATES AVENUE and FULTON STREET,  DEKALB AVENUE between CUMBERLAND STREET and SOUTH OXFORD STREET,  CUMBERLAND STREET between DEKALB AVENUE and LAFAYETTE AVENUE,  CUMBERLAND STREET between DEKALB AVENUE and LAFAYETTE AVENUE","Brooklyn","2,","88,","Film","Feature","United States of America","11205, 11217, 11238,"
"736859","Shooting Permit","08/28/2023 07:00:00 AM","08/28/2023 09:00:00 PM","08/23/2023 11:36:20 AM","Mayor's Office of Media & Entertainment","COLONIAL ROAD between WAKEMAN PLACE and 67 STREET","Brooklyn","10,","68,","Film","Feature","United States of America","11220,"
"736662","Shooting Permit","08/25/2023 04:00:00 PM","08/26/2023 07:00:00 AM","08/22/2023 11:03:55 AM","Mayor's Office of Media & Entertainment","PUTNAM AVENUE between LEWIS AVENUE and MARCUS GARVEY BOULEVARD,  MARCUS GARVEY BOULEVARD between PUTNAM AVENUE and JEFFERSON AVENUE","Brooklyn","3,","79, 81,","Film","Feature","United States of America","11221,"
"735662","Shooting Permit","08/27/2023 08:00:00 AM","08/27/2023 08:00:00 PM","08/15/2023 02:05:22 PM","Mayor's Office of Media & Entertainment","PRESIDENT STREET between COLUMBIA STREET and HICKS STREET","Brooklyn","6,","76,","Film","Short","United States of America","11231,"
"734798","Shooting Permit","08/14/2023 07:00:00 AM","08/14/2023 11:00:00 PM","08/09/2023 07:15:31 PM","Mayor's Office of Media & Entertainment","PROVOST STREET between EAGLE STREET and DUPONT STREET","Brooklyn","1,","94,","Film","Feature","United States of America","11222,"
"734557","Shooting Permit","08/11/2023 06:00:00 AM","08/11/2023 10:00:00 PM","08/08/2023 03:19:09 PM","Mayor's Office of Media & Entertainment","COLONIAL ROAD between WAKEMAN PLACE and 67 STREET","Brooklyn","10,","68,","Film","Feature","United States of America","11220,"
"734377","Shooting Permit","08/10/2023 06:00:00 AM","08/10/2023 09:00:00 PM","08/07/2023 08:15:08 PM","Mayor's Office of Media & Entertainment","COLONIAL ROAD between 67 STREET and WAKEMAN PLACE,  3 AVENUE between 71 STREET and OVINGTON AVENUE","Brooklyn","10,","68,","Film","Feature","United States of America","11209, 11220,"
"734235","Shooting Permit","08/09/2023 06:00:00 AM","08/09/2023 09:00:00 PM","08/07/2023 11:43:17 AM","Mayor's Office of Media & Entertainment","HALSEY STREET between THROOP AVENUE and MARCUS GARVEY BOULEVARD,  MARCUS GARVEY BOULEVARD between HALSEY STREET and MACON STREET","Brooklyn","3,","79, 81,","Film","Feature","United States of America","11216,"
"734221","Shooting Permit","08/08/2023 09:00:00 AM","08/09/2023 03:00:00 AM","08/07/2023 10:58:33 AM","Mayor's Office of Media & Entertainment","EAST   16 STREET between DITMAS AVENUE and NEWKIRK AVENUE","Brooklyn","14,","70,","Film","Short","United States of America","11226,"
"733793","Shooting Permit","08/06/2023 11:00:00 AM","08/06/2023 05:00:00 PM","08/03/2023 05:57:53 PM","Mayor's Office of Media & Entertainment","MANHATTAN AVENUE between GREENPOINT AVENUE and KENT STREET","Brooklyn","1,","94,","Film","Short","United States of America","11222,"
"733654","Shooting Permit","08/08/2023 06:00:00 AM","08/08/2023 08:00:00 PM","08/03/2023 10:53:56 AM","Mayor's Office of Media & Entertainment","PROSPECT PARK WEST between 2 STREET and 3 STREET,  PROSPECT PARK WEST between 3 STREET and 4 STREET","Brooklyn","55, 6,","78,","Film","Feature","United States of America","11215,"
"733343","Shooting Permit","08/07/2023 06:00:00 AM","08/07/2023 08:00:00 PM","08/01/2023 07:38:15 PM","Mayor's Office of Media & Entertainment","MADISON STREET between TOMPKINS AVENUE and THROOP AVENUE,  TOMPKINS AVENUE between MONROE STREET and MADISON STREET","Brooklyn","3,","79,","Film","Feature","United States of America","11216, 11221,"
"733183","Shooting Permit","08/09/2023 01:00:00 PM","08/10/2023 03:00:00 AM","08/01/2023 09:32:55 AM","Mayor's Office of Media & Entertainment","EAST   16 STREET between DITMAS AVENUE and NEWKIRK AVENUE","Brooklyn","14,","70,","Film","Short","United States of America","11226,"
"732995","Shooting Permit","08/07/2023 01:00:00 PM","08/08/2023 03:00:00 AM","07/31/2023 10:14:19 AM","Mayor's Office of Media & Entertainment","EAST   16 STREET between DITMAS AVENUE and NEWKIRK AVENUE","Brooklyn","14,","70,","Film","Short","United States of America","11226,"
"732468","Shooting Permit","08/05/2023 09:00:00 AM","08/05/2023 09:00:00 PM","07/26/2023 06:23:00 PM","Mayor's Office of Media & Entertainment","STANHOPE STREET between ONDERDONK AVENUE and SENECA AVENUE","Queens","5,","104,","Film","Short","United States of America","11385,"
"729133","Shooting Permit","07/11/2023 05:00:00 PM","07/12/2023 05:00:00 AM","07/07/2023 02:02:31 PM","Mayor's Office of Media & Entertainment","BEDFORD AVENUE between NORTH    5 STREET and NORTH    6 STREET,  BEDFORD AVENUE between NORTH    4 STREET and NORTH    5 STREET,  SOUTH    4 STREET between KENT AVENUE and WYTHE AVENUE,  BROADWAY between MARCY AVENUE and RODNEY STREET,  MARCY AVENUE between BROADWAY and SOUTH    9 STREET,  MARCY AVENUE between SOUTH    9 STREET and DIVISION AVENUE,  DIVISION AVENUE between MARCY AVENUE and ROEBLING STREET,  SOUTH    9 STREET between MARCY AVENUE and BROADWAY","Brooklyn","1,","90, 94,","Film","Feature","United States of America","11211, 11249,"
"728734","Shooting Permit","07/10/2023 02:00:00 PM","07/11/2023 02:00:00 AM","07/05/2023 05:00:21 PM","Mayor's Office of Media & Entertainment","SCOTT AVENUE between FLUSHING AVENUE and DEAD END,  RANDOLPH STREET between SENECA AVENUE and SCOTT AVENUE,  RANDOLPH STREET between SCOTT AVENUE and GARDNER AVENUE,  FLUSHING AVENUE between HARRISON PLACE and SCOTT AVENUE","Brooklyn","1, 4,","83, 90, 94,","Film","Feature","United States of America","11222, 11237,"
"726167","Shooting Permit","06/23/2023 09:00:00 AM","06/23/2023 11:00:00 PM","06/21/2023 10:44:26 AM","Mayor's Office of Media & Entertainment","THIRD AVENUE between 89 STREET and 90 STREET","Brooklyn","10,","68,","Film","Feature","United States of America","11209,"
"725992","Shooting Permit","06/22/2023 01:00:00 PM","06/23/2023 01:00:00 AM","06/20/2023 02:07:14 PM","Mayor's Office of Media & Entertainment","96 STREET between FOURTH AVENUE and THIRD AVENUE","Brooklyn","10,","68,","Film","Feature","United States of America","11209,"
"725508","Shooting Permit","06/23/2023 02:00:00 PM","06/24/2023 05:00:00 AM","06/16/2023 03:29:55 PM","Mayor's Office of Media & Entertainment","27 ST between 41 AVENUE and QUEENS PLAZA N,  41 AVENUE between 28 STREET and CRESCENT STREET,  QUEENS PLAZA N between 27 ST and 28 ST,  28 ST between 41 AVENUE and QUEENS PLAZA N,  28 STREET between 40 AVENUE and 41 AVENUE,  27 STREET between 40 AVENUE and 39 AVENUE","Queens","1,","114,","Film","Feature","United States of America","11101, 11102,"
"725461","Shooting Permit","06/20/2023 07:00:00 AM","06/20/2023 07:00:00 PM","06/16/2023 01:23:15 PM","Mayor's Office of Media & Entertainment","THIRD AVENUE between 89 STREET and 90 STREET","Brooklyn","10,","68,","Film","Feature","United States of America","11209,"
"725410","Shooting Permit","06/19/2023 07:00:00 AM","06/19/2023 09:00:00 PM","06/16/2023 11:35:59 AM","Mayor's Office of Media & Entertainment","SHORE ROAD between 68 STREET and BAY RIDGE AVENUE","Brooklyn","10,","68,","Film","Feature","United States of America","11209, 11220,"
"724844","Shooting Permit","06/21/2023 11:00:00 AM","06/22/2023 02:00:00 AM","06/14/2023 04:20:38 PM","Mayor's Office of Media & Entertainment","SCOTT AVENUE between SCHOLES STREET and MESEROLE STREET,  SCOTT AVE between MESEROLE STREET and DEAD END,  SCOTT AVENUE between SCHOLES STREET and METROPOLITAN AVENUE,  SCHOLES STREET between SCOTT AVENUE and GARDNER AVENUE,  MESEROLE STREET between SCOTT AVENUE and GARDNER AVENUE,  JOHNSON AVENUE between GARDNER AVENUE and STEWART AVENUE,  GARDNER AVENUE between JOHNSON AVENUE and FLUSHING AVENUE,  INGRAHAM STREET between GARDNER AVENUE and STEWART AVENUE,  STEWART AVENUE between JOHNSON AVENUE and HARRISON PLACE","Brooklyn","1,","90, 94,","Film","Feature","United States of America","11222, 11237,"
"724375","Shooting Permit","06/16/2023 07:00:00 AM","06/16/2023 09:00:00 PM","06/13/2023 01:48:46 PM","Mayor's Office of Media & Entertainment","71 STREET between SHORE ROAD and NARROWS AVENUE","Brooklyn","10,","68,","Film","Feature","United States of America","11209,"
"724207","Shooting Permit","06/14/2023 07:00:00 AM","06/14/2023 03:00:00 PM","06/12/2023 07:31:52 PM","Mayor's Office of Media & Entertainment","DUPONT STREET between MCGUINNESS BOULEVARD and PROVOST STREET","Brooklyn","1,","94,","Film","Short","United States of America","11222,"
"724204","Shooting Permit","06/14/2023 03:00:00 PM","06/14/2023 08:00:00 PM","06/12/2023 07:23:56 PM","Mayor's Office of Media & Entertainment","42 ROAD between CRESCENT STREET and 24 STREET","Queens","2,","108,","Film","Short","United States of America","11101,"
"723956","Shooting Permit","06/15/2023 06:00:00 AM","06/15/2023 06:00:00 PM","06/11/2023 11:11:48 PM","Mayor's Office of Media & Entertainment","71 STREET between SHORE ROAD and NARROWS AVENUE","Brooklyn","10,","68,","Film","Feature","United States of America","11209,"
"723676","Shooting Permit","06/14/2023 07:00:00 AM","06/14/2023 07:00:00 PM","06/09/2023 01:17:14 PM","Mayor's Office of Media & Entertainment","71 STREET between SHORE ROAD and NARROWS AVENUE","Brooklyn","10,","68,","Film","Feature","United States of America","11209,"
"723355","Shooting Permit","06/13/2023 07:00:00 AM","06/13/2023 09:00:00 PM","06/08/2023 11:46:43 AM","Mayor's Office of Media & Entertainment","71 STREET between SHORE ROAD and NARROWS AVENUE","Brooklyn","10,","68,","Film","Feature","United States of America","11209,"
"723324","Shooting Permit","06/12/2023 07:00:00 AM","06/12/2023 08:00:00 PM","06/08/2023 10:14:03 AM","Mayor's Office of Media & Entertainment","71 STREET between SHORE ROAD and NARROWS AVENUE","Brooklyn","10,","68,","Film","Feature","United States of America","11209,"
"723123","Shooting Permit","06/16/2023 07:00:00 AM","06/16/2023 10:00:00 PM","06/07/2023 02:20:44 PM","Mayor's Office of Media & Entertainment","GREEN STREET between PROVOST STREET and MCGUINNESS BOULEVARD","Brooklyn","1,","94,","Film","Feature","United States of America","11222,"
"723121","Shooting Permit","06/15/2023 07:00:00 AM","06/15/2023 10:00:00 PM","06/07/2023 02:17:58 PM","Mayor's Office of Media & Entertainment","GREEN STREET between PROVOST STREET and MCGUINNESS BOULEVARD","Brooklyn","1,","94,","Film","Feature","United States of America","11222,"
"723113","Shooting Permit","06/13/2023 07:00:00 AM","06/13/2023 10:00:00 PM","06/07/2023 01:50:07 PM","Mayor's Office of Media & Entertainment","GREEN STREET between PROVOST STREET and MCGUINNESS BOULEVARD","Brooklyn","1,","94,","Film","Feature","United States of America","11222,"
"723104","Shooting Permit","06/12/2023 07:00:00 AM","06/12/2023 10:00:00 PM","06/07/2023 01:28:52 PM","Mayor's Office of Media & Entertainment","GREEN STREET between PROVOST STREET and MCGUINNESS BOULEVARD","Brooklyn","1,","94,","Film","Feature","United States of America","11222,"
"722010","Shooting Permit","06/10/2023 07:00:00 AM","06/10/2023 07:00:00 PM","06/03/2023 07:24:38 PM","Mayor's Office of Media & Entertainment","WEST   10 STREET between SURF AVENUE and BOARDWALK,  WEST   15 STREET between BOARDWALK and SURF AVENUE","Brooklyn","13,","60,","Film","Feature","United States of America","11224,"
"721289","Shooting Permit","06/08/2023 06:00:00 AM","06/08/2023 08:00:00 PM","06/01/2023 01:56:32 PM","Mayor's Office of Media & Entertainment","9 STREET between 43 ROAD and 44 AVENUE,  44 AVENUE between 9 STREET and 10 STREET,  10 STREET between 43 AVENUE and 44 AVENUE","Queens","2,","108,","Film","Feature","United States of America","11101,"
"719788","Shooting Permit","06/06/2023 06:00:00 AM","06/06/2023 08:00:00 PM","05/30/2023 10:30:18 AM","Mayor's Office of Media & Entertainment","WEST   12 STREET between BOWERY STREET and DEAD END,  WEST   10 STREET between SURF AVENUE and BOARDWALK,  SURF AVENUE between WEST   10 STREET and HENDERSON WALK,  SURF AVENUE between WEST    8 STREET and WEST   10 STREET,  SURF AVENUE between WEST    8 STREET and SEA BREEZE AVENUE,  MERMAID AVENUE between STILLWELL AVENUE and WEST   15 STREET,  BRIGHTON   15 STREET between BRIGHTON   14 STREET and BRIGHTON BEACH AVENUE","Brooklyn","13,","60,","Film","Feature","United States of America","11224, 11235,"
"719454","Shooting Permit","06/05/2023 05:00:00 AM","06/05/2023 08:00:00 PM","05/26/2023 04:54:47 PM","Mayor's Office of Media & Entertainment","WEST   10 STREET between SURF AVENUE and BOARDWALK,  SURF AVENUE between WEST   10 STREET and HENDERSON WALK,  SURF AVENUE between WEST   10 STREET and WEST    8 STREET,  SURF AVENUE between WEST    8 STREET and SEA BREEZE AVENUE,  MERMAID AVENUE between STILLWELL AVENUE and WEST   15 STREET,  BRIGHTON   15 STREET between BRIGHTON   14 STREET and BRIGHTON BEACH AVENUE","Brooklyn","13,","60,","Film","Feature","United States of America","11223, 11224, 11235,"
"718853","Shooting Permit","05/26/2023 05:30:00 PM","05/26/2023 11:30:00 PM","05/24/2023 11:38:48 AM","Mayor's Office of Media & Entertainment","VAN BRUNT STREET between DIKEMAN STREET and COFFEY STREET","Brooklyn","6,","76,","Film","Short","United States of America","11231,"
"717928","Shooting Permit","05/26/2023 06:00:00 PM","05/27/2023 04:00:00 AM","05/19/2023 01:50:45 PM","Mayor's Office of Media & Entertainment","SOUTH    6 STREET between BERRY STREET and WYTHE AVENUE,  WYTHE AVENUE between SOUTH    5 STREET and SOUTH    6 STREET,  WYTHE AVENUE between SOUTH    6 STREET and BROADWAY,  BROADWAY between RODNEY STREET and MARCY AVENUE,  MARCY AVENUE between BROADWAY and DIVISION AVENUE","Brooklyn","1,","90,","Film","Feature","United States of America","11206, 11211, 11249,"
"717149","Shooting Permit","05/19/2023 08:00:00 AM","05/19/2023 10:00:00 PM","05/16/2023 04:58:40 PM","Mayor's Office of Media & Entertainment","28 STREET between 20 AVENUE and 21 AVENUE","Queens","1,","114,","Film","Feature","United States of America","11105,"
"715627","Shooting Permit","05/12/2023 06:00:00 AM","05/12/2023 10:00:00 PM","05/10/2023 03:00:37 PM","Mayor's Office of Media & Entertainment","MONITOR STREET between GREENPOINT AVENUE and NORMAN AVENUE","Brooklyn","1,","94,","Film","Feature","United States of America","11222,"
"715041","Shooting Permit","05/10/2023 06:00:00 AM","05/10/2023 10:00:00 PM","05/08/2023 08:16:56 PM","Mayor's Office of Media & Entertainment","MESEROLE AVENUE between MOULTRIE STREET and RUSSELL STREET,  MESEROLE AVENUE between RUSSELL STREET and NORTH HENRY STREET,  HUMBOLDT STREET between MESEROLE AVENUE and NORMAN AVENUE,  RUSSELL STREET between MESEROLE AVENUE and NORMAN AVENUE,  RUSSELL STREET between CALYER STREET and MESEROLE AVENUE,  NORTH HENRY STREET between MESEROLE AVENUE and NORMAN AVENUE,  MONITOR STREET between GREENPOINT AVENUE and NORMAN AVENUE,  KINGSLAND AVENUE between GREENPOINT AVENUE and NORMAN AVENUE","Brooklyn","1,","94,","Film","Feature","United States of America","11222,"
"714206","Shooting Permit","05/09/2023 07:00:00 AM","05/09/2023 11:30:00 PM","05/04/2023 04:44:27 PM","Mayor's Office of Media & Entertainment","MARCUS GARVEY BOULEVARD between PARK AVENUE and ELLERY STREET,  MARCUS GARVEY BOULEVARD between ELLERY STREET and BROADWAY","Brooklyn","3,","79, 81,","Film","Feature","United States of America","11206,"
"713758","Shooting Permit","05/09/2023 06:00:00 AM","05/09/2023 10:00:00 PM","05/03/2023 02:04:22 PM","Mayor's Office of Media & Entertainment","MESEROLE AVENUE between MOULTRIE STREET and RUSSELL STREET,  MESEROLE AVENUE between RUSSELL STREET and NORTH HENRY STREET,  HUMBOLDT STREET between MESEROLE AVENUE and NORMAN AVENUE,  RUSSELL STREET between MESEROLE AVENUE and NORMAN AVENUE,  RUSSELL STREET between CALYER STREET and MESEROLE AVENUE,  NORTH HENRY STREET between MESEROLE AVENUE and NORMAN AVENUE,  MONITOR STREET between GREENPOINT AVENUE and NORMAN AVENUE,  KINGSLAND AVENUE between GREENPOINT AVENUE and NORMAN AVENUE","Brooklyn","1,","94,","Film","Feature","United States of America","11222,"
"713639","Shooting Permit","05/08/2023 06:00:00 AM","05/08/2023 10:00:00 PM","05/03/2023 10:07:03 AM","Mayor's Office of Media & Entertainment","MESEROLE AVENUE between MOULTRIE STREET and RUSSELL STREET,  MESEROLE AVENUE between RUSSELL STREET and NORTH HENRY STREET,  HUMBOLDT STREET between MESEROLE AVENUE and NORMAN AVENUE,  RUSSELL STREET between MESEROLE AVENUE and NORMAN AVENUE,  RUSSELL STREET between CALYER STREET and MESEROLE AVENUE,  NORTH HENRY STREET between MESEROLE AVENUE and NORMAN AVENUE,  MONITOR STREET between GREENPOINT AVENUE and NORMAN AVENUE,  KINGSLAND AVENUE between GREENPOINT AVENUE and NORMAN AVENUE","Brooklyn","1,","94,","Film","Feature","United States of America","11222,"
"713638","Shooting Permit","05/05/2023 08:00:00 AM","05/05/2023 10:00:00 PM","05/03/2023 10:06:24 AM","Mayor's Office of Media & Entertainment","MESEROLE AVENUE between MOULTRIE STREET and RUSSELL STREET,  MESEROLE AVENUE between RUSSELL STREET and NORTH HENRY STREET,  HUMBOLDT STREET between MESEROLE AVENUE and NORMAN AVENUE,  RUSSELL STREET between MESEROLE AVENUE and NORMAN AVENUE,  RUSSELL STREET between CALYER STREET and MESEROLE AVENUE,  NORTH HENRY STREET between MESEROLE AVENUE and NORMAN AVENUE,  MONITOR STREET between GREENPOINT AVENUE and NORMAN AVENUE,  KINGSLAND AVENUE between GREENPOINT AVENUE and NORMAN AVENUE","Brooklyn","1,","94,","Film","Feature","United States of America","11222,"
"713552","Shooting Permit","05/08/2023 04:00:00 AM",,"05/02/2023 06:44:59 PM","Mayor's Office of Media & Entertainment","EVERIT STREET between DOUGHTY STREET and OLD FULTON STREET,  COLUMBIA HEIGHTS between DOUGHTY STREET and VINE STREET,  OLD FULTON STREET between EVERIT STREET and HICKS STREET","Brooklyn","2,","84,","Film","Feature","United States of America","11201,"
"713364","Shooting Permit","05/04/2023 08:00:00 AM","05/04/2023 11:00:00 PM","05/02/2023 01:08:00 PM","Mayor's Office of Media & Entertainment","MESEROLE AVENUE between MOULTRIE STREET and RUSSELL STREET,  MESEROLE AVENUE between RUSSELL STREET and NORTH HENRY STREET,  HUMBOLDT STREET between MESEROLE AVENUE and NORMAN AVENUE,  RUSSELL STREET between MESEROLE AVENUE and NORMAN AVENUE,  RUSSELL STREET between CALYER STREET and MESEROLE AVENUE,  NORTH HENRY STREET between MESEROLE AVENUE and NORMAN AVENUE,  MONITOR STREET between GREENPOINT AVENUE and NORMAN AVENUE,  KINGSLAND AVENUE between GREENPOINT AVENUE and NORMAN AVENUE","Brooklyn","1, 2,","108, 94,","Film","Feature","United States of America","11101, 11222,"
"713097","Shooting Permit","05/03/2023 06:00:00 AM","05/03/2023 10:00:00 PM","05/01/2023 04:15:30 PM","Mayor's Office of Media & Entertainment","MESEROLE AVENUE between MOULTRIE STREET and RUSSELL STREET,  MESEROLE AVENUE between RUSSELL STREET and NORTH HENRY STREET,  HUMBOLDT STREET between MESEROLE AVENUE and NORMAN AVENUE,  RUSSELL STREET between MESEROLE AVENUE and NORMAN AVENUE,  RUSSELL STREET between CALYER STREET and MESEROLE AVENUE,  NORTH HENRY STREET between MESEROLE AVENUE and NORMAN AVENUE,  MONITOR STREET between GREENPOINT AVENUE and NORMAN AVENUE,  KINGSLAND AVENUE between GREENPOINT AVENUE and NORMAN AVENUE","Brooklyn","1,","94,","Film","Feature","United States of America","11222,"
"712563","Shooting Permit","05/11/2023 04:00:00 PM","05/11/2023 09:00:00 PM","04/28/2023 04:08:02 PM","Mayor's Office of Media & Entertainment","LOUIS PLACE between ATLANTIC AVENUE and HERKIMER STREET","Brooklyn","3,","81,","Film","Feature","United States of America","11233,"
"712547","Shooting Permit","05/02/2023 06:00:00 AM","05/02/2023 10:00:00 PM","04/28/2023 03:37:40 PM","Mayor's Office of Media & Entertainment","MESEROLE AVENUE between MOULTRIE STREET and RUSSELL STREET,  MESEROLE AVENUE between RUSSELL STREET and NORTH HENRY STREET,  HUMBOLDT STREET between MESEROLE AVENUE and NORMAN AVENUE,  RUSSELL STREET between MESEROLE AVENUE and NORMAN AVENUE,  RUSSELL STREET between CALYER STREET and MESEROLE AVENUE,  NORTH HENRY STREET between MESEROLE AVENUE and NORMAN AVENUE,  MONITOR STREET between GREENPOINT AVENUE and NORMAN AVENUE,  KINGSLAND AVENUE between GREENPOINT AVENUE and NORMAN AVENUE","Brooklyn","1,","94,","Film","Feature","United States of America","11222,"
"712416","Shooting Permit","05/01/2023 06:00:00 AM","05/01/2023 10:00:00 PM","04/28/2023 11:24:12 AM","Mayor's Office of Media & Entertainment","MESEROLE AVENUE between MOULTRIE STREET and RUSSELL STREET,  MESEROLE AVENUE between RUSSELL STREET and NORTH HENRY STREET,  HUMBOLDT ST between MESEROLE AVENUE and NORMAN AVENUE,  RUSSELL STREET between MESEROLE AVENUE and NORMAN AVENUE,  RUSSELL STREET between CALYER STREET and MESEROLE AVENUE,  NORTH HENRY STREET between MESEROLE AVENUE and NORMAN AVENUE,  MONITOR STREET between GREENPOINT AVENUE and NORMAN AVENUE,  KINGSLAND AVENUE between GREENPOINT AVENUE and NORMAN AVENUE","Brooklyn","1,","94,","Film","Feature","United States of America","11222,"
"711703","Shooting Permit","05/02/2023 11:00:00 AM","05/02/2023 11:00:00 PM","04/26/2023 11:26:08 AM","Mayor's Office of Media & Entertainment","88 STREET between COOPER AVENUE and DORAN AVENUE,  84 STREET between COOPER AVENUE and DORAN AVENUE","Queens","5,","104,","Film","Feature","United States of America","11385,"
"711689","Shooting Permit","04/28/2023 08:00:00 AM","04/28/2023 11:00:00 PM","04/26/2023 11:05:25 AM","Mayor's Office of Media & Entertainment","MESEROLE AVENUE between MOULTRIE STREET and RUSSELL STREET,  MESEROLE AVENUE between RUSSELL STREET and NORTH HENRY STREET,  HUMBOLDT ST between MESEROLE AVENUE and NORMAN AVENUE,  RUSSELL STREET between MESEROLE AVENUE and NORMAN AVENUE,  RUSSELL STREET between CALYER STREET and MESEROLE AVENUE,  NORTH HENRY STREET between MESEROLE AVENUE and NORMAN AVENUE,  MONITOR STREET between GREENPOINT AVENUE and NORMAN AVENUE,  KINGSLAND AVENUE between GREENPOINT AVENUE and NORMAN AVENUE","Brooklyn","1,","94,","Film","Feature","United States of America","11222,"
"711526","Shooting Permit","05/01/2023 06:00:00 AM","05/01/2023 08:00:00 PM","04/25/2023 04:55:08 PM","Mayor's Office of Media & Entertainment","9 STREET between 43 ROAD and 44 AVENUE,  44 AVENUE between 9 STREET and 10 STREET,  10 STREET between 43 AVENUE and 44 AVENUE","Queens","2,","108,","Film","Feature","United States of America","11101,"
"711439","Shooting Permit","04/28/2023 08:00:00 AM","04/28/2023 11:00:00 PM","04/25/2023 02:30:28 PM","Mayor's Office of Media & Entertainment","KINGSLAND AVENUE between GREENPOINT AVENUE and NORMAN AVENUE,  MONITOR STREET between GREENPOINT AVENUE and NORMAN AVENUE","Brooklyn","1,","94,","Film","Feature","United States of America","11222,"
"711396","Shooting Permit","04/27/2023 08:00:00 AM","04/27/2023 11:00:00 PM","04/25/2023 01:12:19 PM","Mayor's Office of Media & Entertainment","MESEROLE AVENUE between MOULTRIE STREET and RUSSELL STREET,  MESEROLE AVENUE between RUSSELL STREET and NORTH HENRY STREET,  HUMBOLDT STREET between MESEROLE AVENUE and NORMAN AVENUE,  RUSSELL STREET between MESEROLE AVENUE and NORMAN AVENUE,  RUSSELL STREET between CALYER STREET and MESEROLE AVENUE,  NORTH HENRY STREET between MESEROLE AVENUE and NORMAN AVENUE,  MONITOR STREET between GREENPOINT AVENUE and NORMAN AVENUE,  KINGSLAND AVENUE between GREENPOINT AVENUE and NORMAN AVENUE","Brooklyn","1,","94,","Film","Feature","United States of America","11222,"
"710170","Shooting Permit","04/23/2023 06:00:00 AM","04/23/2023 07:00:00 PM","04/20/2023 10:48:50 AM","Mayor's Office of Media & Entertainment","NASSAU STREET between GOLD STREET and BRIDGE STREET,  DIVISION STREET between BOWERY and MARKET STREET,  BOWERY between DIVISION STREET and BAYARD STREET,  MARKET SLIP between CHERRY STREET and SOUTH STREET,  SOUTH STREET between MARKET STREET and CATHERINE SLIP,  KINGSLAND AVENUE between NORMAN AVENUE and GREENPOINT AVENUE,  EAST BROADWAY between CATHERINE STREET and MARKET STREET,  SAINT JAMES PLACE between OLIVER STREET and JAMES STREET","Brooklyn","1, 2, 3,","1, 5, 7, 84, 94,","Film","Feature","United States of America","10002, 10013, 10038, 11038, 11201, 11222,"
"710167","Shooting Permit","04/27/2023 11:00:00 AM","04/28/2023 01:00:00 AM","04/20/2023 10:45:55 AM","Mayor's Office of Media & Entertainment","KINGSLAND AVENUE between GREENPOINT AVENUE and NORMAN AVENUE,  MONITOR STREET between GREENPOINT AVENUE and NORMAN AVENUE,  MONITOR STREET between GREENPOINT AVENUE and NORMAN AVENUE","Brooklyn","1,","94,","Film","Feature","United States of America","11222,"
"710161","Shooting Permit","04/25/2023 05:00:00 PM","04/26/2023 02:00:00 AM","04/20/2023 10:33:27 AM","Mayor's Office of Media & Entertainment","KINGSLAND AVENUE between GREENPOINT AVENUE and NORMAN AVENUE,  MONITOR STREET between GREENPOINT AVENUE and NORMAN AVENUE","Brooklyn","1,","94,","Film","Feature","United States of America","11222,"
"710159","Shooting Permit","04/24/2023 11:00:00 AM","04/25/2023 02:00:00 AM","04/20/2023 10:31:07 AM","Mayor's Office of Media & Entertainment","KINGSLAND AVENUE between GREENPOINT AVENUE and NORMAN AVENUE,  MONITOR STREET between GREENPOINT AVENUE and NORMAN AVENUE","Brooklyn","1,","94,","Film","Feature","United States of America","11222,"
"710033","Shooting Permit","04/24/2023 07:00:00 AM","04/24/2023 07:00:00 PM","04/19/2023 08:18:23 PM","Mayor's Office of Media & Entertainment","CHURCH STREET between 244 STREET and ORIENT AVENUE,  ORIENT AVENUE between CHURCH STREET and PINE STREET,  SECOND AVENUE between EAST    9 STREET and EAST    7 STREET,  GLENWOOD STREET between NORTHERN BOULEVARD and PEMBROKE AVENUE","Queens","11, 3,","111, 9,","Film","Feature","United States of America","10003, 11362, 11363,"
"710028","Shooting Permit","04/22/2023 06:00:00 AM","04/22/2023 07:00:00 PM","04/19/2023 08:12:39 PM","Mayor's Office of Media & Entertainment","NASSAU STREET between GOLD STREET and BRIDGE STREET,  DIVISION STREET between BOWERY and MARKET STREET,  BOWERY between DIVISION STREET and BAYARD STREET,  MARKET SLIP between CHERRY STREET and SOUTH STREET,  SOUTH STREET between MARKET STREET and CATHERINE SLIP,  KINGSLAND AVENUE between NORMAN AVENUE and GREENPOINT AVENUE,  EAST BROADWAY between CATHERINE STREET and MARKET STREET,  ST JAMES PLACE between OLIVER STREET and JAMES STREET","Brooklyn","1, 2, 3,","1, 5, 7, 84, 94,","Film","Feature","United States of America","10002, 10013, 10038, 11038, 11201, 11222,"
"708594","Shooting Permit","04/21/2023 03:00:00 PM","04/22/2023 01:00:00 AM","04/15/2023 01:31:24 PM","Mayor's Office of Media & Entertainment","KINGSLAND AVENUE between GREENPOINT AVENUE and NORMAN AVENUE,  MONITOR STREET between GREENPOINT AVENUE and NORMAN AVENUE","Brooklyn","1,","94,","Film","Feature","United States of America","11222,"
"708311","Shooting Permit",,"04/21/2023 02:00:00 AM","04/14/2023 11:55:30 AM","Mayor's Office of Media & Entertainment","KINGSLAND AVENUE between GREENPOINT AVENUE and NORMAN AVENUE,  MONITOR STREET between GREENPOINT AVENUE and NORMAN AVENUE","Brooklyn","1,","94,","Film","Feature","United States of America","11222,"
"707875","Shooting Permit","04/26/2023 09:00:00 AM","04/27/2023 01:00:00 AM","04/12/2023 03:18:19 PM","Mayor's Office of Media & Entertainment","KINGSLAND AVENUE between GREENPOINT AVENUE and NORMAN AVENUE,  MONITOR STREET between GREENPOINT AVENUE and NORMAN AVENUE","Brooklyn","1,","94,","Film","Feature","United States of America","11222,"
"707874","Shooting Permit",,"04/29/2023 02:00:00 AM","04/12/2023 03:17:23 PM","Mayor's Office of Media & Entertainment","KINGSLAND AVENUE between GREENPOINT AVENUE and NORMAN AVENUE,  MONITOR STREET between GREENPOINT AVENUE and NORMAN AVENUE,  MONITOR STREET between GREENPOINT AVENUE and NORMAN AVENUE","Brooklyn","1,","94,","Film","Feature","United States of America","11222,"
"707567","Shooting Permit","04/27/2023 04:00:00 PM","04/27/2023 11:59:00 PM","04/11/2023 02:26:38 PM","Mayor's Office of Media & Entertainment","PROSPECT PLACE between NOSTRAND AVENUE and ROGERS AVENUE","Brooklyn","8,","77,","Film","Short","United States of America","11216,"
"707223","Shooting Permit","04/14/2023 10:00:00 AM","04/15/2023 02:00:00 AM","04/10/2023 11:09:20 AM","Mayor's Office of Media & Entertainment","KINGSLAND AVENUE between GREENPOINT AVENUE and NORMAN AVENUE,  MONITOR STREET between GREENPOINT AVENUE and NORMAN AVENUE,  MONITOR STREET between GREENPOINT AVENUE and NORMAN AVENUE","Brooklyn","1,","94,","Film","Feature","United States of America","11222,"
"706974","Shooting Permit","04/13/2023 06:30:00 AM","04/14/2023 01:30:00 AM","04/07/2023 03:35:37 PM","Mayor's Office of Media & Entertainment","CHRYSTIE STREET between CANAL STREET and HESTER STREET","Queens","2, 3,","108, 115, 5, 9,","Film","Feature","United States of America","10002, 10003, 10012, 10013, 11101, 11372,"
"706664","Shooting Permit","04/10/2023 07:00:00 AM","04/10/2023 11:00:00 PM","04/06/2023 08:14:16 AM","Mayor's Office of Media & Entertainment","KINGSLAND AVENUE between GREENPOINT AVENUE and NORMAN AVENUE,  MONITOR STREET between GREENPOINT AVENUE and NORMAN AVENUE","Brooklyn","1,","94,","Film","Feature","United States of America","11222,"
"706662","Shooting Permit","04/07/2023 11:00:00 AM","04/08/2023 02:00:00 AM","04/06/2023 08:10:13 AM","Mayor's Office of Media & Entertainment","KINGSLAND AVENUE between GREENPOINT AVENUE and NORMAN AVENUE,  MONITOR STREET between GREENPOINT AVENUE and NORMAN AVENUE","Brooklyn","1,","94,","Film","Feature","United States of America","11222,"
"706081","Shooting Permit","04/06/2023 12:00:00 PM","04/07/2023 02:00:00 AM","04/03/2023 06:21:34 PM","Mayor's Office of Media & Entertainment","KINGSLAND AVENUE between GREENPOINT AVENUE and NORMAN AVENUE,  MONITOR STREET between GREENPOINT AVENUE and NORMAN AVENUE","Brooklyn","1,","94,","Film","Feature","United States of America","11222,"
"706062","Shooting Permit","04/05/2023 08:00:00 AM","04/05/2023 11:00:00 PM","04/03/2023 05:29:26 PM","Mayor's Office of Media & Entertainment","KINGSLAND AVENUE between GREENPOINT AVENUE and NORMAN AVENUE,  MONITOR STREET between GREENPOINT AVENUE and NORMAN AVENUE","Brooklyn","1,","94,","Film","Feature","United States of America","11222,"
"706048","Shooting Permit","04/07/2023 07:00:00 AM","04/07/2023 09:00:00 PM","04/03/2023 04:49:50 PM","Mayor's Office of Media & Entertainment","4 STREET between HOYT STREET and BOND STREET,  BOND STREET between DEAD END and 3 STREET,  3 STREET between HOYT STREET and BOND STREET,  3 STREET between BOND STREET and 3 AVENUE,  GARFIELD PLACE between 7 AVENUE and 8 AVENUE,  CARROLL STREET between 6 AVENUE and 7 AVENUE,  CARROLL STREET between 7 AVENUE and FISKE PLACE,  7 AVENUE between GARFIELD PLACE and PRESIDENT STREET,  POLHEMUS PLACE between GARFIELD PLACE and CARROLL STREET,  FISKE PLACE between GARFIELD PLACE and CARROLL STREET,  FLATBUSH AVE between GRAND ARMY PLAZA and EMPIRE BLVD","Brooklyn","55, 6, 9,","71, 76, 78,","Film","Feature","United States of America","11215, 11225, 11231,"
"706047","Shooting Permit","04/06/2023 07:00:00 AM","04/06/2023 10:00:00 PM","04/03/2023 04:49:21 PM","Mayor's Office of Media & Entertainment","GARFIELD PLACE between 7 AVENUE and 8 AVENUE,  CARROLL STREET between 6 AVENUE and 7 AVENUE,  CARROLL STREET between 7 AVENUE and FISKE PLACE,  7 AVENUE between GARFIELD PLACE and PRESIDENT STREET,  POLHEMUS PLACE between GARFIELD PLACE and CARROLL STREET,  FISKE PLACE between GARFIELD PLACE and CARROLL STREET,  FLATBUSH AVE between GRAND ARMY PLAZA and EMPIRE BLVD","Brooklyn","55, 6, 9,","71, 78,","Film","Feature","United States of America","11215, 11225,"
"705504","Shooting Permit","04/04/2023 08:00:00 AM","04/04/2023 11:00:00 PM","03/31/2023 01:13:52 PM","Mayor's Office of Media & Entertainment","KINGSLAND AVENUE between GREENPOINT AVENUE and NORMAN AVENUE","Brooklyn","1,","94,","Film","Feature","United States of America","11222,"
"705258","Shooting Permit","04/04/2023 11:00:00 AM","04/05/2023 01:00:00 AM","03/30/2023 01:23:54 PM","Mayor's Office of Media & Entertainment","CADMAN PLAZA WEST between PIERREPONT STREET and MONTAGUE STREET,  KANE STREET between HICKS STREET and HENRY STREET","Brooklyn","2, 6,","76, 84,","Film","Feature","United States of America","11201, 11231,"
"705022","Shooting Permit","04/03/2023 07:00:00 AM","04/03/2023 08:00:00 PM","03/29/2023 03:25:25 PM","Mayor's Office of Media & Entertainment","8 AVENUE between CARROLL STREET and PRESIDENT STREET,  8 AVENUE between CARROLL STREET and GARFIELD PLACE","Brooklyn","6,","78,","Film","Feature","United States of America","11215,"
"704720","Shooting Permit","03/31/2023 11:00:00 AM","04/01/2023 01:00:00 AM","03/28/2023 02:44:52 PM","Mayor's Office of Media & Entertainment","KINGSLAND AVENUE between NORMAN AVENUE and GREENPOINT AVENUE,  MONITOR STREET between GREENPOINT AVENUE and NORMAN AVENUE","Brooklyn","1,","94,","Film","Feature","United States of America","11222,"
"704490","Shooting Permit","03/30/2023 06:00:00 AM","03/30/2023 09:00:00 PM","03/27/2023 05:16:00 PM","Mayor's Office of Media & Entertainment","CORNELIA STREET between IRVING AVENUE and WYCKOFF AVENUE","Brooklyn","4,","83,","Film","Short","United States of America","11237,"
"704118","Shooting Permit","03/30/2023 01:00:00 PM","03/31/2023 02:00:00 AM","03/24/2023 07:04:37 PM","Mayor's Office of Media & Entertainment","KINGSLAND AVENUE between NORMAN AVENUE and GREENPOINT AVENUE,  MONITOR STREET between GREENPOINT AVENUE and NORMAN AVENUE","Brooklyn","1,","94,","Film","Feature","United States of America","11222,"
"703133","Shooting Permit","03/27/2023 10:00:00 AM","03/27/2023 08:30:00 PM","03/21/2023 11:53:30 AM","Mayor's Office of Media & Entertainment","ATLANTIC AVENUE between HICKS STREET and HENRY STREET","Brooklyn","11, 2, 5, 6, 8,","18, 19, 23, 25, 76, 84,","Film","Feature","United States of America","10017, 10021, 10022, 10028, 10029, 10035, 10037, 10065, 10075, 10128, 10152, 10167, 10171, 10172, 10177, 11201,"
"702957","Shooting Permit","03/22/2023 09:00:00 AM","03/23/2023 05:00:00 PM","03/20/2023 04:10:29 PM","Mayor's Office of Media & Entertainment","SURF AVENUE between STILLWELL AVENUE and WEST   12 STREET,  WEST 12TH STREET between SURF AVENUE and REIGELMAN BOARDWALK","Brooklyn","13,","60,","Film","Feature","United States of America","11224,"
"702070","Shooting Permit","03/21/2023 09:00:00 AM","03/21/2023 07:00:00 PM","03/15/2023 09:36:25 PM","Mayor's Office of Media & Entertainment","34 STREET between BRADLEY AVENUE and BORDEN AVENUE","Queens","2,","108,","Film","Feature","United States of America","11101,"
"701795","Shooting Permit","03/20/2023 09:00:00 AM","03/20/2023 07:00:00 PM","03/14/2023 09:43:16 PM","Mayor's Office of Media & Entertainment","PROVOST STREET between FREEMAN STREET and GREEN STREET","Brooklyn","1,","94,","Film","Feature","United States of America","11222,"
"701416","Shooting Permit","03/16/2023 10:00:00 AM","03/16/2023 11:30:00 PM","03/13/2023 03:36:39 PM","Mayor's Office of Media & Entertainment","WATER STREET between DOCK STREET and OLD FULTON STREET,  CADMAN PLAZA EAST between PROSPECT STREET and RED CROSS PLACE,  CHAMBERS STREET between BROADWAY and CHURCH STREET,  8 AVENUE between WEST   54 STREET and WEST   53 STREET,  WEST   57 STREET between 5 AVENUE and 6 AVENUE,  EAST   15 STREET between UNION SQUARE WEST and 5 AVENUE","Brooklyn","1, 2, 3, 4, 5,","1, 13, 18, 5, 84,","Film","Short","United States of America","10002, 10003, 10007, 10019, 10038, 11201,"
"700700","Shooting Permit","03/17/2023 06:00:00 AM","03/17/2023 08:00:00 PM","03/09/2023 04:19:18 PM","Mayor's Office of Media & Entertainment","GREEN STREET between MCGUINNESS BOULEVARD and PROVOST STREET,  PROVOST STREET between HURON STREET and PAIDGE AVENUE","Brooklyn","1,","94,","Film","Feature","United States of America","11222,"
"700699","Shooting Permit","03/16/2023 06:00:00 AM","03/16/2023 08:00:00 PM","03/09/2023 04:19:06 PM","Mayor's Office of Media & Entertainment","GREEN STREET between MCGUINNESS BOULEVARD and PROVOST STREET,  PROVOST STREET between HURON STREET and PAIDGE AVENUE","Brooklyn","1,","94,","Film","Feature","United States of America","11222,"
"700698","Shooting Permit","03/15/2023 06:00:00 AM","03/15/2023 08:00:00 PM","03/09/2023 04:18:44 PM","Mayor's Office of Media & Entertainment","GREEN STREET between MCGUINNESS BOULEVARD and PROVOST STREET","Brooklyn","1,","94,","Film","Feature","United States of America","11222,"
"700167","Shooting Permit","03/13/2023 04:00:00 AM","03/13/2023 07:00:00 PM","03/07/2023 08:28:37 PM","Mayor's Office of Media & Entertainment","REDDING STREET between ALBERT ROAD and PITKIN AVENUE,  DOXSEY PLACE between CROSSBAY BOULEVARD and SILVER ROAD,  SILVER ROAD between CROSSBAY BOULEVARD and DOXSEY PLACE","Queens","10,","106,","Film","Feature","United States of America","11417,"
"699809","Shooting Permit","03/09/2023 07:00:00 AM","03/09/2023 07:00:00 PM","03/06/2023 06:31:03 PM","Mayor's Office of Media & Entertainment","BRIGHTON 6 ST between BRIGHTWATER COURT and DEAD END,  BRIGHTWATER COURT between BRIGHTON    5 STREET and BRIGHTON    6 STREET,  BRIGHTWATER COURT between BRIGHTON    6 STREET and BRIGHTON    7 STREET","Brooklyn","13,","60,","Film","Feature","United States of America","11235,"
"698939","Shooting Permit","03/07/2023 08:00:00 AM","03/07/2023 09:00:00 PM","03/01/2023 09:13:49 PM","Mayor's Office of Media & Entertainment","STANHOPE STREET between MYRTLE AVENUE and CENTRAL AVENUE","Brooklyn","4,","83,","Film","Feature","United States of America","11221,"
"698934","Shooting Permit","03/05/2023 06:00:00 AM","03/05/2023 09:00:00 PM","03/01/2023 08:09:02 PM","Mayor's Office of Media & Entertainment","BRIGHTON   11 STREET between BRIGHTON BEACH AVENUE and CASS PLACE,  BRIGHTON BEACH AVENUE between BRIGHTON    6 STREET and BRIGHTON    7 STREET","Brooklyn","13,","60,","Film","Feature","United States of America","11235,"
"698403","Shooting Permit","03/06/2023 08:00:00 AM","03/06/2023 08:00:00 PM","02/27/2023 10:13:27 PM","Mayor's Office of Media & Entertainment","BELMONT AVENUE between ALABAMA AVENUE and GEORGIA AVENUE","Brooklyn","5,","75,","Film","Feature","United States of America","11207,"
"697715","Shooting Permit","03/01/2023 06:00:00 PM","03/02/2023 06:00:00 AM","02/23/2023 01:41:07 PM","Mayor's Office of Media & Entertainment","BRIGHTON BEACH AVENUE between BRIGHTON    6 STREET and BRIGHTON    7 STREET","Brooklyn","13,","60,","Film","Feature","United States of America","11235,"
"697694","Shooting Permit","03/02/2023 06:00:00 PM","03/03/2023 06:00:00 AM","02/23/2023 01:03:06 PM","Mayor's Office of Media & Entertainment","BRIGHTON BEACH AVENUE between BRIGHTON BEACH 6TH STREET and BRIGHTON BEACH 7TH STREET,  EMMONS AVENUE between DOOLEY STREET and EAST   21 STREET","Brooklyn","13, 15,","60, 61,","Film","Feature","United States of America","11235,"
"697627","Shooting Permit","02/28/2023 08:00:00 AM","02/28/2023 03:00:00 PM","02/23/2023 08:42:22 AM","Mayor's Office of Media & Entertainment","KENT STREET between FRANKLIN STREET and MANHATTAN AVENUE","Brooklyn","1,","94,","Film","Feature","United States of America","11222,"
"697464","Shooting Permit","02/28/2023 03:00:00 AM","02/28/2023 05:00:00 PM","02/22/2023 11:54:30 AM","Mayor's Office of Media & Entertainment","BRIGHTON   11 STREET between BRIGHTON BEACH AVENUE and OCEAN VIEW AVENUE,  BRIGHTON BEACH AVENUE between BRIGHTON    6 STREET and BRIGHTON    7 STREET,  WEST   17 STREET between BAY   52 STREET and CANAL AVENUE","Brooklyn","13,","60,","Film","Feature","United States of America","11214, 11235,"
"697228","Shooting Permit","02/27/2023 07:00:00 AM","02/27/2023 09:00:00 PM","02/21/2023 10:24:23 AM","Mayor's Office of Media & Entertainment","BRIGHTON BEACH AVENUE between BRIGHTON    6 STREET and BRIGHTON    7 STREET","Brooklyn","13,","60,","Film","Feature","United States of America","11235,"
"697217","Shooting Permit","02/26/2023 07:00:00 AM","02/26/2023 09:00:00 PM","02/21/2023 09:56:06 AM","Mayor's Office of Media & Entertainment","BRIGHTON BEACH AVENUE between BRIGHTON    6 STREET and BRIGHTON    7 STREET,  AVENUE Y between CONEY ISLAND AVENUE and EAST   11 STREET","Brooklyn","13, 15,","60, 61,","Film","Feature","United States of America","11235,"
"696928","Shooting Permit","02/22/2023 05:00:00 PM","02/23/2023 12:00:00 PM","02/17/2023 04:01:18 PM","Mayor's Office of Media & Entertainment","GREENPOINT AVENUE OUTER ROAD between REVIEW AVENUE and DEAD END,  REVIEW AVENUE between 29 STREET and 35 STREET,  REVIEW AVENUE between 35 STREET and GREENPOINT AVENUE,  35 STREET between REVIEW AVENUE and VAN DAM STREET,  VAN DAM STREET between 35 STREET and REVIEW AVENUE,  STARR AVENUE between 31 PLACE and VAN DAM STREET,  VAN DAM STREET between 34 STREET and STARR AVENUE,  REVIEW AVENUE between LAUREL HILL BOULEVARD and 37 STREET","Queens","2,","108,","Film","Feature","United States of America","11101,"
"696769","Shooting Permit","03/02/2023 01:00:00 PM","03/02/2023 07:00:00 PM","02/17/2023 09:24:30 AM","Mayor's Office of Media & Entertainment","MADISON STREET between BUSHWICK AVENUE and EVERGREEN AVENUE","Brooklyn","4,","83,","Film","Feature","United States of America","11221,"
"696693","Shooting Permit","02/27/2023 04:00:00 PM","02/28/2023 05:00:00 AM","02/16/2023 04:56:02 PM","Mayor's Office of Media & Entertainment","NORTH    1 STREET between BERRY STREET and BEDFORD AVENUE","Brooklyn","1,","90,","Film","Feature","United States of America","11249,"
"696688","Shooting Permit","02/24/2023 02:00:00 PM","02/25/2023 04:00:00 AM","02/16/2023 04:41:08 PM","Mayor's Office of Media & Entertainment","NORTH    1 STREET between BERRY STREET and BEDFORD AVENUE","Brooklyn","1,","90,","Film","Feature","United States of America","11249,"
"696246","Shooting Permit","02/19/2023 06:00:00 AM","02/19/2023 07:00:00 PM","02/14/2023 08:23:27 PM","Mayor's Office of Media & Entertainment","WEST   15 STREET between BOWERY STREET and BOARDWALK","Brooklyn","13,","60,","Film","Feature","United States of America","11224,"
"696218","Shooting Permit","02/21/2023 06:00:00 AM","02/21/2023 11:00:00 PM","02/14/2023 04:26:46 PM","Mayor's Office of Media & Entertainment","71 STREET between 12 AVENUE and 13 AVENUE","Brooklyn","10,","68,","Film","Feature","United States of America","11228,"
"696216","Shooting Permit","02/20/2023 06:00:00 AM","02/20/2023 11:00:00 PM","02/14/2023 04:21:27 PM","Mayor's Office of Media & Entertainment","71 STREET between 13 AVENUE and 12 AVENUE","Brooklyn","10,","68,","Film","Feature","United States of America","11228,"
"696065","Shooting Permit","02/23/2023 06:00:00 PM","02/24/2023 07:00:00 AM","02/14/2023 07:40:50 AM","Mayor's Office of Media & Entertainment","BRIGHTON BEACH AVENUE between BRIGHTON    6 STREET and BRIGHTON    7 STREET,  NEPTUNE AVENUE between EAST   14 STREET and CASS PLACE","Brooklyn","13, 15,","60, 61,","Film","Feature","United States of America","11235,"
"695885","Shooting Permit","02/22/2023 07:00:00 AM","02/22/2023 09:00:00 PM","02/13/2023 08:48:21 AM","Mayor's Office of Media & Entertainment","BRIGHTON BEACH AVENUE between BRIGHTON    6 STREET and BRIGHTON    7 STREET","Brooklyn","13,","60,","Film","Feature","United States of America","11235,"
"695381","Shooting Permit",,"02/14/2023 05:00:00 AM","02/09/2023 11:53:14 AM","Mayor's Office of Media & Entertainment","99 STREET between 162 AVENUE and 164 AVENUE,  163 AVENUE between 98 STREET and DEAD END,  165 AVENUE between 95 STREET and 99 STREET,  CROSS BAY BOULEVARD between 160 AVENUE and 165 AVENUE,  CROSS BAY BOULEVARD between 159 AVENUE and 160 AVENUE,  HILLSIDE AVENUE between FRANCIS LEWIS BOULEVARD and 204 STREET,  205 STREET between HILLSIDE AVENUE and 89 AVENUE,  FRANCIS LEWIS BOULEVARD between HILLSIDE AVENUE and 89 AVENUE,  89 AVENUE between 204 STREET and FRANCIS LEWIS BOULEVARD,  204 STREET between HILLSIDE AVENUE and 89 AVENUE,  202 STREET between HILLSIDE AVENUE and 89 AVENUE,  HILLSIDE AVENUE between 202 STREET and 198 STREET,  JAMAICA AVENUE between 202 STREET and 204 STREET,  202 STREET between JAMAICA AVENUE and 99 AVENUE","Queens","10, 12, 13, 8, 84,","103, 105, 106, 107,","Film","Feature","United States of America","11414, 11423, 11427,"
"695230","Shooting Permit","02/10/2023 07:00:00 AM","02/11/2023 07:00:00 AM","02/08/2023 03:12:25 PM","Mayor's Office of Media & Entertainment","GARFIELD AVENUE between 68 STREET and 69 PLACE,  69 STREET between 51 AVENUE and 50 AVENUE,  69 PLACE between 51 AVENUE and GARFIELD AVENUE,  GARFIELD AVENUE between 67 STREET and 68 STREET,  70 STREET between GARFIELD AVENUE and 51 AVENUE,  51 AVENUE between 69 STREET and 70 STREET,  50 AVENUE between 68 STREET and 69 STREET,  50 AVENUE between 69 STREET and GARFIELD AVENUE,  MAURICE AVENUE between TYLER AVENUE and 53 DRIVE,  TYLER AVENUE between MAURICE AVENUE and 51 AVENUE,  ROOSEVELT AVENUE between 70 STREET and 73 STREET,  69 STREET between 41ST AVENUE and 37 AVENUE","Queens","2, 3, 4, 5,","104, 108, 110, 115,","Film","Feature","United States of America","11372, 11377, 11378,"
"694756","Shooting Permit","02/09/2023 11:30:00 PM","02/10/2023 07:00:00 AM","02/06/2023 03:16:17 PM","Mayor's Office of Media & Entertainment","34 AVENUE between 35 STREET and 36 STREET","Queens","1,","114,","Film","Feature","United States of America","11106,"
"694743","Shooting Permit","02/10/2023 01:00:00 PM","02/11/2023 01:00:00 AM","02/06/2023 02:55:35 PM","Mayor's Office of Media & Entertainment","ADELPHI STREET between MYRTLE AVENUE and WILLOUGHBY AVENUE,  ATLANTIC AVENUE between HOYT STREET and SMITH STREET","Brooklyn","2,","84, 88,","Film","Short","United States of America","11201, 11205,"
"694736","Shooting Permit","02/09/2023 07:00:00 AM","02/10/2023 07:00:00 AM","02/06/2023 02:44:21 PM","Mayor's Office of Media & Entertainment","GARFIELD AVENUE between 68 STREET and 69 PLACE,  69 STREET between 51 AVENUE and 50 AVENUE,  69 PLACE between 51 AVENUE and GARFIELD AVENUE,  GARFIELD AVENUE between 68 STREET and 67 STREET,  70 STREET between GARFIELD AVENUE and 51 AVENUE,  51 AVENUE between 69 STREET and 70 STREET,  50 AVENUE between 68 STREET and 69 STREET,  50 AVENUE between 69 STREET and GARFIELD AVENUE,  MAURICE AVENUE between TYLER AVENUE and 53 DRIVE,  TYLER AVENUE between MAURICE AVENUE and 51 AVENUE","Queens","2, 5,","104, 108,","Film","Feature","United States of America","11377, 11378,"
"694731","Shooting Permit","02/09/2023 01:00:00 PM","02/10/2023 02:00:00 AM","02/06/2023 02:27:59 PM","Mayor's Office of Media & Entertainment","MONROE STREET between MARCY AVENUE and TOMPKINS AVENUE,  JEFFERSON STREET between MYRTLE AVENUE and BUSHWICK AVENUE,  COLUMBIA ST between WOODHULL STREET and HAMILTON AVENUE,  COLUMBIA ST between HAMILTON AVENUE and WOODHULL STREET,  WOODHULL STREET between HICKS STREET and COLUMBIA STREET,  COLUMBIA STREET between SUMMIT STREET and WOODHULL STREET","Brooklyn","3, 4, 6,","76, 79, 83,","Film","Short","United States of America","11206, 11216, 11231,"
"694454","Shooting Permit","02/16/2023 06:30:00 AM","02/16/2023 08:00:00 PM","02/04/2023 07:32:33 AM","Mayor's Office of Media & Entertainment","56 DRIVE between NATIONAL DRIVE and WHITMAN DRIVE","Brooklyn","18,","63,","Film","Feature","United States of America","11234,"
"694453","Shooting Permit","02/15/2023 06:30:00 AM","02/15/2023 09:00:00 PM","02/04/2023 07:26:02 AM","Mayor's Office of Media & Entertainment","NATIONAL DRIVE between 56 DRIVE and ARKANSAS DRIVE","Brooklyn","18,","63,","Film","Feature","United States of America","11234,"
"694452","Shooting Permit","02/14/2023 07:00:00 AM","02/14/2023 09:00:00 PM","02/04/2023 07:17:36 AM","Mayor's Office of Media & Entertainment","56 DRIVE between NATIONAL DRIVE and WHITMAN DRIVE","Brooklyn","18,","63,","Film","Feature","United States of America","11234,"
"694451","Shooting Permit","02/13/2023 06:30:00 AM","02/13/2023 08:00:00 PM","02/04/2023 07:13:35 AM","Mayor's Office of Media & Entertainment","NATIONAL DRIVE between 56 DRIVE and ARKANSAS DRIVE","Brooklyn","18,","63,","Film","Feature","United States of America","11234,"
"694364","Shooting Permit","02/07/2023 06:00:00 AM","02/07/2023 06:00:00 PM","02/03/2023 01:20:50 PM","Mayor's Office of Media & Entertainment","CARROLL STREET between HENRY STREET and CLINTON STREET","Brooklyn","6,","76,","Film","Feature","United States of America","11231,"
"694210","Shooting Permit","02/10/2023 06:00:00 AM","02/10/2023 06:00:00 PM","02/02/2023 04:00:14 PM","Mayor's Office of Media & Entertainment","PRESIDENT STREET between COLUMBIA STREET and HICKS STREET,  HENRY STREET between CARROLL STREET and 1 PLACE","Brooklyn","6,","76,","Film","Feature","United States of America","11231,"
"694195","Shooting Permit","02/09/2023 06:00:00 AM","02/09/2023 06:00:00 PM","02/02/2023 03:21:41 PM","Mayor's Office of Media & Entertainment","HENRY STREET between SACKETT STREET and UNION STREET,  SACKETT STREET between HENRY STREET and CLINTON STREET","Brooklyn","6,","76,","Film","Feature","United States of America","11231,"
"694178","Shooting Permit","02/08/2023 06:00:00 AM","02/08/2023 06:00:00 PM","02/02/2023 02:52:09 PM","Mayor's Office of Media & Entertainment","LUQUER STREET between CLINTON STREET and HAMILTON AVENUE","Brooklyn","6,","76,","Film","Feature","United States of America","11231,"
"694167","Shooting Permit","02/06/2023 06:00:00 AM","02/06/2023 06:00:00 PM","02/02/2023 02:10:06 PM","Mayor's Office of Media & Entertainment","CARROLL STREET between HENRY STREET and CLINTON STREET","Brooklyn","6,","76,","Film","Feature","United States of America","11231,"
"693936","Shooting Permit","02/12/2023 07:00:00 AM","02/12/2023 09:00:00 PM","02/01/2023 09:35:27 AM","Mayor's Office of Media & Entertainment","56 DRIVE between NATIONAL DRIVE and WHITMAN DRIVE","Brooklyn","18,","63,","Film","Feature","United States of America","11234,"
"693931","Shooting Permit","02/08/2023 06:30:00 AM","02/08/2023 08:00:00 PM","02/01/2023 09:26:54 AM","Mayor's Office of Media & Entertainment","56 DRIVE between NATIONAL DRIVE and WHITMAN DRIVE","Brooklyn","18,","63,","Film","Feature","United States of America","11234,"
"693928","Shooting Permit","02/07/2023 07:00:00 AM","02/07/2023 09:00:00 PM","02/01/2023 09:03:48 AM","Mayor's Office of Media & Entertainment","56 DRIVE between NATIONAL DRIVE and WHITMAN DRIVE","Brooklyn","18,","63,","Film","Feature","United States of America","11234,"
"692529","Shooting Permit","02/06/2023 07:00:00 AM","02/06/2023 09:00:00 PM","01/23/2023 11:59:24 AM","Mayor's Office of Media & Entertainment","NATIONAL DRIVE between ARKANSAS DRIVE and 56 DRIVE","Brooklyn","18,","63,","Film","Feature","United States of America","11234,"
"692226","Shooting Permit","02/05/2023 07:00:00 AM","02/05/2023 10:00:00 PM","01/20/2023 08:52:38 AM","Mayor's Office of Media & Entertainment","56 DRIVE between NATIONAL DRIVE and WHITMAN DRIVE","Brooklyn","18,","63,","Film","Feature","United States of America","11234,"
"692225","Shooting Permit","02/04/2023 07:00:00 AM","02/04/2023 09:00:00 PM","01/20/2023 08:47:21 AM","Mayor's Office of Media & Entertainment","56 DRIVE between NATIONAL DRIVE and WHITMAN DRIVE","Brooklyn","18,","63,","Film","Feature","United States of America","11234,"
"692168","Shooting Permit","01/23/2023 06:00:00 AM","01/23/2023 07:00:00 PM","01/19/2023 05:49:08 PM","Mayor's Office of Media & Entertainment","WEST   15 STREET between BOWERY STREET and BOARDWALK","Brooklyn","13,","60,","Film","Feature","United States of America","11224,"
"691748","Shooting Permit","02/01/2023 07:00:00 AM","02/01/2023 09:00:00 PM","01/18/2023 08:07:36 AM","Mayor's Office of Media & Entertainment","NATIONAL DRIVE between 56 DRIVE and ARKANSAS DRIVE","Brooklyn","18,","63,","Film","Feature","United States of America","11234,"
"691696","Shooting Permit","01/31/2023 07:00:00 AM","01/31/2023 09:00:00 PM","01/17/2023 06:59:57 PM","Mayor's Office of Media & Entertainment","56 DRIVE between NATIONAL DRIVE and WHITMAN DRIVE","Brooklyn","18,","63,","Film","Feature","United States of America","11234,"
"691694","Shooting Permit","01/30/2023 06:00:00 AM","01/30/2023 08:00:00 PM","01/17/2023 06:54:26 PM","Mayor's Office of Media & Entertainment","38 DRIVE between 233 STREET and 234 STREET","Queens","11,","111,","Film","Feature","United States of America","11363,"
"691691","Shooting Permit","01/29/2023 06:00:00 AM","01/29/2023 08:00:00 PM","01/17/2023 06:41:54 PM","Mayor's Office of Media & Entertainment","NATIONAL DRIVE between 56 DRIVE and ARKANSAS DRIVE","Brooklyn","18,","63,","Film","Feature","United States of America","11234,"
"691687","Shooting Permit","01/28/2023 06:00:00 AM","01/28/2023 11:00:00 PM","01/17/2023 06:33:23 PM","Mayor's Office of Media & Entertainment","BRIGHTON BEACH AVENUE between BRIGHTON    7 STREET and BRIGHTON    6 STREET,  PARK AVENUE between EAST   57 STREET and EAST   56 STREET,  7 AVENUE between WEST   30 STREET and WEST   31 STREET","Brooklyn","13, 5,","14, 18, 60,","Film","Feature","United States of America","10001, 10022, 11235,"
"689874","Shooting Permit","01/11/2023 06:00:00 AM","01/11/2023 10:00:00 PM","01/06/2023 02:45:01 PM","Mayor's Office of Media & Entertainment","SMITH STREET between DEAN STREET and BERGEN STREET","Brooklyn","2,","84,","Film","Short","United States of America","11201,"
"689869","Shooting Permit","01/10/2023 06:00:00 AM","01/10/2023 10:00:00 PM","01/06/2023 02:35:50 PM","Mayor's Office of Media & Entertainment","SOUTH    6 STREET between WYTHE AVENUE and BERRY STREET,  CLASSON AVENUE between LAFAYETTE AVENUE and CLIFTON PLACE","Brooklyn","1, 2, 3,","79, 88, 90,","Film","Short","United States of America","11238, 11249,"
"689843","Shooting Permit","01/09/2023 06:00:00 AM","01/09/2023 10:00:00 PM","01/06/2023 02:01:45 PM","Mayor's Office of Media & Entertainment","SOUTH    6 STREET between WYTHE AVENUE and BERRY STREET","Brooklyn","1,","90,","Film","Short","United States of America","11249,"
"686851","Shooting Permit","02/24/2023 05:00:00 PM","02/25/2023 05:00:00 AM","12/21/2022 02:26:27 PM","Mayor's Office of Media & Entertainment","BRIGHTON BEACH AVENUE between BRIGHTON    6 STREET and BRIGHTON    7 STREET","Brooklyn","13,","60,","Film","Feature","United States of America","11235,"
"834988","Shooting Permit","02/14/2025 06:00:00 AM","02/15/2025 01:00:00 AM",,"Mayor's Office of Media & Entertainment","BROADWAY between BEDFORD AVENUE and DRIGGS AVENUE,  SOUTH    6 STREET between BERRY STREET and BEDFORD AVENUE,  BEDFORD AVENUE between SOUTH    5 STREET and SOUTH    6 STREET,  BEDFORD AVENUE between SOUTH    8 STREET and BROADWAY,  DRIGGS AVENUE between SOUTH    5 STREET and BROADWAY,  DRIGGS AVENUE between BROADWAY and SOUTH    8 STREET,  SOUTH    5 STREET between KENT AVENUE and WYTHE AVENUE,  BROADWAY between DRIGGS AVENUE and ROEBLING STREET,  BROADWAY between ROEBLING STREET and SOUTH    8 STREET,  SOUTH    8 STREET between BROADWAY and ROEBLING STREET,  ROEBLING STREET between SOUTH    8 STREET and LEE AVENUE,  DIVISION AVENUE between ROEBLING STREET and HAVEMEYER STREET,  SOUTH    5 STREET between BEDFORD AVENUE and DRIGGS AVENUE","Brooklyn","1,","90,","Film","Feature","United States of America","11211, 11249,"
"898176","Shooting Permit","11/07/2025 06:30:00 PM","11/08/2025 06:30:00 AM",,"Mayor's Office of Media & Entertainment","IRVING AVENUE between STOCKHOLM STREET and STANHOPE STREET","Brooklyn","4,","83,","Film","Short","United States of America","11237,"
"889092","Shooting Permit","09/30/2025 11:00:00 AM","09/30/2025 11:00:00 PM",,"Mayor's Office of Media & Entertainment","JOHNSON AVENUE between GARDNER AVENUE and STEWART AVENUE,  INGRAHAM STREET between GARDNER AVENUE and STEWART AVENUE","Brooklyn","1,","90,","Film","Feature","United States of America","11237,"
"747814","Shooting Permit","11/03/2023 06:00:00 AM","11/03/2023 10:00:00 PM",,"Mayor's Office of Media & Entertainment","CLINTON STREET between CARROLL STREET and 1 PLACE,  1 PLACE between CLINTON STREET and COURT STREET,  CARROLL STREET between COURT STREET and CLINTON STREET","Brooklyn","6,","76,","Film","Feature","United States of America","11231,"
"871874","Shooting Permit","06/26/2025 10:00:00 AM","06/27/2025 02:00:00 AM",,"Mayor's Office of Media & Entertainment","THROOP AVENUE between FLUSHING AVENUE and PARK AVENUE,  PARK AVENUE between THROOP AVENUE and MARCUS GARVEY BOULEVARD","Brooklyn","3,","79, 81,","Film","Feature","United States of America","11206,"
"893126","Shooting Permit","10/06/2025 07:00:00 AM","10/06/2025 09:00:00 PM",,"Mayor's Office of Media & Entertainment","JEFFERSON STREET between BUSHWICK AVENUE and MYRTLE AVENUE,  TROUTMAN STREET between BUSHWICK AVENUE and MYRTLE AVENUE,  MYRTLE AVENUE between JEFFERSON STREET and TROUTMAN STREET,  JEFFERSON STREET between STANWIX STREET and EVERGREEN AVENUE","Brooklyn","3, 4,","79, 83,","Film","Feature","United States of America","11206, 11221, 11238,"
"826205","Shooting Permit","01/06/2025 06:00:00 AM","01/06/2025 10:00:00 PM",,"Mayor's Office of Media & Entertainment","BUTLER STREET between 3 AVENUE and 4 AVENUE,  BALTIC STREET between 3 AVENUE and 4 AVENUE,  4 AVENUE between BALTIC STREET and DOUGLASS STREET,  DOUGLASS STREET between NEVINS STREET and 3 AVENUE,  3 AVENUE between BUTLER STREET and DEGRAW STREET,  DEGRAW STREET between NEVINS STREET and 3 AVENUE","Brooklyn","6,","78,","Film","Feature","United States of America","11217,"
"894726","Shooting Permit","10/14/2025 07:00:00 AM","10/14/2025 08:00:00 PM",,"Mayor's Office of Media & Entertainment","OCEAN AVENUE between ALBEMARLE ROAD and BEVERLY ROAD","Brooklyn","14,","70,","Film","Feature","United States of America","11226,"
"821553","Shooting Permit","12/06/2024 04:00:00 PM","12/07/2024 04:00:00 AM",,"Mayor's Office of Media & Entertainment","2 AVENUE between 44 STREET and 45 STREET,  45 STREET between 2 AVENUE and 3 AVENUE","Brooklyn","7,","72,","Film","Feature","United States of America","11220, 11232,"
"894736","Shooting Permit","10/15/2025 07:00:00 AM","10/15/2025 09:00:00 PM",,"Mayor's Office of Media & Entertainment","OCEAN AVENUE between ALBEMARLE ROAD and BEVERLY ROAD","Brooklyn","14,","70,","Film","Feature","United States of America","11226,"
"894744","Shooting Permit","10/16/2025 08:00:00 AM","10/16/2025 10:00:00 PM",,"Mayor's Office of Media & Entertainment","OCEAN AVENUE between ALBEMARLE ROAD and BEVERLY ROAD","Brooklyn","14,","70,","Film","Feature","United States of America","11226,"
"889089","Shooting Permit","09/29/2025 07:00:00 AM","09/29/2025 10:00:00 PM",,"Mayor's Office of Media & Entertainment","GEORGIA AVENUE between BELMONT AVENUE and SUTTER AVENUE,  BELMONT AVENUE between GEORGIA AVENUE and ALABAMA AVENUE","Brooklyn","5,","75,","Film","Feature","United States of America","11207,"
"854252","Shooting Permit",,"04/28/2025 01:00:00 AM",,"Mayor's Office of Media & Entertainment","ELDERT STREET between IRVING AVENUE and KNICKERBOCKER AVENUE","Brooklyn","4,","83,","Film","Feature","United States of America","11237,"
"761430","Shooting Permit","02/06/2024 06:00:00 AM","02/06/2024 08:00:00 PM",,"Mayor's Office of Media & Entertainment","Hollywood Ave between CENTER DRIVE and 235th St,  Arleigh Rd between CENTER DRIVE and 235th St,  ARLEIGH ROAD between CENTER DRIVE and EAST DRIVE","Queens","11,","111,","Film","Feature","United States of America","11363,"
"888808","Shooting Permit","09/13/2025 07:00:00 AM","09/13/2025 07:00:00 PM",,"Mayor's Office of Media & Entertainment","NASSAU AVENUE between JEWEL STREET and DIAMOND STREET","Brooklyn","1,","94,","Film","Feature","United States of America","11222,"
"814926","Shooting Permit","10/10/2024 07:00:00 AM","10/10/2024 09:00:00 PM",,"Mayor's Office of Media & Entertainment","4 AVENUE between 57 STREET and 58 STREET","Brooklyn","7,","72,","Film","Feature","United States of America","11220,"
"876691","Rigging Permit","07/15/2025 07:00:00 AM","07/15/2025 07:00:00 PM",,"Mayor's Office of Media & Entertainment","34 AVENUE between 37 STREET and 36 STREET","Queens","1,","114,","Film","Feature","United States of America","11106,"
"812898","Shooting Permit","10/02/2024 07:00:00 AM","10/02/2024 10:00:00 PM",,"Mayor's Office of Media & Entertainment","STEWART AVENUE between JOHNSON AVENUE and FLUSHING AVENUE","Brooklyn","1,","90,","Film","Feature","United States of America","11237,"
"817986","Shooting Permit","11/04/2024 07:00:00 AM","11/04/2024 10:00:00 PM",,"Mayor's Office of Media & Entertainment","UNION STREET between HOYT STREET and BOND STREET,  HOYT STREET between UNION STREET and SACKETT STREET,  DEKALB AVENUE between ASHLAND PLACE and ST FELIX STREET,  ST FELIX STREET between DEKALB AVENUE and FULTON STREET","Brooklyn","2, 6,","76, 88,","Film","Feature","United States of America","11201, 11217, 11231,"
"898030","Shooting Permit",,"11/01/2025 11:59:00 PM",,"Mayor's Office of Media & Entertainment","BEDFORD AVENUE between CAMPUS ROAD North and AVENUE I,  FORT HAMILTON PARKWAY between 40 STREET and 42 STREET","Brooklyn","12, 14,","66, 70,","Film","Feature","United States of America","11210, 11218, 11219,"
"898564","Shooting Permit","11/10/2025 06:00:00 AM","11/10/2025 10:00:00 PM",,"Mayor's Office of Media & Entertainment","97 PLACE between CHRISTIE AVENUE and 55 AVENUE,  97 PLACE between CHRISTIE AVENUE and 55 AVENUE,  97 PLACE between CHRISTIE AVENUE and 50 AVENUE,  CHRISTIE AVENUE between 97 PLACE and 98 STREET,  98 STREET between CHRISTIE AVENUE and 55 AVENUE,  CHRISTIE AVENUE between 98 STREET and 99 STREET","Queens","4,","110,","Film","Feature","United States of America","11368,"
"846038","Shooting Permit","04/01/2025 07:00:00 AM","04/01/2025 10:00:00 PM",,"Mayor's Office of Media & Entertainment","45 STREET between 43 AVENUE and QUEENS BOULEVARD,  46 STREET between QUEENS BOULEVARD and 43 AVENUE,  GREENPOINT AVENUE between 46 STREET and 47 STREET,  61 ST between QUEENS BOULEVARD and LAUREL HILL BLVD","Queens","2,","108,","Film","Feature","United States of America","11104, 11377,"
"785909","Shooting Permit","05/23/2024 07:00:00 AM","05/23/2024 07:00:00 PM",,"Mayor's Office of Media & Entertainment","34 AVENUE between 82 STREET and 81 STREET","Queens","3,","115,","Film","Feature","United States of America","11372,"
"773955","Shooting Permit","04/12/2024 11:00:00 AM","04/13/2024 02:00:00 AM",,"Mayor's Office of Media & Entertainment","102 STREET between NATIONAL STREET and 42 AVENUE,  102 STREET between 42 AVENUE and 43 AVENUE,  43 AVENUE between NATIONAL STREET and 102 STREET,  43 AVENUE between 102 STREET and 104 STREET,  102 STREET between 43 AVENUE and 44 AVENUE,  44 AVENUE between 102 STREET and 104 STREET","Queens","4,","110,","Film","Feature","United States of America","11368,"
"744160","Shooting Permit","10/24/2023 01:00:00 PM","10/24/2023 11:00:00 PM",,"Mayor's Office of Media & Entertainment","24 DRIVE between 23 STREET and 21 STREET","Queens","1,","114,","Film","Short","United States of America","11102,"
"775963","Shooting Permit","04/22/2024 06:00:00 AM","04/22/2024 09:00:00 PM",,"Mayor's Office of Media & Entertainment","WATER STREET between DOCK STREET and MAIN STREET,  FRONT STREET between YORK STREET and WASHINGTON STREET,  YORK STREET between FRONT STREET and ADAMS STREET,  DOUGHTY STREET between FURMAN STREET and COLUMBIA HEIGHTS","Brooklyn","2,","84,","Film","Feature","United States of America","11201,"
"818115","Shooting Permit","11/05/2024 06:00:00 AM","11/05/2024 10:00:00 PM",,"Mayor's Office of Media & Entertainment","BRIGHTON    6 STREET between OCEANVIEW AVENUE and BRIGHTWATER COURT,  BRIGHTON    5 STREET between BRIGHTON BEACH AVENUE and BRIGHTWATER COURT,  BRIGHTON    5 STREET between OCEANVIEW AVENUE and BRIGHTWATER COURT,  BRIGHTON BEACH AVENUE between BRIGHTON    5 STREET and BRIGHTON    7 STREET,  OCEANVIEW AVENUE between BRIGHTON    5 STREET and BRIGHTON    6 STREET,  BRIGHTWATER COURT between BRIGHTON    5 STREET and BRIGHTON    6 STREET,  BRIGHTON    7 STREET between BRIGHTON BEACH AVENUE and BRIGHTON    8 STREET,  BRIGHTON BEACH AVENUE between BRIGHTON    2 STREET and BRIGHTON    3 STREET,  CONEY ISLAND AVENUE between BRIGHTON BEACH AVENUE and RIEGELMANN BOARDWALK","Brooklyn","13,","60,","Film","Feature","United States of America","11235,"
"899627","Shooting Permit","11/18/2025 07:00:00 AM","11/18/2025 09:00:00 PM",,"Mayor's Office of Media & Entertainment","CRESCENT STREET between DITMARS BOULEVARD and 21 AVENUE","Queens","1,","114,","Film","Short","United States of America","11105,"
"899114","Shooting Permit","11/18/2025 09:00:00 AM","11/19/2025 12:00:00 PM",,"Mayor's Office of Media & Entertainment","LINCOLN PLACE between 8 AVENUE and PLAZA ST WEST,  8 AVENUE between LINCOLN PLACE and ST JOHNS PLACE,  LINCOLN PLACE between 7 AVENUE and 8 AVENUE,  8 AVENUE between LINCOLN PLACE and BERKELEY PLACE","Brooklyn","6,","78,","Film","Feature","United States of America","11217,"
"878188","Shooting Permit","07/28/2025 06:00:00 AM","07/28/2025 09:00:00 PM",,"Mayor's Office of Media & Entertainment","HALSEY STREET between MARCY AVENUE and NOSTRAND AVENUE","Brooklyn","3,","79,","Film","Feature","United States of America","11216,"
"773942","Shooting Permit","04/11/2024 10:00:00 AM","04/12/2024 01:00:00 AM",,"Mayor's Office of Media & Entertainment","53 AVENUE between 103 STREET and 108 STREET,  108 STREET between 53 AVENUE and MARTENSE AVENUE,  108 STREET between 52 AVENUE and 53 AVENUE,  52 AVENUE between 103 STREET and 108 STREET,  CORONA AVENUE between 51 AVENUE and 52 AVENUE,  108 STREET between 51 AVENUE and 52 AVENUE,  53RD AVENUE between 105TH STREET and 106TH STREET,  53 AVENUE between 106 STREET and 108 STREET,  106 STREET between 53 AVENUE and MARTENSE AVENUE,  106 STREET between 53 AVENUE and MARTENSE AVENUE","Queens","4,","110,","Film","Feature","United States of America","11368,"
"903378","Shooting Permit","12/05/2025 08:00:00 AM","12/05/2025 10:00:00 PM",,"Mayor's Office of Media & Entertainment","KINGSLAND AVENUE between GREENPOINT AVENUE and NORMAN AVENUE,  MONITOR STREET between GREENPOINT AVENUE and NORMAN AVENUE","Brooklyn","1,","94,","Film","Feature","United States of America","11222,"
"903391","Shooting Permit","12/06/2025 05:00:00 AM","12/06/2025 07:00:00 PM",,"Mayor's Office of Media & Entertainment","13 STREET between 3 AVENUE and 4 AVENUE,  6 AVENUE between 9 STREET and 10 STREET","Brooklyn","6,","78,","Film","Feature","United States of America","11215,"
"875853","Rigging Permit","07/14/2025 07:00:00 AM","07/14/2025 08:00:00 PM",,"Mayor's Office of Media & Entertainment","37 STREET between 34 AVENUE and 35 AVENUE","Queens","1,","114,","Film","Feature","United States of America","11101,"
"901798","Shooting Permit","11/25/2025 10:00:00 AM","11/26/2025 12:00:00 PM",,"Mayor's Office of Media & Entertainment","115 ROAD between 194 STREET and 196 STREET,  115 AVENUE between FARMERS BOULEVARD and 194 STREET","Queens","12,","113,","Film","Feature","United States of America","11412,"
"818117","Shooting Permit","11/06/2024 03:00:00 PM","11/07/2024 08:00:00 AM",,"Mayor's Office of Media & Entertainment","BRIGHTON BEACH AVENUE between WEST 1 STREET and BRIGHTON 6 STREET,  BRIGHTON BEACH AVENUE between BRIGHTON    6 STREET and CONEY ISLAND AVENUE,  BRIGHTON    7 STREET between OCEAN VIEW AVENUE and BRIGHTON BEACH AVENUE,  BRIGHTON    5 STREET between OCEANVIEW AVENUE and BRIGHTON BEACH AVENUE,  WEST    2 STREET between WEST    2 PLACE and SEA BREEZE AVENUE,  WEST    3 STREET between WEST    2 PLACE and WEST BRIGHTON AVENUE,  WEST    1 STREET between WEST BRIGHTON AVENUE and SEA BREEZE AVENUE,  OCEAN PARKWAY between OCEANVIEW AVENUE and SEA BREEZE AVENUE,  WEST BRIGHTON AVENUE between OCEAN PARKWAY and WEST    3 STREET,  BRIGHTON    1 STREET between BRIGHTON BEACH AVENUE and OCEANVIEW AVENUE,  BRIGHTON    1 PLACE between BRIGHTON    1 STREET and BRIGHTON BEACH AVENUE,  BRIGHTON    2 STREET between OCEAN VIEW AVENUE and BRIGHTON BEACH AVENUE,  BRIGHTON    3 STREET between BRIGHTON BEACH AVENUE and OCEAN VIEW AVENUE,  BRIGHTON    4 STREET between OCEANVIEW AVENUE and BRIGHTON BEACH AVENUE,  BRIGHTON    5 STREET between OCEAN VIEW AVENUE and BRIGHTON BEACH AVENUE,  BRIGHTON    5 STREET between BRIGHTON BEACH AVENUE and BRIGHTWATER COURT,  BRIGHTON    4 STREET between BRIGHTON BEACH AVENUE and BRIGHTWATER COURT,  BRIGHTON    3 STREET between BRIGHTON BEACH AVENUE and BRIGHTWATER COURT,  BRIGHTON    2 STREET between BRIGHTON BEACH AVENUE and BRIGHTWATER COURT,  BRIGHTON    1 PLACE between BRIGHTON BEACH AVENUE and BRIGHTWATER COURT,  BRIGHTON    1 ROAD between BRIGHTON BEACH AVENUE and BRIGHTWATER COURT,  WEST   15 STREET between MERMAID AVENUE and SURF AVENUE,  CONEY ISLAND AVENUE between BRIGHTWATER COURT and RIEGELMANN BOARDWALK,  BRIGHTON    6 STREET between BRIGHTWATER COURT and OCEAN VIEW AVENUE","Brooklyn","13,","60,","Film","Feature","United States of America","11224, 11235,"
"903068","Shooting Permit","12/04/2025 08:00:00 AM","12/04/2025 10:00:00 PM",,"Mayor's Office of Media & Entertainment","GEORGIA AVENUE between BELMONT AVENUE and SUTTER AVENUE,  BELMONT AVENUE between GEORGIA AVENUE and ALABAMA AVENUE,  ALABAMA AVENUE between BELMONT AVENUE and SUTTER AVENUE,  ALABAMA AVENUE between PITKIN AVENUE and BELMONT AVENUE,  PITKIN AVENUE between ALABAMA AVENUE and GEORGIA AVENUE,  GEORGIA AVENUE between GLENMORE AVENUE and BELMONT AVENUE","Brooklyn","5,","75,","Film","Feature","United States of America","11207,"
"902854","Shooting Permit","12/07/2025 06:00:00 AM","12/07/2025 08:00:00 PM",,"Mayor's Office of Media & Entertainment","6 AVENUE between 9 STREET and 10 STREET","Brooklyn","6,","78,","Film","Feature","United States of America","11215,"
"779873","Shooting Permit","05/03/2024 03:00:00 PM","05/04/2024 03:00:00 AM",,"Mayor's Office of Media & Entertainment","3 AVENUE between 61 STREET and 62 STREET","Brooklyn","10, 7,","68, 72,","Film","Feature","United States of America","11220,"
"806740","Shooting Permit",,"08/30/2024 09:00:00 PM",,"Mayor's Office of Media & Entertainment","KINGSTON AVENUE between LINCOLN PLACE and EASTERN PARKWAY","Brooklyn","8,","77,","Film","Short","United States of America","11213,"
"764055","Shooting Permit","02/25/2024 07:00:00 AM","02/25/2024 07:00:00 PM",,"Mayor's Office of Media & Entertainment","METROPOLITAN AVENUE between UNION AVENUE and LORIMER STREET","Brooklyn","1,","90, 94,","Film","Short","United States of America","11211,"
"792800","Shooting Permit","06/20/2024 05:00:00 AM","06/20/2024 08:00:00 PM",,"Mayor's Office of Media & Entertainment","CADMAN PLAZA WEST between MIDDAGH STREET and CLARK STREET","Brooklyn","1, 2,","1, 5, 84,","Film","Feature","United States of America","10002, 10038, 11201,"
"812891","Shooting Permit","09/30/2024 07:00:00 AM","09/30/2024 10:00:00 PM",,"Mayor's Office of Media & Entertainment","STEWART AVENUE between JOHNSON AVENUE and INGRAHAM STREET","Brooklyn","1,","90,","Film","Feature","United States of America","11237,"
"813320","Shooting Permit","09/28/2024 09:00:00 AM","09/29/2024 11:00:00 PM",,"Mayor's Office of Media & Entertainment","SENECA AVENUE between PUTNAM AVENUE and MADISON STREET,  PUTNAM AVENUE between SENECA AVENUE and ONDERDONK AVENUE,  SENECA AVENUE between PUTNAM AVENUE and CORNELIA STREET","Queens","5,","104,","Film","Feature","United States of America","11385,"
"718100","Shooting Permit","06/02/2023 08:00:00 AM","06/02/2023 09:00:00 PM",,"Mayor's Office of Media & Entertainment","COVERT ST between WYCKOFF AVENUE and IRVING AVENUE","Queens","5,","104,","Film","Feature","United States of America","11237, 11385,"
"796885","Shooting Permit","07/05/2024 04:00:00 PM","07/06/2024 04:00:00 AM",,"Mayor's Office of Media & Entertainment","GREEN STREET between PROVOST STREET and MCGUINNESS BOULEVARD","Brooklyn","1,","94,","Film","Short","United States of America","11222,"
"723658","Shooting Permit",,"06/15/2023 12:00:00 PM",,"Mayor's Office of Media & Entertainment","ROOSEVELT AVENUE between 79 STREET and 80 STREET,  ROOSEVELT AVENUE between 80 STREET and 82 STREET,  80 STREET between ROOSEVELT AVENUE and 37 AVENUE,  80 STREET between ROOSEVELT AVENUE and 41 AVENUE,  79 STREET between ROOSEVELT AVENUE and 37 AVENUE,  79 STREET between ROOSEVELT AVENUE and 41 AVENUE,  81 STREET between ROOSEVELT AVENUE and 37 AVENUE,  81 STREET between ROOSEVELT AVENUE and 41 AVENUE,  41 AVENUE between 78 STREET and 80 STREET,  BROADWAY between 77 STREET and 78 STREET,  BROADWAY between 78 STREET and WOODSIDE AVENUE,  FIRST AVENUE between EAST   61 STREET and EAST   63 STREET,  FIRST AVENUE between EAST   63 STREET and EAST   64 STREET,  EAST   63 STREET between FIRST AVENUE and SECOND AVENUE,  EAST   64 STREET between 2 AVENUE and YORK AVENUE","Queens","3, 4, 8,","110, 115, 19,","Film","Feature","United States of America","10065, 11372, 11373,"
"814923","Shooting Permit","10/09/2024 07:00:00 AM","10/09/2024 09:00:00 PM",,"Mayor's Office of Media & Entertainment","58 STREET between 4 AVENUE and 5 AVENUE,  4 AVENUE between 57 STREET and 58 STREET","Brooklyn","7,","72,","Film","Feature","United States of America","11220,"
"740427","Shooting Permit","09/15/2023 06:00:00 AM","09/15/2023 06:00:00 PM",,"Mayor's Office of Media & Entertainment","PROVOST STREET between DUPONT STREET and EAGLE STREET","Brooklyn","1,","94,","Film","Feature","United States of America","11222,"
"880456","Rigging Permit","08/18/2025 08:30:00 AM","08/18/2025 08:30:00 PM",,"Mayor's Office of Media & Entertainment","WILLOUGHBY AVENUE between WYCKOFF AVENUE and IRVING AVENUE","Brooklyn","4,","83,","Film","Feature","United States of America","11237,"
"817555","Shooting Permit","10/29/2024 07:00:00 AM","10/29/2024 11:00:00 PM",,"Mayor's Office of Media & Entertainment","EAGLE STREET between WEST STREET and FRANKLIN STREET,  WEST STREET between EAGLE STREET and GREEN STREET,  FREEMAN STREET between WEST STREET and FRANKLIN STREET","Brooklyn","1,","94,","Film","Feature","United States of America","11222,"
"921658","Shooting Permit","03/06/2026 10:00:00 AM","03/07/2026 02:00:00 AM",,"Mayor's Office of Media & Entertainment","FRANKLIN STREET between OAK STREET and MILTON STREET,  NOBLE STREET between FRANKLIN STREET and WEST STREET,  MILTON STREET between FRANKLIN STREET and WEST STREET","Brooklyn","1,","94,","Film","Feature","United States of America","11222,"
"921652","Shooting Permit","03/05/2026 10:00:00 AM","03/06/2026 12:00:00 PM",,"Mayor's Office of Media & Entertainment","MONITOR STREET between NORMAN AVENUE and GREENPOINT AVENUE,  MONITOR STREET between NORMAN AVENUE and GREENPOINT AVENUE,  KINGSLAND AVENUE between NORMAN AVENUE and GREENPOINT AVENUE","Brooklyn","1,","94,","Film","Feature","United States of America","11222,"
"875527","Shooting Permit","07/15/2025 07:00:00 AM","07/15/2025 10:00:00 PM",,"Mayor's Office of Media & Entertainment","BANKER STREET between MESEROLE AVENUE and NORMAN AVENUE,  MESEROLE AVENUE between FRANKLIN STREET and BANKER STREET,  BANKER STREET between CALYER STREET and MESEROLE AVENUE,  BERRY STREET between NORTH   12 STREET and NORTH   14 STREET,  NORMAN AVENUE between BANKER STREET and DOBBIN STREET,  NORTH   12 STREET between BERRY STREET and BEDFORD AVENUE","Brooklyn","1,","94,","Film","Feature","United States of America","11222, 11249,"
"922108","Shooting Permit","03/09/2026 06:00:00 AM","03/09/2026 09:00:00 AM",,"Mayor's Office of Media & Entertainment","ALLEN STREET between HESTER STREET and DIVISION STREET,  ORCHARD STREET between HESTER STREET and CANAL STREET,  CANAL STREET between ORCHARD STREET and LUDLOW STREET","Brooklyn","12, 3,","5, 66, 7,","Film","Feature","United States of America","10002, 11219,"
"889330","Shooting Permit","09/16/2025 05:00:00 PM","09/17/2025 01:00:00 AM",,"Mayor's Office of Media & Entertainment","SHORE FRONT PARKWAY between BEACH   96 STREET and BEACH   91 STREET","Queens","14,","100,","Film","Short","United States of America","11693,"
"884771","Shooting Permit","08/26/2025 06:00:00 AM","08/26/2025 08:00:00 PM",,"Mayor's Office of Media & Entertainment","60 PLACE between FLUSHING AVENUE and 59 AVENUE,  FLUSHING AVENUE between 59 STREET and 61 STREET,  FLUSHING AVENUE between 61 STREET and FRESH POND ROAD","Queens","5,","104,","Film","Feature","United States of America","11378,"
"829701","Shooting Permit","01/10/2025 07:00:00 AM","01/10/2025 11:00:00 PM",,"Mayor's Office of Media & Entertainment","29 STREET between 41 AVENUE and QUEENS PLAZA NORTH,  29 STREET between 40 ROAD and 41 AVENUE,  41 AVENUE between 28 STREET and 29 STREET,  QUEENS PLAZA NORTH between 29 STREET and 41 AVENUE","Queens","1, 2,","108, 114,","Film","Feature","United States of America","11101,"
"814363","Shooting Permit","10/05/2024 07:08:00 AM","10/05/2024 10:00:00 PM",,"Mayor's Office of Media & Entertainment","HURON STREET between MANHATTAN AVENUE and MCGUINNESS BOULEVARD,  FREEMAN STREET between MCGUINNESS BOULEVARD and PROVOST STREET","Brooklyn","1,","94,","Film","Feature","United States of America","11222,"
"848979","Shooting Permit","04/12/2025 02:00:00 PM","04/13/2025 03:00:00 AM",,"Mayor's Office of Media & Entertainment","FORREST STREET between CENTRAL AVENUE and FLUSHING AVENUE","Brooklyn","4,","83,","Film","Short","United States of America","11206,"
"921886","Shooting Permit","03/12/2026 10:00:00 AM","03/12/2026 11:59:00 PM",,"Mayor's Office of Media & Entertainment","MADISON STREET between FRESH POND ROAD and 64 STREET,  MADISON STREET between 64 STREET and DEAD END,  64 STREET between WOODBINE STREET and MADISON STREET,  STIER PLACE between PUTNAM AVENUE and DEAD END","Queens","5,","104,","Film","Feature","United States of America","11385,"
"885425","Shooting Permit","08/28/2025 07:00:00 AM","08/28/2025 08:00:00 PM",,"Mayor's Office of Media & Entertainment","35 STREET between 34 AVENUE and 35 AVENUE,  35 AVENUE between 35 STREET and 37 STREET,  34 AVENUE between 35 STREET and 37 STREET,  37 STREET between 34 AVENUE and 35 AVENUE","Queens","1,","114,","Film","Feature","United States of America","11101, 11106,"
"841262","Shooting Permit","03/14/2025 10:00:00 AM","03/15/2025 04:00:00 AM",,"Mayor's Office of Media & Entertainment","REVIEW AVENUE between 29 STREET and 35 STREET,  35 STREET between REVIEW AVENUE and VAN DAM STREET,  STARR AVENUE between BORDEN AVENUE and 31 PLACE,  NOBLE STREET between DEAD END and WEST STREET,  WEST STREET between GREENPOINT AVENUE and MILTON STREET,  WEST STREET between MILTON STREET and NOBLE STREET,  WEST STREET between NOBLE STREET and OAK STREET,  MILTON STREET between WEST STREET and FRANKLIN STREET,  FRANKLIN STREET between MILTON STREET and NOBLE STREET,  NOBLE STREET between FRANKLIN STREET and WEST STREET","Queens","1, 2,","108, 94,","Film","Feature","United States of America","11101, 11222,"
"718099","Shooting Permit","06/01/2023 08:00:00 AM","06/01/2023 09:00:00 PM",,"Mayor's Office of Media & Entertainment","COVERT ST between WYCKOFF AVENUE and IRVING AVENUE","Queens","5,","104,","Film","Feature","United States of America","11237, 11385,"
"818496","Shooting Permit","11/07/2024 06:00:00 AM","11/07/2024 10:00:00 PM",,"Mayor's Office of Media & Entertainment","CENTER BOULEVARD between BORDEN AVENUE and 54 AVENUE","Queens","2,","108,","Film","Feature","United States of America","11101,"
"806738","Shooting Permit",,"08/30/2024 12:00:00 PM",,"Mayor's Office of Media & Entertainment","WEST   35 STREET between SURF AVENUE and RIEGELMANN BOARDWALK","Brooklyn","13,","60,","Film","Short","United States of America","11224,"
"823528","Shooting Permit","12/17/2024 08:00:00 AM","12/17/2024 11:00:00 PM",,"Mayor's Office of Media & Entertainment","FORT HAMILTON PARKWAY between 53 STREET and 54 STREET","Brooklyn","12,","66,","Film","Feature","United States of America","11219,"
"925445","Shooting Permit","03/25/2026 06:00:00 AM","03/25/2026 10:00:00 PM",,"Mayor's Office of Media & Entertainment","KINGSLAND AVENUE between DEAD END and GREENPOINT AVENUE,  KINGSLAND AVENUE between DEAD END and GREENPOINT AVENUE","Brooklyn","1,","94,","Film","Feature","United States of America","11222,"
"782336","Shooting Permit","05/09/2024 07:00:00 AM","05/09/2024 08:00:00 PM",,"Mayor's Office of Media & Entertainment","DEKALB AVENUE between FORT GREENE PLACE and ASHLAND PLACE,  DEKALB AVENUE between FORT GREENE PLACE and SOUTH ELLIOTT PLACE,  WILLOUGHBY STREET between FLEET PLACE and ASHLAND PLACE,  ASHLAND PLACE between WILLOUGHBY STREET and DEKALB AVENUE,  WILLOUGHBY STREET between ASHLAND PLACE and ST EDWARDS STREET,  ASHLAND PLACE between WILLOUGHBY STREET and MYRTLE AVENUE,  ST EDWARDS STREET between WILLOUGHBY STREET and MYRTLE AVENUE,  MYRTLE AVENUE between ST EDWARDS STREET and WASHINGTON PARK,  LAFAYETTE AVENUE between VANDERBILT AVENUE and CLERMONT AVENUE,  CLERMONT AVENUE between LAFAYETTE AVENUE and DEKALB AVENUE","Brooklyn","2,","88,","Film","Feature","United States of America","11201, 11205, 11217, 11238,"
"889105","Shooting Permit",,"10/01/2025 11:59:00 PM",,"Mayor's Office of Media & Entertainment","JOHNSON AVENUE between GARDNER AVENUE and STEWART AVENUE,  INGRAHAM STREET between GARDNER AVENUE and STEWART AVENUE","Brooklyn","1,","90,","Film","Feature","United States of America","11237,"
"926599","Shooting Permit","03/26/2026 06:00:00 AM","03/26/2026 10:00:00 PM",,"Mayor's Office of Media & Entertainment","KINGSLAND AVENUE between DEAD END and GREENPOINT AVENUE,  KINGSLAND AVENUE between DEAD END and GREENPOINT AVENUE","Brooklyn","1,","94,","Film","Feature","United States of America","11222,"
"841635","Shooting Permit",,"03/15/2025 11:00:00 PM",,"Mayor's Office of Media & Entertainment","COFFEY STREET between FERRIS STREET and DEAD END","Brooklyn","6,","76,","Film","Short","United States of America","11231,"
"820914","Shooting Permit","11/27/2024 08:00:00 AM","11/27/2024 09:00:00 PM",,"Mayor's Office of Media & Entertainment","MONITOR STREET between GREENPOINT AVENUE and NORMAN AVENUE,  KINGSLAND AVENUE between GREENPOINT AVENUE and NORMAN AVENUE","Brooklyn","1,","94,","Film","Feature","United States of America","11222,"
"764249","Shooting Permit","02/26/2024 06:00:00 AM","02/26/2024 08:00:00 PM",,"Mayor's Office of Media & Entertainment","WEST   10 STREET between SURF AVENUE and BOARDWALK,  SURF AVENUE between WEST   10 STREET and WEST   12 STREET,  STILLWELL AVENUE between BOWERY STREET and BOARDWALK,  SURF AVENUE between WEST   36 STREET and WEST   35 STREET,  SURF AVENUE between WEST   23 STREET and WEST   24 STREET","Brooklyn","13,","60,","Film","Feature","United States of America","11224,"
"843247","Shooting Permit","03/26/2025 07:00:00 AM","03/26/2025 10:00:00 PM",,"Mayor's Office of Media & Entertainment","83 STREET between DORAN AVENUE and COOPER AVENUE,  COOPER AVENUE between 84 STREET and 82 STREET,  FOREST PARK DRIVE between WOODHAVEN BOULEVARD and JACKIE ROBINSON PARKWAY","Queens","5, 82,","102, 104,","Film","Feature","United States of America","11385, 11421,"
"771457","Shooting Permit","03/28/2024 04:00:00 PM","03/29/2024 04:00:00 AM",,"Mayor's Office of Media & Entertainment","PRINCE STREET between ROOSEVELT AVENUE and 40 ROAD,  40 ROAD between PRINCE STREET and MAIN STREET,  41 AVENUE between MAIN STREET and UNION STREET,  KISSENA BOULEVARD between 41 AVENUE and BARCLAY AVENUE,  BARCLAY AVENUE between KISSENA BOULEVARD and UNION STREET","Queens","7,","109,","Film","Feature","United States of America","11354, 11355,"
"929052","Shooting Permit","04/06/2026 09:00:00 AM","04/06/2026 11:00:00 PM",,"Mayor's Office of Media & Entertainment","MALCOLM X BOULEVARD between DECATUR STREET and BAINBRIDGE STREET","Brooklyn","3,","81,","Film","Feature","United States of America","11233,"
"694134","Shooting Permit","02/03/2023 06:00:00 PM","02/04/2023 04:00:00 AM",,"Mayor's Office of Media & Entertainment","GREENPOINT AVENUE OUTER ROAD between REVIEW AVENUE and DEAD END,  REVIEW AVENUE between 29 STREET and 35 STREET,  REVIEW AVENUE between 35 STREET and GREENPOINT AVENUE,  35 STREET between REVIEW AVENUE and VAN DAM STREET,  VAN DAM STREET between 35 STREET and REVIEW AVENUE,  STARR AVENUE between 31 PLACE and VAN DAM STREET,  VAN DAM STREET between 34 STREET and STARR AVENUE,  ST JAMES PLACE between JAMES STREET and OLIVER STREET,  EAST BROADWAY between CHATHAM SQUARE and PIKE STREET,  PIKE STREET between EAST BROADWAY and MADISON STREET,  ALLEN STREET between HESTER STREET and CANAL STREET,  HESTER STREET between ELDRIDGE STREET and ORCHARD STREET,  CANAL STREET between FORSYTH STREET and ELDRIDGE STREET,  DIVISION STREET between PIKE STREET and CANAL STREET,  LUDLOW STREET between CANAL STREET and HESTER STREET,  ESSEX STREET between CANAL STREET and HESTER STREET,  DIVISION STREET between ELDRIDGE STREET and PIKE STREET","Queens","2, 3,","108, 5, 7,","Film","Feature","United States of America","10002, 10038, 11101,"
"931267","Shooting Permit","04/14/2026 08:00:00 AM","04/15/2026 12:00:00 PM",,"Mayor's Office of Media & Entertainment","JEFFERSON STREET between IRVING AVENUE and WYCKOFF AVENUE","Brooklyn","4,","83,","Film","Feature","United States of America","11237,"
"929051","Shooting Permit","04/14/2026 08:00:00 AM","04/14/2026 10:00:00 PM",,"Mayor's Office of Media & Entertainment","MARLBOROUGH ROAD between ALBEMARLE ROAD and CHURCH AVENUE","Brooklyn","14,","70,","Film","Feature","United States of America","11226,"
"932240","Shooting Permit","04/14/2026 07:00:00 AM","04/14/2026 08:00:00 PM",,"Mayor's Office of Media & Entertainment","INGRAHAM STREET between PORTER AVENUE and KNICKERBOCKER AVENUE","Brooklyn","1,","90,","Film","Feature","United States of America","11237,"
"774976","Shooting Permit","04/19/2024 10:00:00 AM","04/19/2024 11:00:00 PM",,"Mayor's Office of Media & Entertainment","SMITH STREET between 2 STREET and PRESIDENT STREET,  COLUMBIA PLACE between STATE STREET and JORALEMON STREET,  JORALEMON STREET between FURMAN STREET and WILLOW PLACE,  HICKS STREET between JORALEMON STREET and MONTAGUE STREET,  MONTAGUE STREET between HICKS STREET and HENRY STREET,  REMSEN STREET between HICKS STREET and HENRY STREET,  CADMAN PLAZA WEST between TILLARY STREET and MIDDAGH STREET","Brooklyn","2, 6,","76, 84,","Film","Feature","United States of America","11201, 11231,"
"753449","Shooting Permit","12/17/2023 01:00:00 AM","12/17/2023 10:00:00 PM",,"Mayor's Office of Media & Entertainment","ST MARKS PLACE between 4 AVENUE and 3 AVENUE,  EAST   37 STREET between MADISON AVENUE and 5 AVENUE,  EAST BROADWAY between PIKE STREET and RUTGERS STREET","Brooklyn","2, 3, 5,","14, 7, 84,","Film","Short","United States of America","10002, 10016, 11217,"
"932242","Shooting Permit","04/15/2026 07:00:00 AM","04/15/2026 08:00:00 PM",,"Mayor's Office of Media & Entertainment","INGRAHAM STREET between PORTER AVENUE and KNICKERBOCKER AVENUE","Brooklyn","1,","90,","Film","Feature","United States of America","11237,"
"932243","Shooting Permit","04/16/2026 08:00:00 AM","04/16/2026 10:00:00 PM",,"Mayor's Office of Media & Entertainment","INGRAHAM STREET between PORTER AVENUE and KNICKERBOCKER AVENUE","Brooklyn","1,","90,","Film","Feature","United States of America","11237,"
"880462","Shooting Permit","08/19/2025 07:00:00 AM","08/19/2025 11:59:00 PM",,"Mayor's Office of Media & Entertainment","WILLOUGHBY AVENUE between WYCKOFF AVENUE and IRVING AVENUE","Brooklyn","4,","83,","Film","Feature","United States of America","11237,"
"934413","Shooting Permit","04/17/2026 06:00:00 AM","04/17/2026 08:00:00 PM",,"Mayor's Office of Media & Entertainment","CLARK STREET between WILLOW STREET and COLUMBIA HEIGHTS","Brooklyn","2,","84,","Film","Short","United States of America","11201,"
"854246","Shooting Permit",,"04/29/2025 01:00:00 AM",,"Mayor's Office of Media & Entertainment","ELDERT STREET between IRVING AVENUE and KNICKERBOCKER AVENUE,  EAST   32 STREET between 2 AVENUE and 3 AVENUE","Brooklyn","4, 6,","17, 83,","Film","Feature","United States of America","10016, 11237,"
"745969","Shooting Permit","10/24/2023 07:00:00 AM","10/24/2023 10:00:00 PM",,"Mayor's Office of Media & Entertainment","DEAN STREET between CLASSON AVENUE and FRANKLIN AVENUE","Brooklyn","8,","77,","Film","Feature","United States of America","11238,"
"931908","Shooting Permit",,"04/29/2026 01:00:00 AM",,"Mayor's Office of Media & Entertainment","SKILLMAN AVENUE between 44 STREET and 45 STREET,  45 STREET between SKILLMAN AVENUE and 43 AVENUE","Queens","2,","108,","Film","Feature","United States of America","11104,"
"743569","Shooting Permit","10/06/2023 01:00:00 PM","10/06/2023 09:00:00 PM",,"Mayor's Office of Media & Entertainment","65 STREET between ELIOT AVENUE and 62 AVENUE,  62 AVENUE between 65 STREET and MOUNT OLIVET CRESCENT","Queens","5,","104,","Film","Feature","United States of America","11379,"
"785910","Shooting Permit","05/24/2024 07:00:00 AM","05/24/2024 07:00:00 PM",,"Mayor's Office of Media & Entertainment","34 AVENUE between 81 STREET and 82 STREET","Queens","3,","115,","Film","Feature","United States of America","11370, 11372,"
"889109","Shooting Permit","09/16/2025 06:00:00 AM","09/16/2025 05:00:00 PM",,"Mayor's Office of Media & Entertainment","EAST   19 STREET between DORCHESTER ROAD and DITMAS AVENUE,  DORCHESTER ROAD between EAST   19 STREET and EAST   18 STREET,  EAST   19 STREET between DITMAS AVENUE and DORCHESTER ROAD","Brooklyn","14,","70,","Film","Feature","United States of America","11226,"
"878190","Shooting Permit","07/29/2025 06:00:00 AM","07/29/2025 09:00:00 PM",,"Mayor's Office of Media & Entertainment","HALSEY STREET between MARCY AVENUE and NOSTRAND AVENUE","Brooklyn","3,","79,","Film","Feature","United States of America","11216,"
"847522","Shooting Permit","04/09/2025 09:00:00 AM","04/09/2025 09:00:00 PM",,"Mayor's Office of Media & Entertainment","ALBERMARLE ROAD between EAST   18 STREET and OCEAN AVENUE,  EAST   19 STREET between BEVERLY ROAD and ALBEMARLE ROAD,  OCEAN AVENUE between ALBERMARLE ROAD and REGENT PLACE,  FRONT STREET between THOMPSON STREET and EDGEWATER STREET,  EDGEWATER STREET between FRONT STREET and CAMDEN STREET","Brooklyn","1, 14,","120, 70,","Film","Feature","United States of America","10304, 10305, 11226,"
"940717","Shooting Permit","05/05/2026 07:00:00 AM","05/05/2026 07:30:00 PM",,"Mayor's Office of Media & Entertainment","SOUTH    3 STREET between WYTHE AVENUE and BERRY STREET,  WYTHE AVENUE between SOUTH    3 STREET and SOUTH    5 STREET,  WYTHE AVENUE between SOUTH    3 STREET and SOUTH    2 STREET,  SOUTH    2 STREET between WYTHE AVENUE and BERRY STREET,  SOUTH    3 STREET between DRIGGS AVENUE and BEDFORD AVENUE,  GRAND STREET between WYTHE AVENUE and BERRY STREET,  WYTHE AVENUE between SOUTH    1 STREET and GRAND STREET,  WYTHE AVENUE between GRAND STREET and NORTH    1 STREET,  WYTHE AVENUE between NORTH    1 STREET and METROPOLITAN AVENUE,  METROPOLITAN AVENUE between WYTHE AVENUE and KENT AVENUE","Brooklyn","1,","90, 94,","Film","Feature","United States of America","11211, 11249,"
"834181","Shooting Permit","02/07/2025 01:30:00 PM","02/08/2025 02:30:00 AM",,"Mayor's Office of Media & Entertainment","SMITH STREET between HALLECK STREET and BAY STREET","Brooklyn","6,","76,","Film","Feature","United States of America","11231,"
"940718","Shooting Permit","05/06/2026 11:00:00 AM","05/06/2026 11:30:00 PM",,"Mayor's Office of Media & Entertainment","JEFFERSON STREET between BROADWAY and BUSHWICK AVENUE","Brooklyn","4,","83,","Film","Feature","United States of America","11206,"
"778160","Rigging Permit","04/21/2024 07:00:00 AM","04/21/2024 07:00:00 PM",,"Mayor's Office of Media & Entertainment","ADELPHI STREET between WILLOUGHBY AVENUE and DEKALB AVENUE","Brooklyn","2,","88,","Film","Feature","United States of America","11205,"
"806737","Shooting Permit","08/31/2024 06:00:00 AM","08/31/2024 03:00:00 PM",,"Mayor's Office of Media & Entertainment","EVERIT STREET between OLD FULTON STREET and DOUGHTY STREET","Brooklyn","2,","84,","Film","Short","United States of America","11201,"
"718094","Shooting Permit","05/30/2023 08:00:00 AM","05/30/2023 09:00:00 PM",,"Mayor's Office of Media & Entertainment","COVERT STREET between WYCKOFF AVENUE and IRVING AVENUE","Queens","5,","104,","Film","Feature","United States of America","11237, 11385,"
"812888","Shooting Permit","09/29/2024 07:00:00 AM","09/29/2024 10:00:00 PM",,"Mayor's Office of Media & Entertainment","STEWART AVENUE between JOHNSON AVENUE and INGRAHAM STREET","Brooklyn","1,","90,","Film","Feature","United States of America","11237,"
"814915","Shooting Permit","10/08/2024 08:00:00 AM","10/08/2024 10:00:00 PM",,"Mayor's Office of Media & Entertainment","MCGUINNESS BOULEVARD between MESEROLE AVENUE and NORMAN AVENUE","Brooklyn","1,","94,","Film","Feature","United States of America","11222,"
"877431","Shooting Permit",,"07/25/2025 03:00:00 AM",,"Mayor's Office of Media & Entertainment","WYTHE AVENUE between SOUTH    2 STREET and SOUTH    4 STREET,  SOUTH    5 STREET between KENT AVENUE and WYTHE AVENUE,  SOUTH    3 STREET between WYTHE AVENUE and BERRY STREET","Brooklyn","1,","90,","Film","Feature","United States of America","11249,"
"876307","Shooting Permit","07/14/2025 06:00:00 AM","07/14/2025 08:00:00 PM",,"Mayor's Office of Media & Entertainment","HARRY SUNA PLACE between QUEENS PLAZA SOUTH and 43 AVENUE,  43 AVENUE between 21 STREET and 22 STREET,  QUEENS PLAZA SOUTH between 21 STREET and 22 STREET,  21 STREET between 43 AVENUE and QUEENS PLAZA SOUTH","Queens","2,","108,","Film","Feature","United States of America","11101,"
"764044","Shooting Permit",,"02/24/2024 02:00:00 AM",,"Mayor's Office of Media & Entertainment","ALBEMARLE ROAD between DEAD END and BUCKINGHAM ROAD,  MARLBOROUGH ROAD between ALBEMARLE ROAD and CHURCH AVENUE,  MARLBOROUGH ROAD between ALBEMARLE ROAD and CHURCH AVENUE,  CHURCH AVENUE between MARLBOROUGH ROAD and BUCKINGHAM ROAD,  CHURCH AVENUE between BUCKINGHAM ROAD and EAST   18 STREET","Brooklyn","14,","70,","Film","Feature","United States of America","11226,"
"812885","Shooting Permit","09/28/2024 07:00:00 AM","09/28/2024 10:00:00 PM",,"Mayor's Office of Media & Entertainment","STEWART AVENUE between JOHNSON AVENUE and FLUSHING AVENUE","Brooklyn","1,","90,","Film","Feature","United States of America","11237,"
"854251","Shooting Permit","04/30/2025 10:00:00 AM","04/30/2025 08:00:00 PM",,"Mayor's Office of Media & Entertainment","BERGEN STREET between BROOKLYN AVENUE and KINGSTON AVENUE","Brooklyn","8,","77,","Film","Feature","United States of America","11213,"
"947306","Shooting Permit","05/27/2026 08:00:00 AM","05/27/2026 10:00:00 PM",,"Mayor's Office of Media & Entertainment","Lafayette Avenue  between Classon Avenue  and Franklin Avenue ,  CLASSON AVENUE between DEKALB AVENUE and CLIFTON PLACE,  CLIFTON PLACE between FRANKLIN AVENUE and BEDFORD AVENUE,  Franklin Avenue  between Lafayette Avenue and Greene Avenue,  CLIFTON PLACE between CLASSON AVENUE and FRANKLIN AVENUE","Brooklyn","2, 3,","79, 88,","Film","Feature","United States of America","11205, 11216, 11238,"
"800919","Shooting Permit","07/20/2024 09:00:00 AM","07/20/2024 11:59:00 PM",,"Mayor's Office of Media & Entertainment","VARET STREET between WHITE STREET and BOGART STREET","Brooklyn","1, 2,","84, 90,","Film","Short","United States of America","11206, 11217,"
"874869","Shooting Permit","07/08/2025 09:00:00 AM","07/08/2025 11:00:00 PM",,"Mayor's Office of Media & Entertainment","FRANKLIN STREET between KENT STREET and GREENPOINT AVENUE","Brooklyn","1,","94,","Film","Short","United States of America","11222,"
"846488","Shooting Permit","04/04/2025 07:00:00 AM","04/04/2025 09:00:00 PM",,"Mayor's Office of Media & Entertainment","83 STREET between DORAN AVENUE and COOPER AVENUE,  COOPER AVENUE between 84 STREET and 82 STREET","Queens","5,","104,","Film","Feature","United States of America","11385,"
"868166","Shooting Permit",,"06/09/2025 08:00:00 PM",,"Mayor's Office of Media & Entertainment","BUTLER STREET between SMITH STREET and HOYT STREET,  SMITH STREET between BUTLER STREET and BALTIC STREET,  SMITH STREET between BUTLER STREET and DOUGLASS STREET","Brooklyn","6,","76,","Film","Feature","United States of America","11201, 11231,"
"774294","Shooting Permit","04/18/2024 08:00:00 AM","04/18/2024 11:00:00 PM",,"Mayor's Office of Media & Entertainment","BEDFORD AVENUE between NORTH   12 STREET and LORIMER STREET,  WYTHE AVENUE between NORTH   13 STREET and NORTH   14 STREET,  NORTH   13 STREET between WYTHE AVENUE and BERRY STREET,  NORTH   14 STREET between WYTHE AVENUE and BERRY STREET,  BERRY STREET between NORTH   12 STREET and NORTH   14 STREET","Brooklyn","1,","94,","Film","Feature","United States of America","11222, 11249,"
"787726","Shooting Permit","05/31/2024 03:00:00 PM","06/01/2024 06:00:00 AM",,"Mayor's Office of Media & Entertainment","WASHINGTON PLACE between WASHINGTON SQUARE EAST and GREENE STREET,  WASHINGTON SQUARE NORTH between 5 AVENUE and WASHINGTON SQUARE EAST,  WASHINGTON SQUARE NORTH between 5 AVENUE and MACDOUGAL STREET,  WASHINGTON SQUARE SOUTH between THOMPSON STREET and SULLIVAN STREET,  WASHINGTON SQUARE SOUTH between SULLIVAN STREET and THOMPSON STREET,  WASHINGTON SQUARE SOUTH between WASHINGTON SQUARE WEST and SULLIVAN STREET,  WASHINGTON SQUARE WEST between WAVERLY PLACE and WEST WASHINGTON PLACE,  WEST WASHINGTON PLACE between 6 AVENUE and WASHINGTON SQUARE WEST,  WEST    4 STREET between 6 AVENUE and WASHINGTON SQUARE WEST,  6 AVENUE between WEST    8 STREET and WAVERLY PLACE,  6 AVENUE between WAVERLY PLACE and WEST    4 STREET,  6 AVENUE between WEST    4 STREET and WEST    3 STREET,  6 AVENUE between MINETTA LANE and MINETTA STREET","Brooklyn","2,","6, 88,","Film","Feature","United States of America","10003, 10011, 10012, 10014, 11251,"
"815692","Shooting Permit","10/12/2024 05:00:00 AM","10/12/2024 08:00:00 AM",,"Mayor's Office of Media & Entertainment","18 AVENUE between 65 STREET and 68 STREET","Brooklyn","11,","62,","Film","Feature","United States of America","11204,"
"834338","Shooting Permit","02/11/2025 06:00:00 AM","02/12/2025 01:00:00 AM",,"Mayor's Office of Media & Entertainment","BROADWAY between BEDFORD AVENUE and DRIGGS AVENUE,  SOUTH    6 STREET between BERRY STREET and BEDFORD AVENUE,  SOUTH    5 STREET between BEDFORD AVENUE and DRIGGS AVENUE,  BEDFORD AVENUE between SOUTH    6 STREET and SOUTH    5 STREET,  BEDFORD AVENUE between BROADWAY and SOUTH    8 STREET,  DRIGGS AVENUE between BROADWAY and SOUTH    5 STREET,  DRIGGS AVENUE between BROADWAY and SOUTH    8 STREET,  SOUTH    5 STREET between KENT AVENUE and WYTHE AVENUE,  BROADWAY between DRIGGS AVENUE and ROEBLING STREET,  BROADWAY between ROEBLING STREET and SOUTH    8 STREET,  SOUTH    8 STREET between ROEBLING STREET and BROADWAY,  ROEBLING STREET between SOUTH    8 STREET and LEE AVENUE,  DIVISION AVENUE between ROEBLING STREET and HAVEMEYER STREET","Brooklyn","1,","90,","Film","Feature","United States of America","11211, 11249,"
"764255","Shooting Permit","02/26/2024 10:00:00 AM","02/27/2024 02:00:00 AM",,"Mayor's Office of Media & Entertainment","WYTHE AVENUE between NORTH   11 STREET and NORTH   13 STREET,  NORTH   11 STREET between KENT AVENUE and WYTHE AVENUE,  KENT AVENUE between NORTH   10 STREET and NORTH   11 STREET","Brooklyn","1,","94,","Film","Feature","United States of America","11249,"
"705240","Shooting Permit","04/03/2023 07:00:00 AM","04/03/2023 10:00:00 PM",,"Mayor's Office of Media & Entertainment","KINGSLAND AVENUE between GREENPOINT AVENUE and NORMAN AVENUE","Brooklyn","1,","94,","Film","Feature","United States of America","11222,"
"876956","Shooting Permit","07/21/2025 06:30:00 AM","07/21/2025 08:30:00 PM",,"Mayor's Office of Media & Entertainment","JACKSON AVENUE between 44 DRIVE and QUEENS STREET,  PURVES STREET between JACKSON AVENUE and DEAD END,  HARRY SUNA PLACE between QUEENS PLAZA SOUTH and 43 AVENUE","Queens","2,","108,","Film","Feature","United States of America","11101,"
"817863","Shooting Permit","11/07/2024 07:00:00 AM","11/07/2024 06:00:00 PM",,"Mayor's Office of Media & Entertainment","ST EDWARDS STREET between MYRTLE AVENUE and WILLOUGHBY AVE","Brooklyn","2,","88,","Film","Feature","United States of America","11201,"
"792782","Shooting Permit","06/23/2024 08:00:00 AM","06/23/2024 09:00:00 PM",,"Mayor's Office of Media & Entertainment","BRIGHTON   14 STREET between RIEGELMANN BOARDWALK and BRIGHTON BEACH AVE,  BRIGHTON   15 STREET between BRIGHTON BEACH AVE and RIEGELMANN BOARDWALK","Brooklyn","13,","60,","Film","Short","United States of America","11224, 11235,"
"846041","Shooting Permit","04/02/2025 07:00:00 AM","04/02/2025 10:00:00 PM",,"Mayor's Office of Media & Entertainment","45 STREET between 43 AVENUE and QUEENS BOULEVARD,  46 STREET between QUEENS BOULEVARD and 43 AVENUE,  GREENPOINT AVENUE between 46 STREET and 47 STREET,  61 ST between QUEENS BOULEVARD and LAUREL HILL BLVD","Queens","2,","108,","Film","Feature","United States of America","11104, 11377,"
"772950","Shooting Permit","04/05/2024 08:00:00 AM","04/05/2024 06:00:00 PM",,"Mayor's Office of Media & Entertainment","AVENUE U between WEST    5 STREET and WEST    4 STREET","Brooklyn","11, 15,","61, 62,","Film","Feature","United States of America","11223,"
"817984","Rigging Permit","11/03/2024 06:00:00 AM","11/03/2024 07:00:00 PM",,"Mayor's Office of Media & Entertainment","WEST   15 STREET between MERMAID AVENUE and SURF AVENUE,  MERMAID AVENUE between WEST   15 STREET and STILLWELL AVENUE","Brooklyn","13,","60,","Film","Feature","United States of America","11224,"
"956092","Shooting Permit","06/18/2026 10:00:00 AM","06/19/2026 01:00:00 AM",,"Mayor's Office of Media & Entertainment","MIDWOOD STREET between FLATBUSH AVENUE and BEDFORD AVENUE,  Flatbush Avenue between Lincoln Rd and Hawthorne Street,  OCEAN AVENUE between LINCOLN ROAD and PARKSIDE AVENUE,  OCEAN AVENUE between LINCOLN ROAD and PARKSIDE AVENUE,  WASHINGTON AVENUE between EMPIRE BOULEVARD and STERLING STREET","Brooklyn","14, 55, 9,","70, 71, 78,","Film","Feature","United States of America","11215, 11225, 11226,"
"879376","Shooting Permit",,"08/01/2025 01:00:00 AM",,"Mayor's Office of Media & Entertainment","BEDFORD AVENUE between SOUTH    4 STREET and SOUTH    5 STREET,  SOUTH    4 STREET between BERRY STREET and DRIGGS AVENUE,  SOUTH    5 STREET between BEDFORD AVENUE and DRIGGS AVENUE,  SOUTH    3 STREET between BEDFORD AVENUE and DRIGGS AVENUE,  HARRY SUNA PLACE between QUEENS PLAZA SOUTH and 43 AVENUE,  24 STREET between 40 AVENUE and 41 AVENUE,  41 AVENUE between 22 STREET and 24 STREET,  22 STREET between 40 AVENUE and 41 AVENUE,  23 STREET between 41 AVENUE and QUEENS PLAZA NORTH,  23 STREET between 40 AVENUE and 41 AVENUE,  43 AVENUE between 21 STREET and 22 STREET","Queens","1, 2,","108, 114, 90,","Film","Feature","United States of America","11101, 11211, 11249,"
"903936","Shooting Permit","12/09/2025 10:00:00 AM","12/09/2025 11:00:00 PM",,"Mayor's Office of Media & Entertainment","MONITOR STREET between GREENPOINT AVENUE and NORMAN AVENUE,  KINGSLAND AVENUE between GREENPOINT AVENUE and NORMAN AVENUE,  WOODSIDE AVENUE between 61 STREET and 59 STREET,  61 STREET between WOODSIDE AVENUE and 43 AVENUE,  WOODSIDE AVENUE between 59 STREET and 60 STREET,  ROOSEVELT AVENUE between 61 STREET and 59 STREET,  61 STREET between ROOSEVELT AVENUE and WOODSIDE AVENUE,  WOODSIDE AVENUE between 63 STREET and 61 STREET","Brooklyn","1, 2,","108, 94,","Film","Feature","United States of America","11222, 11377,"
"818621","Rigging Permit","11/11/2024 06:00:00 AM","11/11/2024 07:00:00 PM",,"Mayor's Office of Media & Entertainment","SHELL ROAD between AVENUE X and BOUCK COURT","Brooklyn","13, 15,","60, 61,","Film","Feature","United States of America","11223,"
"751498","Shooting Permit","12/07/2023 06:00:00 AM","12/07/2023 11:00:00 PM",,"Mayor's Office of Media & Entertainment","LEONARD STREET between CALYER STREET and MESEROLE AVENUE","Brooklyn","1,","94,","Film","Short","United States of America","11222,"
"718097","Shooting Permit","05/31/2023 08:00:00 AM","05/31/2023 09:00:00 PM",,"Mayor's Office of Media & Entertainment","COVERT ST between WYCKOFF AVENUE and IRVING AVENUE","Queens","5,","104,","Film","Feature","United States of America","11237, 11385,"
"956431","Shooting Permit","06/22/2026 06:00:00 AM","06/22/2026 11:00:00 PM",,"Mayor's Office of Media & Entertainment","HAVEMEYER STREET between HOPE STREET and GRAND STREET,  GRAND STREET between HAVEMEYER STREET and MARCY AVENUE,  MARCY AVENUE between METROPOLITAN AVENUE and HOPE STREET,  MARCY AVENUE between GRAND STREET and SOUTH    1 STREET,  HOPE STREET between HAVEMEYER STREET and MARCY AVENUE,  KEAP STREET between UNION AVENUE and AINSLIE STREET","Brooklyn","1,","90,","Film","Feature","United States of America","11211,"
"824396","Shooting Permit","12/11/2024 07:00:00 AM","12/11/2024 10:00:00 PM",,"Mayor's Office of Media & Entertainment","32 PLACE between 47 AVENUE and 48 AVENUE","Queens","2,","108,","Film","Feature","United States of America","11101,"
"718105","Shooting Permit","06/16/2023 08:00:00 AM","06/16/2023 08:00:00 PM",,"Mayor's Office of Media & Entertainment","PRESIDENT STREET between SMITH STREET and HOYT STREET","Brooklyn","6,","76,","Film","Feature","United States of America","11231,"
"826206","Shooting Permit","01/07/2025 06:00:00 AM","01/07/2025 10:00:00 PM",,"Mayor's Office of Media & Entertainment","BUTLER STREET between 3 AVENUE and 4 AVENUE,  BALTIC STREET between 3 AVENUE and 4 AVENUE,  4 AVENUE between BALTIC STREET and DOUGLASS STREET,  DOUGLASS STREET between NEVINS STREET and 3 AVENUE,  3 AVENUE between BUTLER STREET and DEGRAW STREET,  DEGRAW STREET between NEVINS STREET and 3 AVENUE","Brooklyn","6,","78,","Film","Feature","United States of America","11217,"
"957715","Shooting Permit","06/26/2026 06:00:00 AM","06/26/2026 08:00:00 PM",,"Mayor's Office of Media & Entertainment","35 STREET between 34 AVENUE and 35 AVENUE,  35 AVENUE between 35 STREET and 36 STREET,  34 AVENUE between 35 STREET and 36 STREET","Queens","1,","114,","Film","Feature","United States of America","11106,"
"956445","Shooting Permit","06/26/2026 08:00:00 AM","06/27/2026 03:00:00 AM",,"Mayor's Office of Media & Entertainment","CHURCH AVENUE between MARLBOROUGH ROAD and EAST   17 STREET,  EAST   17 STREET between CATON AVENUE and CHURCH AVENUE,  MARLBOROUGH ROAD between CHURCH AVENUE and BEVERLEY ROAD,  BUCKINGHAM ROAD between CHURCH AVENUE and ALBEMARLE ROAD,  ALBERMARLE ROAD between BUCKINGHAM ROAD and MARLBOROUGH ROAD","Brooklyn","14,","70,","Film","Feature","United States of America","11226,"
"841271","Shooting Permit","03/17/2025 06:00:00 AM","03/17/2025 11:59:00 PM",,"Mayor's Office of Media & Entertainment","REVIEW AVENUE between 35 STREET and 29 STREET,  35 STREET between REVIEW AVENUE and VAN DAM STREET,  STARR AVENUE between BORDEN AVENUE and 31 PLACE","Queens","2,","108,","Film","Feature","United States of America","11101,"
"812896","Shooting Permit","10/01/2024 07:00:00 AM","10/01/2024 10:00:00 PM",,"Mayor's Office of Media & Entertainment","STEWART AVENUE between JOHNSON AVENUE and FLUSHING AVENUE","Brooklyn","1,","90,","Film","Feature","United States of America","11237,"
"959213","Shooting Permit","07/02/2026 06:00:00 AM","07/02/2026 08:00:00 PM",,"Mayor's Office of Media & Entertainment","35 STREET between 34 AVENUE and 35 AVENUE,  35 AVENUE between 35 STREET and 36 STREET,  34 AVENUE between 35 STREET and 36 STREET","Queens","1,","114,","Film","Feature","United States of America","11106,"
